device_type,os_version_key,name,typed_value
Mac,"(11, 0, 1)",ec-version,1.0
Mac,"(11, 0, 1)",is-c2k-equipment,False
Mac,"(11, 0, 1)",kt-version,4.0
Mac,"(11, 0, 1)",nicknames-version,
Mac,"(11, 0, 1)",optionally-receive-typing-indicators,
Mac,"(11, 0, 1)",prefers-sdr,
Mac,"(11, 0, 1)",show-peer-errors,
Mac,"(11, 0, 1)",supports-ack-v1,
Mac,"(11, 0, 1)",supports-animoji-v2,True
Mac,"(11, 0, 1)",supports-audio-messaging-v2,
Mac,"(11, 0, 1)",supports-autoloopvideo-v1,
Mac,"(11, 0, 1)",supports-be-v1,
Mac,"(11, 0, 1)",supports-ca-v1,
Mac,"(11, 0, 1)",supports-certified-delivery-v1,
Mac,"(11, 0, 1)",supports-fm-fence-v1,
Mac,"(11, 0, 1)",supports-fmd-v2,
Mac,"(11, 0, 1)",supports-fsm-v1,
Mac,"(11, 0, 1)",supports-fsm-v2,
Mac,"(11, 0, 1)",supports-fsm-v3,
Mac,"(11, 0, 1)",supports-harmony,False
Mac,"(11, 0, 1)",supports-hdr,True
Mac,"(11, 0, 1)",supports-heif,True
Mac,"(11, 0, 1)",supports-ii-v1,
Mac,"(11, 0, 1)",supports-impact-v1,
Mac,"(11, 0, 1)",supports-incoming-fmd-v1,
Mac,"(11, 0, 1)",supports-inline-attachments,
Mac,"(11, 0, 1)",supports-keep-receipts,
Mac,"(11, 0, 1)",supports-key-sharing,
Mac,"(11, 0, 1)",supports-live-delivery,
Mac,"(11, 0, 1)",supports-location-sharing,
Mac,"(11, 0, 1)",supports-media-v2,
Mac,"(11, 0, 1)",supports-original-timestamp-v1,
Mac,"(11, 0, 1)",supports-photos-extension-v1,
Mac,"(11, 0, 1)",supports-protobuf-payload-data-v2,
Mac,"(11, 0, 1)",supports-screen-time-v2,
Mac,"(11, 0, 1)",supports-st-v1,
Mac,"(11, 0, 1)",supports-update-attachments-v1,
Mac,"(12, 0, 1)",ec-version,1.0
Mac,"(12, 0, 1)",is-c2k-equipment,False
Mac,"(12, 0, 1)",is-green-tea,
Mac,"(12, 0, 1)",kt-version,4.0
Mac,"(12, 0, 1)",nicknames-version,
Mac,"(12, 0, 1)",optionally-receive-typing-indicators,
Mac,"(12, 0, 1)",prefers-sdr,
Mac,"(12, 0, 1)",show-peer-errors,
Mac,"(12, 0, 1)",supports-ack-v1,
Mac,"(12, 0, 1)",supports-animoji-v2,True
Mac,"(12, 0, 1)",supports-audio-messaging-v2,
Mac,"(12, 0, 1)",supports-autoloopvideo-v1,
Mac,"(12, 0, 1)",supports-be-v1,
Mac,"(12, 0, 1)",supports-beacon-sharing-v2,
Mac,"(12, 0, 1)",supports-ca-v1,
Mac,"(12, 0, 1)",supports-certified-delivery-v1,
Mac,"(12, 0, 1)",supports-co,
Mac,"(12, 0, 1)",supports-dq-nr,
Mac,"(12, 0, 1)",supports-fm-fence-v1,
Mac,"(12, 0, 1)",supports-fmd-v2,
Mac,"(12, 0, 1)",supports-fsm-v1,
Mac,"(12, 0, 1)",supports-fsm-v2,
Mac,"(12, 0, 1)",supports-fsm-v3,
Mac,"(12, 0, 1)",supports-gft-calls,
Mac,"(12, 0, 1)",supports-gft-errors,
Mac,"(12, 0, 1)",supports-harmony,False
Mac,"(12, 0, 1)",supports-hdr,True
Mac,"(12, 0, 1)",supports-heif,True
Mac,"(12, 0, 1)",supports-hk-resident,
Mac,"(12, 0, 1)",supports-ii-v1,
Mac,"(12, 0, 1)",supports-impact-v1,
Mac,"(12, 0, 1)",supports-incoming-fmd-v1,
Mac,"(12, 0, 1)",supports-inline-attachments,
Mac,"(12, 0, 1)",supports-keep-receipts,
Mac,"(12, 0, 1)",supports-key-sharing,
Mac,"(12, 0, 1)",supports-live-delivery,
Mac,"(12, 0, 1)",supports-location-sharing,
Mac,"(12, 0, 1)",supports-maps-routing-path-leg,
Mac,"(12, 0, 1)",supports-media-v2,
Mac,"(12, 0, 1)",supports-modern-gft,
Mac,"(12, 0, 1)",supports-original-timestamp-v1,
Mac,"(12, 0, 1)",supports-photos-extension-v1,
Mac,"(12, 0, 1)",supports-photos-extension-v2,
Mac,"(12, 0, 1)",supports-protobuf-payload-data-v2,
Mac,"(12, 0, 1)",supports-sa-v1,
Mac,"(12, 0, 1)",supports-screen-time-v2,
Mac,"(12, 0, 1)",supports-secure-loc-v1,
Mac,"(12, 0, 1)",supports-st-v1,
Mac,"(12, 0, 1)",supports-update-attachments-v1,
Mac,"(12, 0, 1)",supports-uwb,False
Mac,"(13, 0)",device-key-signature,
Mac,"(13, 0)",ec-version,1.0
Mac,"(13, 0)",is-c2k-equipment,False
Mac,"(13, 0)",is-green-tea,
Mac,"(13, 0)",is-web-client,
Mac,"(13, 0)",kt-version,4.0
Mac,"(13, 0)",nicknames-version,
Mac,"(13, 0)",optionally-receive-typing-indicators,
Mac,"(13, 0)",prefers-sdr,
Mac,"(13, 0)",show-peer-errors,
Mac,"(13, 0)",supports-ack-v1,
Mac,"(13, 0)",supports-animoji-v2,True
Mac,"(13, 0)",supports-audio-messaging-v2,
Mac,"(13, 0)",supports-autoloopvideo-v1,
Mac,"(13, 0)",supports-avless,
Mac,"(13, 0)",supports-be-v1,
Mac,"(13, 0)",supports-beacon-sharing-v2,
Mac,"(13, 0)",supports-beneficiary-invites,
Mac,"(13, 0)",supports-ca-v1,
Mac,"(13, 0)",supports-certified-delivery-v1,
Mac,"(13, 0)",supports-co,
Mac,"(13, 0)",supports-cross-platform-sharing,
Mac,"(13, 0)",supports-dq-nr,
Mac,"(13, 0)",supports-family-invite-message-bubble,
Mac,"(13, 0)",supports-fm-fence-v1,
Mac,"(13, 0)",supports-fmd-v2,
Mac,"(13, 0)",supports-fsm-v1,
Mac,"(13, 0)",supports-fsm-v2,
Mac,"(13, 0)",supports-fsm-v3,
Mac,"(13, 0)",supports-gft-calls,
Mac,"(13, 0)",supports-gft-errors,
Mac,"(13, 0)",supports-harmony,False
Mac,"(13, 0)",supports-hdr,True
Mac,"(13, 0)",supports-heif,True
Mac,"(13, 0)",supports-hk-resident,
Mac,"(13, 0)",supports-ii-v1,
Mac,"(13, 0)",supports-impact-v1,
Mac,"(13, 0)",supports-incoming-fmd-v1,
Mac,"(13, 0)",supports-inline-attachments,
Mac,"(13, 0)",supports-keep-receipts,
Mac,"(13, 0)",supports-key-sharing,
Mac,"(13, 0)",supports-live-delivery,
Mac,"(13, 0)",supports-location-sharing,
Mac,"(13, 0)",supports-maps-protocol-v5,
Mac,"(13, 0)",supports-maps-routing-path-leg,
Mac,"(13, 0)",supports-maps-waypoint-route-sharing,
Mac,"(13, 0)",supports-media-v2,
Mac,"(13, 0)",supports-mirage,
Mac,"(13, 0)",supports-modern-gft,
Mac,"(13, 0)",supports-original-timestamp-v1,
Mac,"(13, 0)",supports-people-request-messages,
Mac,"(13, 0)",supports-photos-extension-v1,
Mac,"(13, 0)",supports-photos-extension-v2,
Mac,"(13, 0)",supports-protobuf-payload-data-v2,
Mac,"(13, 0)",supports-rem,
Mac,"(13, 0)",supports-sa-v1,
Mac,"(13, 0)",supports-screen-time-v2,
Mac,"(13, 0)",supports-secure-loc-v1,
Mac,"(13, 0)",supports-self-one-to-one-invites,
Mac,"(13, 0)",supports-shared-exp,
Mac,"(13, 0)",supports-st-er,
Mac,"(13, 0)",supports-st-v1,
Mac,"(13, 0)",supports-update-attachments-v1,
Mac,"(13, 0)",supports-uwb,False
Mac,"(14, 0)",device-key-signature,
Mac,"(14, 0)",ec-version,1.0
Mac,"(14, 0)",is-c2k-equipment,False
Mac,"(14, 0)",is-green-tea,
Mac,"(14, 0)",is-web-client,
Mac,"(14, 0)",kt-version,5.0
Mac,"(14, 0)",nicknames-version,
Mac,"(14, 0)",optionally-receive-typing-indicators,
Mac,"(14, 0)",prefers-sdr,
Mac,"(14, 0)",show-peer-errors,
Mac,"(14, 0)",supports-ack-v1,
Mac,"(14, 0)",supports-animoji-v2,True
Mac,"(14, 0)",supports-askto,
Mac,"(14, 0)",supports-audio-messaging-v2,
Mac,"(14, 0)",supports-autoloopvideo-v1,
Mac,"(14, 0)",supports-avless,
Mac,"(14, 0)",supports-be-v1,
Mac,"(14, 0)",supports-beacon-sharing-v2,
Mac,"(14, 0)",supports-beacon-sharing-v3,
Mac,"(14, 0)",supports-beneficiary-invites,
Mac,"(14, 0)",supports-ca-v1,
Mac,"(14, 0)",supports-certified-delivery-v1,
Mac,"(14, 0)",supports-co,
Mac,"(14, 0)",supports-cross-platform-sharing,
Mac,"(14, 0)",supports-dq-nr,
Mac,"(14, 0)",supports-emoji-stickers,
Mac,"(14, 0)",supports-family-invite-message-bubble,
Mac,"(14, 0)",supports-findmy-plugin-messages,
Mac,"(14, 0)",supports-fm-fence-v1,
Mac,"(14, 0)",supports-fmd-v2,
Mac,"(14, 0)",supports-fsm-v1,
Mac,"(14, 0)",supports-fsm-v2,
Mac,"(14, 0)",supports-fsm-v3,
Mac,"(14, 0)",supports-gft-calls,
Mac,"(14, 0)",supports-gft-errors,
Mac,"(14, 0)",supports-gft-relay,
Mac,"(14, 0)",supports-harmony,False
Mac,"(14, 0)",supports-hdr,True
Mac,"(14, 0)",supports-heif,True
Mac,"(14, 0)",supports-hi-res-vid,
Mac,"(14, 0)",supports-hk-resident,
Mac,"(14, 0)",supports-hybrid-groups-v1,
Mac,"(14, 0)",supports-ii-v1,
Mac,"(14, 0)",supports-impact-v1,
Mac,"(14, 0)",supports-incoming-fmd-v1,
Mac,"(14, 0)",supports-inline-attachments,
Mac,"(14, 0)",supports-keep-receipts,
Mac,"(14, 0)",supports-key-sharing,
Mac,"(14, 0)",supports-live-delivery,
Mac,"(14, 0)",supports-location-sharing,
Mac,"(14, 0)",supports-maps-protocol-v5,
Mac,"(14, 0)",supports-maps-routing-path-leg,
Mac,"(14, 0)",supports-maps-waypoint-route-sharing,
Mac,"(14, 0)",supports-media-v2,
Mac,"(14, 0)",supports-mirage,
Mac,"(14, 0)",supports-modern-gft,
Mac,"(14, 0)",supports-original-timestamp-v1,
Mac,"(14, 0)",supports-people-ranging-v1,
Mac,"(14, 0)",supports-people-request-messages,
Mac,"(14, 0)",supports-people-request-messages-v2,
Mac,"(14, 0)",supports-people-request-messages-v3,
Mac,"(14, 0)",supports-photos-extension-v1,
Mac,"(14, 0)",supports-photos-extension-v2,
Mac,"(14, 0)",supports-protobuf-payload-data-v2,
Mac,"(14, 0)",supports-recurring-payment-bubbles,
Mac,"(14, 0)",supports-rem,
Mac,"(14, 0)",supports-sa-v1,
Mac,"(14, 0)",supports-screen-time-v2,
Mac,"(14, 0)",supports-secure-loc-v1,
Mac,"(14, 0)",supports-self-one-to-one-invites,
Mac,"(14, 0)",supports-shared-exp,
Mac,"(14, 0)",supports-sos-alerting,
Mac,"(14, 0)",supports-st-er,
Mac,"(14, 0)",supports-st-v1,
Mac,"(14, 0)",supports-sticker-editing,
Mac,"(14, 0)",supports-update-attachments-v1,
Mac,"(14, 0)",supports-uwb,False
Mac,"(14, 0)",supports-zelkova,False
Mac,"(14, 3)",device-key-signature,
Mac,"(14, 3)",ec-version,1.0
Mac,"(14, 3)",is-c2k-equipment,False
Mac,"(14, 3)",is-green-tea,
Mac,"(14, 3)",is-web-client,
Mac,"(14, 3)",kt-version,5.0
Mac,"(14, 3)",nicknames-version,
Mac,"(14, 3)",optionally-receive-typing-indicators,
Mac,"(14, 3)",prefers-sdr,
Mac,"(14, 3)",show-peer-errors,
Mac,"(14, 3)",supports-ack-v1,
Mac,"(14, 3)",supports-animoji-v2,True
Mac,"(14, 3)",supports-askto,
Mac,"(14, 3)",supports-audio-messaging-v2,
Mac,"(14, 3)",supports-autoloopvideo-v1,
Mac,"(14, 3)",supports-avless,
Mac,"(14, 3)",supports-be-v1,
Mac,"(14, 3)",supports-beacon-sharing-v2,
Mac,"(14, 3)",supports-beacon-sharing-v3,
Mac,"(14, 3)",supports-beneficiary-invites,
Mac,"(14, 3)",supports-ca-v1,
Mac,"(14, 3)",supports-certified-delivery-v1,
Mac,"(14, 3)",supports-co,
Mac,"(14, 3)",supports-cross-platform-sharing,
Mac,"(14, 3)",supports-dq-nr,
Mac,"(14, 3)",supports-emoji-stickers,
Mac,"(14, 3)",supports-family-invite-message-bubble,
Mac,"(14, 3)",supports-findmy-plugin-messages,
Mac,"(14, 3)",supports-fm-fence-v1,
Mac,"(14, 3)",supports-fmd-v2,
Mac,"(14, 3)",supports-fsm-v1,
Mac,"(14, 3)",supports-fsm-v2,
Mac,"(14, 3)",supports-fsm-v3,
Mac,"(14, 3)",supports-gft-calls,
Mac,"(14, 3)",supports-gft-errors,
Mac,"(14, 3)",supports-gft-relay,
Mac,"(14, 3)",supports-harmony,False
Mac,"(14, 3)",supports-hdr,True
Mac,"(14, 3)",supports-heif,True
Mac,"(14, 3)",supports-hi-res-vid,
Mac,"(14, 3)",supports-hk-resident,
Mac,"(14, 3)",supports-hybrid-groups-v1,
Mac,"(14, 3)",supports-ii-v1,
Mac,"(14, 3)",supports-impact-v1,
Mac,"(14, 3)",supports-incoming-fmd-v1,
Mac,"(14, 3)",supports-inline-attachments,
Mac,"(14, 3)",supports-keep-receipts,
Mac,"(14, 3)",supports-key-sharing,
Mac,"(14, 3)",supports-live-delivery,
Mac,"(14, 3)",supports-location-sharing,
Mac,"(14, 3)",supports-maps-protocol-v5,
Mac,"(14, 3)",supports-maps-routing-path-leg,
Mac,"(14, 3)",supports-maps-waypoint-route-sharing,
Mac,"(14, 3)",supports-media-v2,
Mac,"(14, 3)",supports-mirage,
Mac,"(14, 3)",supports-modern-gft,
Mac,"(14, 3)",supports-original-timestamp-v1,
Mac,"(14, 3)",supports-people-ranging-v1,
Mac,"(14, 3)",supports-people-request-messages,
Mac,"(14, 3)",supports-people-request-messages-v2,
Mac,"(14, 3)",supports-people-request-messages-v3,
Mac,"(14, 3)",supports-photos-extension-v1,
Mac,"(14, 3)",supports-photos-extension-v2,
Mac,"(14, 3)",supports-protobuf-payload-data-v2,
Mac,"(14, 3)",supports-recurring-payment-bubbles,
Mac,"(14, 3)",supports-rem,
Mac,"(14, 3)",supports-sa-v1,
Mac,"(14, 3)",supports-screen-time-v2,
Mac,"(14, 3)",supports-secure-loc-v1,
Mac,"(14, 3)",supports-self-one-to-one-invites,
Mac,"(14, 3)",supports-shared-exp,
Mac,"(14, 3)",supports-sos-alerting,
Mac,"(14, 3)",supports-st-er,
Mac,"(14, 3)",supports-st-v1,
Mac,"(14, 3)",supports-sticker-editing,
Mac,"(14, 3)",supports-update-attachments-v1,
Mac,"(14, 3)",supports-uwb,False
Mac,"(14, 3)",supports-zelkova,False
Mac,"(14, 4)",device-key-signature,
Mac,"(14, 4)",ec-version,1.0
Mac,"(14, 4)",is-c2k-equipment,False
Mac,"(14, 4)",is-green-tea,
Mac,"(14, 4)",is-web-client,
Mac,"(14, 4)",kt-version,5.0
Mac,"(14, 4)",nicknames-version,
Mac,"(14, 4)",optionally-receive-typing-indicators,
Mac,"(14, 4)",prefers-sdr,
Mac,"(14, 4)",show-peer-errors,
Mac,"(14, 4)",supports-ack-v1,
Mac,"(14, 4)",supports-animoji-v2,True
Mac,"(14, 4)",supports-askto,
Mac,"(14, 4)",supports-audio-messaging-v2,
Mac,"(14, 4)",supports-autoloopvideo-v1,
Mac,"(14, 4)",supports-avless,
Mac,"(14, 4)",supports-be-v1,
Mac,"(14, 4)",supports-beacon-sharing-v2,
Mac,"(14, 4)",supports-beacon-sharing-v3,
Mac,"(14, 4)",supports-beneficiary-invites,
Mac,"(14, 4)",supports-ca-v1,
Mac,"(14, 4)",supports-certified-delivery-v1,
Mac,"(14, 4)",supports-co,
Mac,"(14, 4)",supports-cross-platform-sharing,
Mac,"(14, 4)",supports-dq-nr,
Mac,"(14, 4)",supports-emoji-stickers,
Mac,"(14, 4)",supports-family-invite-message-bubble,
Mac,"(14, 4)",supports-findmy-plugin-messages,
Mac,"(14, 4)",supports-fm-fence-v1,
Mac,"(14, 4)",supports-fmd-v2,
Mac,"(14, 4)",supports-fsm-v1,
Mac,"(14, 4)",supports-fsm-v2,
Mac,"(14, 4)",supports-fsm-v3,
Mac,"(14, 4)",supports-gft-calls,
Mac,"(14, 4)",supports-gft-errors,
Mac,"(14, 4)",supports-gft-relay,
Mac,"(14, 4)",supports-group-photo-refresh-version,
Mac,"(14, 4)",supports-harmony,False
Mac,"(14, 4)",supports-hdr,True
Mac,"(14, 4)",supports-heif,True
Mac,"(14, 4)",supports-hi-res-vid,
Mac,"(14, 4)",supports-hk-resident,
Mac,"(14, 4)",supports-hybrid-groups-v1,
Mac,"(14, 4)",supports-ii-v1,
Mac,"(14, 4)",supports-impact-v1,
Mac,"(14, 4)",supports-incoming-fmd-v1,
Mac,"(14, 4)",supports-inline-attachments,
Mac,"(14, 4)",supports-keep-receipts,
Mac,"(14, 4)",supports-key-sharing,
Mac,"(14, 4)",supports-live-delivery,
Mac,"(14, 4)",supports-location-sharing,
Mac,"(14, 4)",supports-maps-protocol-v5,
Mac,"(14, 4)",supports-maps-routing-path-leg,
Mac,"(14, 4)",supports-maps-waypoint-route-sharing,
Mac,"(14, 4)",supports-media-v2,
Mac,"(14, 4)",supports-mirage,
Mac,"(14, 4)",supports-modern-gft,
Mac,"(14, 4)",supports-original-timestamp-v1,
Mac,"(14, 4)",supports-people-ranging-v1,
Mac,"(14, 4)",supports-people-request-messages,
Mac,"(14, 4)",supports-people-request-messages-v2,
Mac,"(14, 4)",supports-people-request-messages-v3,
Mac,"(14, 4)",supports-photos-extension-v1,
Mac,"(14, 4)",supports-photos-extension-v2,
Mac,"(14, 4)",supports-protobuf-payload-data-v2,
Mac,"(14, 4)",supports-recurring-payment-bubbles,
Mac,"(14, 4)",supports-rem,
Mac,"(14, 4)",supports-sa-v1,
Mac,"(14, 4)",supports-screen-time-v2,
Mac,"(14, 4)",supports-secure-loc-v1,
Mac,"(14, 4)",supports-self-one-to-one-invites,
Mac,"(14, 4)",supports-shared-exp,
Mac,"(14, 4)",supports-sos-alerting,
Mac,"(14, 4)",supports-st-er,
Mac,"(14, 4)",supports-st-v1,
Mac,"(14, 4)",supports-sticker-editing,
Mac,"(14, 4)",supports-update-attachments-v1,
Mac,"(14, 4)",supports-uwb,False
Mac,"(14, 4)",supports-zelkova,True
Mac,"(14, 6)",device-key-signature,
Mac,"(14, 6)",ec-version,1.0
Mac,"(14, 6)",is-c2k-equipment,False
Mac,"(14, 6)",is-green-tea,
Mac,"(14, 6)",is-web-client,
Mac,"(14, 6)",kt-version,5.0
Mac,"(14, 6)",nicknames-version,
Mac,"(14, 6)",optionally-receive-typing-indicators,
Mac,"(14, 6)",prefers-sdr,
Mac,"(14, 6)",show-peer-errors,
Mac,"(14, 6)",supports-ack-v1,
Mac,"(14, 6)",supports-animoji-v2,True
Mac,"(14, 6)",supports-askto,
Mac,"(14, 6)",supports-audio-messaging-v2,
Mac,"(14, 6)",supports-autoloopvideo-v1,
Mac,"(14, 6)",supports-avless,
Mac,"(14, 6)",supports-be-v1,
Mac,"(14, 6)",supports-beacon-sharing-v2,
Mac,"(14, 6)",supports-beacon-sharing-v3,
Mac,"(14, 6)",supports-beneficiary-invites,
Mac,"(14, 6)",supports-ca-v1,
Mac,"(14, 6)",supports-certified-delivery-v1,
Mac,"(14, 6)",supports-co,
Mac,"(14, 6)",supports-cross-platform-sharing,
Mac,"(14, 6)",supports-dq-nr,
Mac,"(14, 6)",supports-emoji-stickers,
Mac,"(14, 6)",supports-family-invite-message-bubble,
Mac,"(14, 6)",supports-findmy-plugin-messages,
Mac,"(14, 6)",supports-fm-fence-v1,
Mac,"(14, 6)",supports-fmd-v2,
Mac,"(14, 6)",supports-fsm-v1,
Mac,"(14, 6)",supports-fsm-v2,
Mac,"(14, 6)",supports-fsm-v3,
Mac,"(14, 6)",supports-gft-calls,
Mac,"(14, 6)",supports-gft-errors,
Mac,"(14, 6)",supports-gft-relay,
Mac,"(14, 6)",supports-group-photo-refresh-version,
Mac,"(14, 6)",supports-harmony,False
Mac,"(14, 6)",supports-hdr,True
Mac,"(14, 6)",supports-heif,True
Mac,"(14, 6)",supports-hi-res-vid,
Mac,"(14, 6)",supports-hk-resident,
Mac,"(14, 6)",supports-hybrid-groups-v1,
Mac,"(14, 6)",supports-ii-v1,
Mac,"(14, 6)",supports-impact-v1,
Mac,"(14, 6)",supports-incoming-fmd-v1,
Mac,"(14, 6)",supports-inline-attachments,
Mac,"(14, 6)",supports-keep-receipts,
Mac,"(14, 6)",supports-key-sharing,
Mac,"(14, 6)",supports-live-delivery,
Mac,"(14, 6)",supports-location-sharing,
Mac,"(14, 6)",supports-maps-protocol-v5,
Mac,"(14, 6)",supports-maps-routing-path-leg,
Mac,"(14, 6)",supports-maps-waypoint-route-sharing,
Mac,"(14, 6)",supports-media-v2,
Mac,"(14, 6)",supports-mirage,
Mac,"(14, 6)",supports-modern-gft,
Mac,"(14, 6)",supports-original-timestamp-v1,
Mac,"(14, 6)",supports-people-ranging-v1,
Mac,"(14, 6)",supports-people-request-messages,
Mac,"(14, 6)",supports-people-request-messages-v2,
Mac,"(14, 6)",supports-people-request-messages-v3,
Mac,"(14, 6)",supports-photos-extension-v1,
Mac,"(14, 6)",supports-photos-extension-v2,
Mac,"(14, 6)",supports-protobuf-payload-data-v2,
Mac,"(14, 6)",supports-recurring-payment-bubbles,
Mac,"(14, 6)",supports-rem,
Mac,"(14, 6)",supports-sa-v1,
Mac,"(14, 6)",supports-screen-time-v2,
Mac,"(14, 6)",supports-secure-loc-v1,
Mac,"(14, 6)",supports-self-one-to-one-invites,
Mac,"(14, 6)",supports-shared-exp,
Mac,"(14, 6)",supports-sos-alerting,
Mac,"(14, 6)",supports-st-er,
Mac,"(14, 6)",supports-st-v1,
Mac,"(14, 6)",supports-sticker-editing,
Mac,"(14, 6)",supports-update-attachments-v1,
Mac,"(14, 6)",supports-uwb,False
Mac,"(14, 6)",supports-zelkova,True
Mac,"(15, 0)",device-key-signature,
Mac,"(15, 0)",ec-version,1.0
Mac,"(15, 0)",is-c2k-equipment,False
Mac,"(15, 0)",is-green-tea,
Mac,"(15, 0)",is-web-client,
Mac,"(15, 0)",kt-version,5.0
Mac,"(15, 0)",nicknames-version,
Mac,"(15, 0)",optionally-receive-typing-indicators,
Mac,"(15, 0)",prefers-sdr,
Mac,"(15, 0)",sender-key-message-version,
Mac,"(15, 0)",show-peer-errors,
Mac,"(15, 0)",supports-ack-v1,
Mac,"(15, 0)",supports-animoji-v2,True
Mac,"(15, 0)",supports-askto,
Mac,"(15, 0)",supports-audio-messaging-v2,
Mac,"(15, 0)",supports-autoloopvideo-v1,
Mac,"(15, 0)",supports-avless,
Mac,"(15, 0)",supports-be-v1,
Mac,"(15, 0)",supports-beacon-sharing-v2,
Mac,"(15, 0)",supports-beacon-sharing-v3,
Mac,"(15, 0)",supports-beneficiary-invites,
Mac,"(15, 0)",supports-ca-v1,
Mac,"(15, 0)",supports-certified-delivery-v1,
Mac,"(15, 0)",supports-co,
Mac,"(15, 0)",supports-cross-platform-sharing,
Mac,"(15, 0)",supports-dq-nr,
Mac,"(15, 0)",supports-emoji-images,
Mac,"(15, 0)",supports-emoji-stickers,
Mac,"(15, 0)",supports-emoji-tapbacks,
Mac,"(15, 0)",supports-family-invite-message-bubble,
Mac,"(15, 0)",supports-findmy-plugin-messages,
Mac,"(15, 0)",supports-fm-fence-v1,
Mac,"(15, 0)",supports-fmd-v2,
Mac,"(15, 0)",supports-fsm-v1,
Mac,"(15, 0)",supports-fsm-v2,
Mac,"(15, 0)",supports-fsm-v3,
Mac,"(15, 0)",supports-gft-calls,
Mac,"(15, 0)",supports-gft-errors,
Mac,"(15, 0)",supports-gft-relay,
Mac,"(15, 0)",supports-group-photo-refresh-version,
Mac,"(15, 0)",supports-harmony,False
Mac,"(15, 0)",supports-hdr,True
Mac,"(15, 0)",supports-heif,True
Mac,"(15, 0)",supports-hi-res-vid,
Mac,"(15, 0)",supports-high-quality-photo-file-sizes,
Mac,"(15, 0)",supports-hk-resident,
Mac,"(15, 0)",supports-hybrid-groups-v1,
Mac,"(15, 0)",supports-ii-v1,
Mac,"(15, 0)",supports-impact-v1,
Mac,"(15, 0)",supports-incoming-fmd-v1,
Mac,"(15, 0)",supports-inline-attachments,
Mac,"(15, 0)",supports-keep-receipts,
Mac,"(15, 0)",supports-key-sharing,
Mac,"(15, 0)",supports-live-delivery,
Mac,"(15, 0)",supports-location-sharing,
Mac,"(15, 0)",supports-manatee-activity-sharing,
Mac,"(15, 0)",supports-maps-protocol-v5,
Mac,"(15, 0)",supports-maps-routing-path-leg,
Mac,"(15, 0)",supports-maps-waypoint-route-sharing,
Mac,"(15, 0)",supports-media-v2,
Mac,"(15, 0)",supports-mirage,
Mac,"(15, 0)",supports-modern-gft,
Mac,"(15, 0)",supports-original-timestamp-v1,
Mac,"(15, 0)",supports-people-ranging-v1,
Mac,"(15, 0)",supports-people-request-messages,
Mac,"(15, 0)",supports-people-request-messages-v2,
Mac,"(15, 0)",supports-people-request-messages-v3,
Mac,"(15, 0)",supports-photos-extension-v1,
Mac,"(15, 0)",supports-photos-extension-v2,
Mac,"(15, 0)",supports-protobuf-payload-data-v2,
Mac,"(15, 0)",supports-recurring-payment-bubbles,
Mac,"(15, 0)",supports-rem,
Mac,"(15, 0)",supports-remote-atv-signin,
Mac,"(15, 0)",supports-restricted-guest,
Mac,"(15, 0)",supports-sa-v1,
Mac,"(15, 0)",supports-screen-time-v2,
Mac,"(15, 0)",supports-secure-loc-v1,
Mac,"(15, 0)",supports-self-one-to-one-invites,
Mac,"(15, 0)",supports-send-later-messages,
Mac,"(15, 0)",supports-sender-key-v1,
Mac,"(15, 0)",supports-shared-exp,
Mac,"(15, 0)",supports-sos-alerting,
Mac,"(15, 0)",supports-ssrc,
Mac,"(15, 0)",supports-st-er,
Mac,"(15, 0)",supports-st-v1,
Mac,"(15, 0)",supports-stewie,False
Mac,"(15, 0)",supports-stick-moji-backs,
Mac,"(15, 0)",supports-sticker-editing,
Mac,"(15, 0)",supports-update-attachments-v1,
Mac,"(15, 0)",supports-uwb,False
Mac,"(15, 0)",supports-zelkova,True
Mac,"(15, 1)",device-key-signature,
Mac,"(15, 1)",ec-version,1.0
Mac,"(15, 1)",is-c2k-equipment,False
Mac,"(15, 1)",is-green-tea,
Mac,"(15, 1)",is-web-client,
Mac,"(15, 1)",kt-version,5.0
Mac,"(15, 1)",nicknames-version,
Mac,"(15, 1)",optionally-receive-typing-indicators,
Mac,"(15, 1)",prefers-sdr,
Mac,"(15, 1)",sender-key-message-version,
Mac,"(15, 1)",show-peer-errors,
Mac,"(15, 1)",supports-ack-v1,
Mac,"(15, 1)",supports-animoji-v2,True
Mac,"(15, 1)",supports-askto,
Mac,"(15, 1)",supports-audio-messaging-v2,
Mac,"(15, 1)",supports-autoloopvideo-v1,
Mac,"(15, 1)",supports-avless,
Mac,"(15, 1)",supports-be-v1,
Mac,"(15, 1)",supports-beacon-sharing-v2,
Mac,"(15, 1)",supports-beacon-sharing-v3,
Mac,"(15, 1)",supports-beneficiary-invites,
Mac,"(15, 1)",supports-ca-v1,
Mac,"(15, 1)",supports-certified-delivery-v1,
Mac,"(15, 1)",supports-co,
Mac,"(15, 1)",supports-cross-platform-sharing,
Mac,"(15, 1)",supports-dq-nr,
Mac,"(15, 1)",supports-emoji-images,
Mac,"(15, 1)",supports-emoji-stickers,
Mac,"(15, 1)",supports-emoji-tapbacks,
Mac,"(15, 1)",supports-family-invite-message-bubble,
Mac,"(15, 1)",supports-findmy-plugin-messages,
Mac,"(15, 1)",supports-fm-fence-v1,
Mac,"(15, 1)",supports-fmd-v2,
Mac,"(15, 1)",supports-fsm-v1,
Mac,"(15, 1)",supports-fsm-v2,
Mac,"(15, 1)",supports-fsm-v3,
Mac,"(15, 1)",supports-gft-calls,
Mac,"(15, 1)",supports-gft-errors,
Mac,"(15, 1)",supports-gft-relay,
Mac,"(15, 1)",supports-group-photo-refresh-version,
Mac,"(15, 1)",supports-harmony,False
Mac,"(15, 1)",supports-hdr,True
Mac,"(15, 1)",supports-heif,True
Mac,"(15, 1)",supports-hi-res-vid,
Mac,"(15, 1)",supports-high-quality-photo-file-sizes,
Mac,"(15, 1)",supports-hk-resident,
Mac,"(15, 1)",supports-hybrid-groups-v1,
Mac,"(15, 1)",supports-ii-v1,
Mac,"(15, 1)",supports-impact-v1,
Mac,"(15, 1)",supports-incoming-fmd-v1,
Mac,"(15, 1)",supports-inline-attachments,
Mac,"(15, 1)",supports-keep-receipts,
Mac,"(15, 1)",supports-key-sharing,
Mac,"(15, 1)",supports-live-delivery,
Mac,"(15, 1)",supports-location-sharing,
Mac,"(15, 1)",supports-manatee-activity-sharing,
Mac,"(15, 1)",supports-maps-protocol-v5,
Mac,"(15, 1)",supports-maps-routing-path-leg,
Mac,"(15, 1)",supports-maps-waypoint-route-sharing,
Mac,"(15, 1)",supports-media-v2,
Mac,"(15, 1)",supports-mirage,
Mac,"(15, 1)",supports-modern-gft,
Mac,"(15, 1)",supports-original-timestamp-v1,
Mac,"(15, 1)",supports-people-ranging-v1,
Mac,"(15, 1)",supports-people-request-messages,
Mac,"(15, 1)",supports-people-request-messages-v2,
Mac,"(15, 1)",supports-people-request-messages-v3,
Mac,"(15, 1)",supports-photos-extension-v1,
Mac,"(15, 1)",supports-photos-extension-v2,
Mac,"(15, 1)",supports-protobuf-payload-data-v2,
Mac,"(15, 1)",supports-recurring-payment-bubbles,
Mac,"(15, 1)",supports-rem,
Mac,"(15, 1)",supports-remote-atv-signin,
Mac,"(15, 1)",supports-restricted-guest,
Mac,"(15, 1)",supports-sa-v1,
Mac,"(15, 1)",supports-screen-time-v2,
Mac,"(15, 1)",supports-secure-loc-v1,
Mac,"(15, 1)",supports-self-one-to-one-invites,
Mac,"(15, 1)",supports-send-later-messages,
Mac,"(15, 1)",supports-sender-key-v1,
Mac,"(15, 1)",supports-shared-exp,
Mac,"(15, 1)",supports-sos-alerting,
Mac,"(15, 1)",supports-ssrc,
Mac,"(15, 1)",supports-st-er,
Mac,"(15, 1)",supports-st-v1,
Mac,"(15, 1)",supports-stewie,False
Mac,"(15, 1)",supports-stick-moji-backs,
Mac,"(15, 1)",supports-sticker-editing,
Mac,"(15, 1)",supports-update-attachments-v1,
Mac,"(15, 1)",supports-uwb,False
Mac,"(15, 1)",supports-zelkova,True
Mac,"(15, 2)",device-key-signature,
Mac,"(15, 2)",ec-version,1.0
Mac,"(15, 2)",is-c2k-equipment,False
Mac,"(15, 2)",is-green-tea,
Mac,"(15, 2)",is-web-client,
Mac,"(15, 2)",kt-version,5.0
Mac,"(15, 2)",nicknames-version,
Mac,"(15, 2)",optionally-receive-typing-indicators,
Mac,"(15, 2)",prefers-sdr,
Mac,"(15, 2)",sender-key-message-version,
Mac,"(15, 2)",show-peer-errors,
Mac,"(15, 2)",supports-ack-v1,
Mac,"(15, 2)",supports-animoji-v2,True
Mac,"(15, 2)",supports-askto,
Mac,"(15, 2)",supports-audio-messaging-v2,
Mac,"(15, 2)",supports-autoloopvideo-v1,
Mac,"(15, 2)",supports-avless,
Mac,"(15, 2)",supports-be-v1,
Mac,"(15, 2)",supports-beacon-sharing-v2,
Mac,"(15, 2)",supports-beacon-sharing-v3,
Mac,"(15, 2)",supports-beneficiary-invites,
Mac,"(15, 2)",supports-ca-v1,
Mac,"(15, 2)",supports-certified-delivery-v1,
Mac,"(15, 2)",supports-co,
Mac,"(15, 2)",supports-cross-platform-sharing,
Mac,"(15, 2)",supports-dq-nr,
Mac,"(15, 2)",supports-emoji-images,
Mac,"(15, 2)",supports-emoji-stickers,
Mac,"(15, 2)",supports-emoji-tapbacks,
Mac,"(15, 2)",supports-family-invite-message-bubble,
Mac,"(15, 2)",supports-findmy-plugin-messages,
Mac,"(15, 2)",supports-fm-fence-v1,
Mac,"(15, 2)",supports-fmd-v2,
Mac,"(15, 2)",supports-fsm-v1,
Mac,"(15, 2)",supports-fsm-v2,
Mac,"(15, 2)",supports-fsm-v3,
Mac,"(15, 2)",supports-gft-calls,
Mac,"(15, 2)",supports-gft-errors,
Mac,"(15, 2)",supports-gft-relay,
Mac,"(15, 2)",supports-group-photo-refresh-version,
Mac,"(15, 2)",supports-harmony,False
Mac,"(15, 2)",supports-hdr,True
Mac,"(15, 2)",supports-heif,True
Mac,"(15, 2)",supports-hi-res-vid,
Mac,"(15, 2)",supports-high-quality-photo-file-sizes,
Mac,"(15, 2)",supports-hk-resident,
Mac,"(15, 2)",supports-hybrid-groups-v1,
Mac,"(15, 2)",supports-ii-v1,
Mac,"(15, 2)",supports-impact-v1,
Mac,"(15, 2)",supports-incoming-fmd-v1,
Mac,"(15, 2)",supports-inline-attachments,
Mac,"(15, 2)",supports-keep-receipts,
Mac,"(15, 2)",supports-key-sharing,
Mac,"(15, 2)",supports-live-delivery,
Mac,"(15, 2)",supports-location-sharing,
Mac,"(15, 2)",supports-manatee-activity-sharing,
Mac,"(15, 2)",supports-maps-protocol-v5,
Mac,"(15, 2)",supports-maps-routing-path-leg,
Mac,"(15, 2)",supports-maps-waypoint-route-sharing,
Mac,"(15, 2)",supports-media-v2,
Mac,"(15, 2)",supports-mirage,
Mac,"(15, 2)",supports-modern-gft,
Mac,"(15, 2)",supports-original-timestamp-v1,
Mac,"(15, 2)",supports-people-ranging-v1,
Mac,"(15, 2)",supports-people-request-messages,
Mac,"(15, 2)",supports-people-request-messages-v2,
Mac,"(15, 2)",supports-people-request-messages-v3,
Mac,"(15, 2)",supports-photos-extension-v1,
Mac,"(15, 2)",supports-photos-extension-v2,
Mac,"(15, 2)",supports-protobuf-payload-data-v2,
Mac,"(15, 2)",supports-recovery-contact-upsell,
Mac,"(15, 2)",supports-recurring-payment-bubbles,
Mac,"(15, 2)",supports-rem,
Mac,"(15, 2)",supports-remote-atv-signin,
Mac,"(15, 2)",supports-restricted-guest,
Mac,"(15, 2)",supports-sa-v1,
Mac,"(15, 2)",supports-screen-time-v2,
Mac,"(15, 2)",supports-secure-loc-v1,
Mac,"(15, 2)",supports-self-one-to-one-invites,
Mac,"(15, 2)",supports-send-later-messages,
Mac,"(15, 2)",supports-sender-key-v1,
Mac,"(15, 2)",supports-shared-exp,
Mac,"(15, 2)",supports-sos-alerting,
Mac,"(15, 2)",supports-ssrc,
Mac,"(15, 2)",supports-st-er,
Mac,"(15, 2)",supports-st-v1,
Mac,"(15, 2)",supports-stewie,False
Mac,"(15, 2)",supports-stick-moji-backs,
Mac,"(15, 2)",supports-sticker-editing,
Mac,"(15, 2)",supports-update-attachments-v1,
Mac,"(15, 2)",supports-uwb,False
Mac,"(15, 2)",supports-zelkova,True
Mac,"(15, 3)",device-key-signature,
Mac,"(15, 3)",ec-version,1.0
Mac,"(15, 3)",is-c2k-equipment,False
Mac,"(15, 3)",is-green-tea,
Mac,"(15, 3)",is-web-client,
Mac,"(15, 3)",kt-version,5.0
Mac,"(15, 3)",nicknames-version,
Mac,"(15, 3)",optionally-receive-typing-indicators,
Mac,"(15, 3)",prefers-sdr,
Mac,"(15, 3)",sender-key-message-version,
Mac,"(15, 3)",show-peer-errors,
Mac,"(15, 3)",supports-ack-v1,
Mac,"(15, 3)",supports-animoji-v2,True
Mac,"(15, 3)",supports-askto,
Mac,"(15, 3)",supports-audio-messaging-v2,
Mac,"(15, 3)",supports-autoloopvideo-v1,
Mac,"(15, 3)",supports-avless,
Mac,"(15, 3)",supports-be-v1,
Mac,"(15, 3)",supports-beacon-sharing-v2,
Mac,"(15, 3)",supports-beacon-sharing-v3,
Mac,"(15, 3)",supports-beneficiary-invites,
Mac,"(15, 3)",supports-ca-v1,
Mac,"(15, 3)",supports-certified-delivery-v1,
Mac,"(15, 3)",supports-co,
Mac,"(15, 3)",supports-cross-platform-sharing,
Mac,"(15, 3)",supports-dq-nr,
Mac,"(15, 3)",supports-emoji-images,
Mac,"(15, 3)",supports-emoji-stickers,
Mac,"(15, 3)",supports-emoji-tapbacks,
Mac,"(15, 3)",supports-family-invite-message-bubble,
Mac,"(15, 3)",supports-findmy-plugin-messages,
Mac,"(15, 3)",supports-fm-fence-v1,
Mac,"(15, 3)",supports-fmd-v2,
Mac,"(15, 3)",supports-fsm-v1,
Mac,"(15, 3)",supports-fsm-v2,
Mac,"(15, 3)",supports-fsm-v3,
Mac,"(15, 3)",supports-gft-calls,
Mac,"(15, 3)",supports-gft-errors,
Mac,"(15, 3)",supports-gft-relay,
Mac,"(15, 3)",supports-group-photo-refresh-version,
Mac,"(15, 3)",supports-harmony,False
Mac,"(15, 3)",supports-hdr,True
Mac,"(15, 3)",supports-heif,True
Mac,"(15, 3)",supports-hi-res-vid,
Mac,"(15, 3)",supports-high-quality-photo-file-sizes,
Mac,"(15, 3)",supports-hk-resident,
Mac,"(15, 3)",supports-hybrid-groups-v1,
Mac,"(15, 3)",supports-ii-v1,
Mac,"(15, 3)",supports-impact-v1,
Mac,"(15, 3)",supports-incoming-fmd-v1,
Mac,"(15, 3)",supports-inline-attachments,
Mac,"(15, 3)",supports-keep-receipts,
Mac,"(15, 3)",supports-key-sharing,
Mac,"(15, 3)",supports-live-delivery,
Mac,"(15, 3)",supports-location-sharing,
Mac,"(15, 3)",supports-manatee-activity-sharing,
Mac,"(15, 3)",supports-maps-protocol-v5,
Mac,"(15, 3)",supports-maps-routing-path-leg,
Mac,"(15, 3)",supports-maps-waypoint-route-sharing,
Mac,"(15, 3)",supports-media-v2,
Mac,"(15, 3)",supports-mirage,
Mac,"(15, 3)",supports-modern-gft,
Mac,"(15, 3)",supports-original-timestamp-v1,
Mac,"(15, 3)",supports-people-ranging-v1,
Mac,"(15, 3)",supports-people-request-messages,
Mac,"(15, 3)",supports-people-request-messages-v2,
Mac,"(15, 3)",supports-people-request-messages-v3,
Mac,"(15, 3)",supports-photos-extension-v1,
Mac,"(15, 3)",supports-photos-extension-v2,
Mac,"(15, 3)",supports-protobuf-payload-data-v2,
Mac,"(15, 3)",supports-recovery-contact-upsell,
Mac,"(15, 3)",supports-recurring-payment-bubbles,
Mac,"(15, 3)",supports-rem,
Mac,"(15, 3)",supports-remote-atv-signin,
Mac,"(15, 3)",supports-restricted-guest,
Mac,"(15, 3)",supports-sa-v1,
Mac,"(15, 3)",supports-screen-time-v2,
Mac,"(15, 3)",supports-secure-loc-v1,
Mac,"(15, 3)",supports-self-one-to-one-invites,
Mac,"(15, 3)",supports-send-later-messages,
Mac,"(15, 3)",supports-sender-key-v1,
Mac,"(15, 3)",supports-shared-exp,
Mac,"(15, 3)",supports-sos-alerting,
Mac,"(15, 3)",supports-ssrc,
Mac,"(15, 3)",supports-st-er,
Mac,"(15, 3)",supports-st-v1,
Mac,"(15, 3)",supports-stewie,False
Mac,"(15, 3)",supports-stick-moji-backs,
Mac,"(15, 3)",supports-sticker-editing,
Mac,"(15, 3)",supports-update-attachments-v1,
Mac,"(15, 3)",supports-uwb,False
Mac,"(15, 3)",supports-zelkova,True
Mac,"(15, 4)",device-key-signature,
Mac,"(15, 4)",ec-version,1.0
Mac,"(15, 4)",is-c2k-equipment,False
Mac,"(15, 4)",is-green-tea,
Mac,"(15, 4)",is-web-client,
Mac,"(15, 4)",kt-version,5.0
Mac,"(15, 4)",nicknames-version,
Mac,"(15, 4)",optionally-receive-typing-indicators,
Mac,"(15, 4)",prefers-sdr,
Mac,"(15, 4)",sender-key-message-version,
Mac,"(15, 4)",show-peer-errors,
Mac,"(15, 4)",supports-ack-v1,
Mac,"(15, 4)",supports-animoji-v2,True
Mac,"(15, 4)",supports-askto,
Mac,"(15, 4)",supports-audio-messaging-v2,
Mac,"(15, 4)",supports-autoloopvideo-v1,
Mac,"(15, 4)",supports-avless,
Mac,"(15, 4)",supports-be-v1,
Mac,"(15, 4)",supports-beacon-sharing-v2,
Mac,"(15, 4)",supports-beacon-sharing-v3,
Mac,"(15, 4)",supports-beneficiary-invites,
Mac,"(15, 4)",supports-ca-v1,
Mac,"(15, 4)",supports-certified-delivery-v1,
Mac,"(15, 4)",supports-co,
Mac,"(15, 4)",supports-cross-platform-sharing,
Mac,"(15, 4)",supports-dq-nr,
Mac,"(15, 4)",supports-emoji-images,
Mac,"(15, 4)",supports-emoji-stickers,
Mac,"(15, 4)",supports-emoji-tapbacks,
Mac,"(15, 4)",supports-family-invite-message-bubble,
Mac,"(15, 4)",supports-findmy-plugin-messages,
Mac,"(15, 4)",supports-fm-fence-v1,
Mac,"(15, 4)",supports-fmd-v2,True
Mac,"(15, 4)",supports-fsm-v1,
Mac,"(15, 4)",supports-fsm-v2,
Mac,"(15, 4)",supports-fsm-v3,
Mac,"(15, 4)",supports-gft-calls,
Mac,"(15, 4)",supports-gft-errors,
Mac,"(15, 4)",supports-gft-relay,
Mac,"(15, 4)",supports-group-photo-refresh-version,
Mac,"(15, 4)",supports-harmony,False
Mac,"(15, 4)",supports-hdr,True
Mac,"(15, 4)",supports-heif,True
Mac,"(15, 4)",supports-hi-res-vid,
Mac,"(15, 4)",supports-high-quality-photo-file-sizes,
Mac,"(15, 4)",supports-hk-resident,
Mac,"(15, 4)",supports-hybrid-groups-v1,
Mac,"(15, 4)",supports-ii-v1,
Mac,"(15, 4)",supports-impact-v1,
Mac,"(15, 4)",supports-incoming-fmd-v1,
Mac,"(15, 4)",supports-inline-attachments,
Mac,"(15, 4)",supports-keep-receipts,
Mac,"(15, 4)",supports-key-sharing,
Mac,"(15, 4)",supports-legacy-contact-invites-v1,
Mac,"(15, 4)",supports-live-delivery,
Mac,"(15, 4)",supports-location-sharing,
Mac,"(15, 4)",supports-manatee-activity-sharing,
Mac,"(15, 4)",supports-maps-protocol-v5,
Mac,"(15, 4)",supports-maps-routing-path-leg,
Mac,"(15, 4)",supports-maps-waypoint-route-sharing,
Mac,"(15, 4)",supports-media-v2,
Mac,"(15, 4)",supports-mirage,
Mac,"(15, 4)",supports-modern-gft,
Mac,"(15, 4)",supports-original-timestamp-v1,
Mac,"(15, 4)",supports-people-ranging-v1,
Mac,"(15, 4)",supports-people-request-messages,
Mac,"(15, 4)",supports-people-request-messages-v2,
Mac,"(15, 4)",supports-people-request-messages-v3,
Mac,"(15, 4)",supports-photos-extension-v1,
Mac,"(15, 4)",supports-photos-extension-v2,
Mac,"(15, 4)",supports-protobuf-payload-data-v2,
Mac,"(15, 4)",supports-rbm-chatbot,
Mac,"(15, 4)",supports-recovery-contact-upsell,
Mac,"(15, 4)",supports-recurring-payment-bubbles,
Mac,"(15, 4)",supports-rem,
Mac,"(15, 4)",supports-remote-atv-signin,
Mac,"(15, 4)",supports-restricted-guest,
Mac,"(15, 4)",supports-sa-v1,
Mac,"(15, 4)",supports-screen-time-v2,
Mac,"(15, 4)",supports-secure-loc-v1,
Mac,"(15, 4)",supports-self-one-to-one-invites,
Mac,"(15, 4)",supports-send-later-messages,
Mac,"(15, 4)",supports-sender-key-self-check,
Mac,"(15, 4)",supports-sender-key-v1,
Mac,"(15, 4)",supports-shared-exp,
Mac,"(15, 4)",supports-sos-alerting,
Mac,"(15, 4)",supports-ssrc,
Mac,"(15, 4)",supports-st-er,
Mac,"(15, 4)",supports-st-v1,
Mac,"(15, 4)",supports-stewie,False
Mac,"(15, 4)",supports-stick-moji-backs,
Mac,"(15, 4)",supports-sticker-editing,
Mac,"(15, 4)",supports-update-attachments-v1,
Mac,"(15, 4)",supports-user-driven-call-activation,
Mac,"(15, 4)",supports-uwb,False
Mac,"(15, 4)",supports-zelkova,True
Mac,"(15, 5)",device-key-signature,
Mac,"(15, 5)",ec-version,1.0
Mac,"(15, 5)",is-c2k-equipment,False
Mac,"(15, 5)",is-green-tea,
Mac,"(15, 5)",is-web-client,
Mac,"(15, 5)",kt-version,5.0
Mac,"(15, 5)",nicknames-version,
Mac,"(15, 5)",optionally-receive-typing-indicators,
Mac,"(15, 5)",prefers-sdr,
Mac,"(15, 5)",sender-key-message-version,
Mac,"(15, 5)",show-peer-errors,
Mac,"(15, 5)",supports-ack-v1,
Mac,"(15, 5)",supports-animoji-v2,True
Mac,"(15, 5)",supports-askto,
Mac,"(15, 5)",supports-audio-messaging-v2,
Mac,"(15, 5)",supports-autoloopvideo-v1,
Mac,"(15, 5)",supports-avless,
Mac,"(15, 5)",supports-be-v1,
Mac,"(15, 5)",supports-beacon-sharing-v2,
Mac,"(15, 5)",supports-beacon-sharing-v3,
Mac,"(15, 5)",supports-beneficiary-invites,
Mac,"(15, 5)",supports-ca-v1,
Mac,"(15, 5)",supports-certified-delivery-v1,
Mac,"(15, 5)",supports-co,
Mac,"(15, 5)",supports-cross-platform-sharing,
Mac,"(15, 5)",supports-dq-nr,
Mac,"(15, 5)",supports-emoji-images,
Mac,"(15, 5)",supports-emoji-stickers,
Mac,"(15, 5)",supports-emoji-tapbacks,
Mac,"(15, 5)",supports-family-invite-message-bubble,
Mac,"(15, 5)",supports-findmy-plugin-messages,
Mac,"(15, 5)",supports-fm-fence-v1,
Mac,"(15, 5)",supports-fmd-v2,True
Mac,"(15, 5)",supports-fsm-v1,
Mac,"(15, 5)",supports-fsm-v2,
Mac,"(15, 5)",supports-fsm-v3,
Mac,"(15, 5)",supports-gft-calls,
Mac,"(15, 5)",supports-gft-errors,
Mac,"(15, 5)",supports-gft-relay,
Mac,"(15, 5)",supports-group-photo-refresh-version,
Mac,"(15, 5)",supports-harmony,False
Mac,"(15, 5)",supports-hdr,True
Mac,"(15, 5)",supports-heif,True
Mac,"(15, 5)",supports-hi-res-vid,
Mac,"(15, 5)",supports-high-quality-photo-file-sizes,
Mac,"(15, 5)",supports-hk-resident,
Mac,"(15, 5)",supports-hybrid-groups-v1,
Mac,"(15, 5)",supports-ii-v1,
Mac,"(15, 5)",supports-impact-v1,
Mac,"(15, 5)",supports-incoming-fmd-v1,
Mac,"(15, 5)",supports-inline-attachments,
Mac,"(15, 5)",supports-keep-receipts,
Mac,"(15, 5)",supports-key-sharing,
Mac,"(15, 5)",supports-legacy-contact-invites-v1,
Mac,"(15, 5)",supports-live-delivery,
Mac,"(15, 5)",supports-location-sharing,
Mac,"(15, 5)",supports-manatee-activity-sharing,
Mac,"(15, 5)",supports-maps-protocol-v5,
Mac,"(15, 5)",supports-maps-routing-path-leg,
Mac,"(15, 5)",supports-maps-waypoint-route-sharing,
Mac,"(15, 5)",supports-media-v2,
Mac,"(15, 5)",supports-mirage,
Mac,"(15, 5)",supports-modern-gft,
Mac,"(15, 5)",supports-original-timestamp-v1,
Mac,"(15, 5)",supports-people-ranging-v1,
Mac,"(15, 5)",supports-people-request-messages,
Mac,"(15, 5)",supports-people-request-messages-v2,
Mac,"(15, 5)",supports-people-request-messages-v3,
Mac,"(15, 5)",supports-photos-extension-v1,
Mac,"(15, 5)",supports-photos-extension-v2,
Mac,"(15, 5)",supports-protobuf-payload-data-v2,
Mac,"(15, 5)",supports-rbm-chatbot,
Mac,"(15, 5)",supports-recovery-contact-upsell,
Mac,"(15, 5)",supports-recurring-payment-bubbles,
Mac,"(15, 5)",supports-rem,
Mac,"(15, 5)",supports-remote-atv-signin,
Mac,"(15, 5)",supports-restricted-guest,
Mac,"(15, 5)",supports-sa-v1,
Mac,"(15, 5)",supports-screen-time-v2,
Mac,"(15, 5)",supports-secure-loc-v1,
Mac,"(15, 5)",supports-self-one-to-one-invites,
Mac,"(15, 5)",supports-send-later-messages,
Mac,"(15, 5)",supports-sender-key-self-check,
Mac,"(15, 5)",supports-sender-key-v1,
Mac,"(15, 5)",supports-shared-exp,
Mac,"(15, 5)",supports-sos-alerting,
Mac,"(15, 5)",supports-ssrc,
Mac,"(15, 5)",supports-st-er,
Mac,"(15, 5)",supports-st-v1,
Mac,"(15, 5)",supports-stewie,False
Mac,"(15, 5)",supports-stick-moji-backs,
Mac,"(15, 5)",supports-sticker-editing,
Mac,"(15, 5)",supports-update-attachments-v1,
Mac,"(15, 5)",supports-user-driven-call-activation,
Mac,"(15, 5)",supports-uwb,False
Mac,"(15, 5)",supports-zelkova,True
Mac,"(15, 6)",device-key-signature,
Mac,"(15, 6)",ec-version,1.0
Mac,"(15, 6)",is-c2k-equipment,False
Mac,"(15, 6)",is-green-tea,
Mac,"(15, 6)",is-web-client,
Mac,"(15, 6)",kt-version,5.0
Mac,"(15, 6)",nicknames-version,
Mac,"(15, 6)",optionally-receive-typing-indicators,
Mac,"(15, 6)",prefers-sdr,
Mac,"(15, 6)",sender-key-message-version,
Mac,"(15, 6)",show-peer-errors,
Mac,"(15, 6)",supports-ack-v1,
Mac,"(15, 6)",supports-animoji-v2,True
Mac,"(15, 6)",supports-askto,
Mac,"(15, 6)",supports-audio-messaging-v2,
Mac,"(15, 6)",supports-autoloopvideo-v1,
Mac,"(15, 6)",supports-avless,
Mac,"(15, 6)",supports-be-v1,
Mac,"(15, 6)",supports-beacon-sharing-v2,
Mac,"(15, 6)",supports-beacon-sharing-v3,
Mac,"(15, 6)",supports-beneficiary-invites,
Mac,"(15, 6)",supports-ca-v1,
Mac,"(15, 6)",supports-certified-delivery-v1,
Mac,"(15, 6)",supports-co,
Mac,"(15, 6)",supports-cross-platform-sharing,
Mac,"(15, 6)",supports-dq-nr,
Mac,"(15, 6)",supports-emoji-images,
Mac,"(15, 6)",supports-emoji-stickers,
Mac,"(15, 6)",supports-emoji-tapbacks,
Mac,"(15, 6)",supports-family-invite-message-bubble,
Mac,"(15, 6)",supports-findmy-plugin-messages,
Mac,"(15, 6)",supports-fm-fence-v1,
Mac,"(15, 6)",supports-fmd-v2,True
Mac,"(15, 6)",supports-fsm-v1,
Mac,"(15, 6)",supports-fsm-v2,
Mac,"(15, 6)",supports-fsm-v3,
Mac,"(15, 6)",supports-gft-calls,
Mac,"(15, 6)",supports-gft-errors,
Mac,"(15, 6)",supports-gft-relay,
Mac,"(15, 6)",supports-group-photo-refresh-version,
Mac,"(15, 6)",supports-harmony,False
Mac,"(15, 6)",supports-hdr,True
Mac,"(15, 6)",supports-heif,True
Mac,"(15, 6)",supports-hi-res-vid,
Mac,"(15, 6)",supports-high-quality-photo-file-sizes,
Mac,"(15, 6)",supports-hk-resident,
Mac,"(15, 6)",supports-hybrid-groups-v1,
Mac,"(15, 6)",supports-ii-v1,
Mac,"(15, 6)",supports-impact-v1,
Mac,"(15, 6)",supports-incoming-fmd-v1,
Mac,"(15, 6)",supports-inline-attachments,
Mac,"(15, 6)",supports-keep-receipts,
Mac,"(15, 6)",supports-key-sharing,
Mac,"(15, 6)",supports-legacy-contact-invites-v1,
Mac,"(15, 6)",supports-live-delivery,
Mac,"(15, 6)",supports-location-sharing,
Mac,"(15, 6)",supports-manatee-activity-sharing,
Mac,"(15, 6)",supports-maps-protocol-v5,
Mac,"(15, 6)",supports-maps-routing-path-leg,
Mac,"(15, 6)",supports-maps-waypoint-route-sharing,
Mac,"(15, 6)",supports-media-v2,
Mac,"(15, 6)",supports-mirage,
Mac,"(15, 6)",supports-modern-gft,
Mac,"(15, 6)",supports-original-timestamp-v1,
Mac,"(15, 6)",supports-people-ranging-v1,
Mac,"(15, 6)",supports-people-request-messages,
Mac,"(15, 6)",supports-people-request-messages-v2,
Mac,"(15, 6)",supports-people-request-messages-v3,
Mac,"(15, 6)",supports-photos-extension-v1,
Mac,"(15, 6)",supports-photos-extension-v2,
Mac,"(15, 6)",supports-protobuf-payload-data-v2,
Mac,"(15, 6)",supports-qta,
Mac,"(15, 6)",supports-rbm-chatbot,
Mac,"(15, 6)",supports-recovery-contact-upsell,
Mac,"(15, 6)",supports-recurring-payment-bubbles,
Mac,"(15, 6)",supports-rem,
Mac,"(15, 6)",supports-remote-atv-signin,
Mac,"(15, 6)",supports-restricted-guest,
Mac,"(15, 6)",supports-sa-v1,
Mac,"(15, 6)",supports-screen-time-v2,
Mac,"(15, 6)",supports-secure-loc-v1,
Mac,"(15, 6)",supports-self-one-to-one-invites,
Mac,"(15, 6)",supports-send-later-messages,
Mac,"(15, 6)",supports-sender-key-self-check,
Mac,"(15, 6)",supports-sender-key-v1,
Mac,"(15, 6)",supports-shared-exp,
Mac,"(15, 6)",supports-sos-alerting,
Mac,"(15, 6)",supports-ssrc,
Mac,"(15, 6)",supports-st-er,
Mac,"(15, 6)",supports-st-v1,
Mac,"(15, 6)",supports-stewie,False
Mac,"(15, 6)",supports-stick-moji-backs,
Mac,"(15, 6)",supports-sticker-editing,
Mac,"(15, 6)",supports-update-attachments-v1,
Mac,"(15, 6)",supports-user-driven-call-activation,
Mac,"(15, 6)",supports-uwb,False
Mac,"(15, 6)",supports-zelkova,True
Mac,"(26, 0)",device-key-signature,
Mac,"(26, 0)",ec-version,1.0
Mac,"(26, 0)",is-c2k-equipment,False
Mac,"(26, 0)",is-green-tea,
Mac,"(26, 0)",is-web-client,
Mac,"(26, 0)",kt-version,5.0
Mac,"(26, 0)",nicknames-version,
Mac,"(26, 0)",optionally-receive-typing-indicators,
Mac,"(26, 0)",prefers-sdr,
Mac,"(26, 0)",sender-key-message-version,
Mac,"(26, 0)",show-peer-errors,
Mac,"(26, 0)",supports-ack-v1,
Mac,"(26, 0)",supports-adaptive-temperature-automations,
Mac,"(26, 0)",supports-animoji-v2,True
Mac,"(26, 0)",supports-aot,
Mac,"(26, 0)",supports-askto,
Mac,"(26, 0)",supports-askto-v2,
Mac,"(26, 0)",supports-audio-messaging-v2,
Mac,"(26, 0)",supports-autoloopvideo-v1,
Mac,"(26, 0)",supports-avless,
Mac,"(26, 0)",supports-be-v1,
Mac,"(26, 0)",supports-beacon-sharing-v2,
Mac,"(26, 0)",supports-beacon-sharing-v3,
Mac,"(26, 0)",supports-beneficiary-invites,
Mac,"(26, 0)",supports-ca-v1,
Mac,"(26, 0)",supports-calls-25,
Mac,"(26, 0)",supports-certified-delivery-v1,
Mac,"(26, 0)",supports-ckv-enforcement,
Mac,"(26, 0)",supports-co,
Mac,"(26, 0)",supports-cross-platform-sharing,
Mac,"(26, 0)",supports-dq-nr,
Mac,"(26, 0)",supports-emoji-images,
Mac,"(26, 0)",supports-emoji-stickers,
Mac,"(26, 0)",supports-emoji-tapbacks,
Mac,"(26, 0)",supports-family-invite-message-bubble,
Mac,"(26, 0)",supports-findmy-plugin-messages,
Mac,"(26, 0)",supports-fm-fence-v1,
Mac,"(26, 0)",supports-fmd-v2,True
Mac,"(26, 0)",supports-fsm-v1,
Mac,"(26, 0)",supports-fsm-v2,
Mac,"(26, 0)",supports-fsm-v3,
Mac,"(26, 0)",supports-gft-calls,
Mac,"(26, 0)",supports-gft-errors,
Mac,"(26, 0)",supports-gft-relay,
Mac,"(26, 0)",supports-group-apple-cash,
Mac,"(26, 0)",supports-group-photo-refresh-version,
Mac,"(26, 0)",supports-gti,
Mac,"(26, 0)",supports-harmony,False
Mac,"(26, 0)",supports-hdr,True
Mac,"(26, 0)",supports-heif,True
Mac,"(26, 0)",supports-hi-res-vid,
Mac,"(26, 0)",supports-high-quality-photo-file-sizes,
Mac,"(26, 0)",supports-hk-resident,
Mac,"(26, 0)",supports-hybrid-groups-v1,
Mac,"(26, 0)",supports-ii-v1,
Mac,"(26, 0)",supports-impact-v1,
Mac,"(26, 0)",supports-incoming-fmd-v1,
Mac,"(26, 0)",supports-inline-attachments,
Mac,"(26, 0)",supports-introductions-v1,
Mac,"(26, 0)",supports-keep-receipts,
Mac,"(26, 0)",supports-key-sharing,
Mac,"(26, 0)",supports-legacy-contact-invites-v1,
Mac,"(26, 0)",supports-legacy-contact-invites-v2,
Mac,"(26, 0)",supports-legacy-contact-invites-v3,
Mac,"(26, 0)",supports-live-delivery,
Mac,"(26, 0)",supports-live-translation,
Mac,"(26, 0)",supports-location-sharing,
Mac,"(26, 0)",supports-lqm-hq,
Mac,"(26, 0)",supports-manatee-activity-sharing,
Mac,"(26, 0)",supports-maps-protocol-v5,
Mac,"(26, 0)",supports-maps-routing-path-leg,
Mac,"(26, 0)",supports-maps-waypoint-route-sharing,
Mac,"(26, 0)",supports-maps-wgs84-elevation-model,
Mac,"(26, 0)",supports-media-v2,
Mac,"(26, 0)",supports-mirage,
Mac,"(26, 0)",supports-modern-gft,
Mac,"(26, 0)",supports-nearby-facetime,
Mac,"(26, 0)",supports-original-timestamp-v1,
Mac,"(26, 0)",supports-people-ranging-v1,
Mac,"(26, 0)",supports-people-request-messages,
Mac,"(26, 0)",supports-people-request-messages-v2,
Mac,"(26, 0)",supports-people-request-messages-v3,
Mac,"(26, 0)",supports-photos-extension-v1,
Mac,"(26, 0)",supports-photos-extension-v2,
Mac,"(26, 0)",supports-polls,
Mac,"(26, 0)",supports-protobuf-payload-data-v2,
Mac,"(26, 0)",supports-qta,
Mac,"(26, 0)",supports-queue-one-read-receipts,
Mac,"(26, 0)",supports-rbm-chatbot,
Mac,"(26, 0)",supports-recovery-contact-upsell,
Mac,"(26, 0)",supports-recurring-payment-bubbles,
Mac,"(26, 0)",supports-rem,
Mac,"(26, 0)",supports-remote-atv-signin,
Mac,"(26, 0)",supports-restricted-guest,
Mac,"(26, 0)",supports-sa-v1,
Mac,"(26, 0)",supports-screen-time-v2,
Mac,"(26, 0)",supports-secure-loc-v1,
Mac,"(26, 0)",supports-self-one-to-one-invites,
Mac,"(26, 0)",supports-send-later-messages,
Mac,"(26, 0)",supports-sender-key-self-check,
Mac,"(26, 0)",supports-sender-key-v1,
Mac,"(26, 0)",supports-shared-exp,
Mac,"(26, 0)",supports-sos-alerting,
Mac,"(26, 0)",supports-ssrc,
Mac,"(26, 0)",supports-st-er,
Mac,"(26, 0)",supports-st-v1,
Mac,"(26, 0)",supports-stewie,False
Mac,"(26, 0)",supports-stick-moji-backs,
Mac,"(26, 0)",supports-sticker-editing,
Mac,"(26, 0)",supports-transcript-backgrounds,
Mac,"(26, 0)",supports-update-attachments-v1,
Mac,"(26, 0)",supports-uriless-membership-updates,
Mac,"(26, 0)",supports-user-driven-call-activation,
Mac,"(26, 0)",supports-uwb,False
Mac,"(26, 0)",supports-zelkova,True
Mac,"(26, 3)",device-key-signature,
Mac,"(26, 3)",ec-version,1.0
Mac,"(26, 3)",is-c2k-equipment,False
Mac,"(26, 3)",is-green-tea,
Mac,"(26, 3)",is-web-client,
Mac,"(26, 3)",kt-version,5.0
Mac,"(26, 3)",nicknames-version,
Mac,"(26, 3)",optionally-receive-typing-indicators,
Mac,"(26, 3)",prefers-sdr,
Mac,"(26, 3)",sender-key-message-version,
Mac,"(26, 3)",show-peer-errors,
Mac,"(26, 3)",supports-ack-v1,
Mac,"(26, 3)",supports-adaptive-temperature-automations,
Mac,"(26, 3)",supports-animoji-v2,True
Mac,"(26, 3)",supports-aot,
Mac,"(26, 3)",supports-askto,
Mac,"(26, 3)",supports-askto-responseUI,
Mac,"(26, 3)",supports-askto-v2,
Mac,"(26, 3)",supports-audio-messaging-v2,
Mac,"(26, 3)",supports-autoloopvideo-v1,
Mac,"(26, 3)",supports-avless,
Mac,"(26, 3)",supports-be-v1,
Mac,"(26, 3)",supports-beacon-sharing-v2,
Mac,"(26, 3)",supports-beacon-sharing-v3,
Mac,"(26, 3)",supports-beneficiary-invites,
Mac,"(26, 3)",supports-ca-v1,
Mac,"(26, 3)",supports-calls-25,
Mac,"(26, 3)",supports-certified-delivery-v1,
Mac,"(26, 3)",supports-ckv-enforcement,
Mac,"(26, 3)",supports-co,
Mac,"(26, 3)",supports-cross-platform-sharing,
Mac,"(26, 3)",supports-dq-nr,
Mac,"(26, 3)",supports-emoji-images,
Mac,"(26, 3)",supports-emoji-stickers,
Mac,"(26, 3)",supports-emoji-tapbacks,
Mac,"(26, 3)",supports-family-invite-message-bubble,
Mac,"(26, 3)",supports-findmy-plugin-messages,
Mac,"(26, 3)",supports-fm-fence-v1,
Mac,"(26, 3)",supports-fmd-v2,True
Mac,"(26, 3)",supports-fsm-v1,
Mac,"(26, 3)",supports-fsm-v2,
Mac,"(26, 3)",supports-fsm-v3,
Mac,"(26, 3)",supports-gft-calls,
Mac,"(26, 3)",supports-gft-errors,
Mac,"(26, 3)",supports-gft-relay,
Mac,"(26, 3)",supports-group-apple-cash,
Mac,"(26, 3)",supports-group-photo-refresh-version,
Mac,"(26, 3)",supports-gti,
Mac,"(26, 3)",supports-harmony,False
Mac,"(26, 3)",supports-hdr,True
Mac,"(26, 3)",supports-heif,True
Mac,"(26, 3)",supports-hi-res-vid,
Mac,"(26, 3)",supports-high-quality-photo-file-sizes,
Mac,"(26, 3)",supports-hk-resident,
Mac,"(26, 3)",supports-hybrid-groups-v1,
Mac,"(26, 3)",supports-ii-v1,
Mac,"(26, 3)",supports-impact-v1,
Mac,"(26, 3)",supports-incoming-fmd-v1,
Mac,"(26, 3)",supports-inline-attachments,
Mac,"(26, 3)",supports-introductions-v1,
Mac,"(26, 3)",supports-keep-receipts,
Mac,"(26, 3)",supports-key-sharing,
Mac,"(26, 3)",supports-legacy-contact-invites-v1,
Mac,"(26, 3)",supports-legacy-contact-invites-v2,
Mac,"(26, 3)",supports-legacy-contact-invites-v3,
Mac,"(26, 3)",supports-live-delivery,
Mac,"(26, 3)",supports-live-translation,
Mac,"(26, 3)",supports-location-sharing,
Mac,"(26, 3)",supports-lqm-hq,
Mac,"(26, 3)",supports-manatee-activity-sharing,
Mac,"(26, 3)",supports-maps-protocol-v5,
Mac,"(26, 3)",supports-maps-routing-path-leg,
Mac,"(26, 3)",supports-maps-waypoint-route-sharing,
Mac,"(26, 3)",supports-maps-wgs84-elevation-model,
Mac,"(26, 3)",supports-media-v2,
Mac,"(26, 3)",supports-mirage,
Mac,"(26, 3)",supports-modern-gft,
Mac,"(26, 3)",supports-nearby-facetime,
Mac,"(26, 3)",supports-original-timestamp-v1,
Mac,"(26, 3)",supports-people-ranging-v1,
Mac,"(26, 3)",supports-people-request-messages,
Mac,"(26, 3)",supports-people-request-messages-v2,
Mac,"(26, 3)",supports-people-request-messages-v3,
Mac,"(26, 3)",supports-photos-extension-v1,
Mac,"(26, 3)",supports-photos-extension-v2,
Mac,"(26, 3)",supports-polls,
Mac,"(26, 3)",supports-protobuf-payload-data-v2,
Mac,"(26, 3)",supports-qta,
Mac,"(26, 3)",supports-queue-one-read-receipts-v3,
Mac,"(26, 3)",supports-rbm-chatbot,
Mac,"(26, 3)",supports-recovery-contact-upsell,
Mac,"(26, 3)",supports-recurring-payment-bubbles,
Mac,"(26, 3)",supports-rem,
Mac,"(26, 3)",supports-remote-atv-signin,
Mac,"(26, 3)",supports-restricted-guest,
Mac,"(26, 3)",supports-sa-v1,
Mac,"(26, 3)",supports-screen-time-v2,
Mac,"(26, 3)",supports-secure-loc-v1,
Mac,"(26, 3)",supports-self-one-to-one-invites,
Mac,"(26, 3)",supports-send-later-messages,
Mac,"(26, 3)",supports-sender-key-self-check,
Mac,"(26, 3)",supports-sender-key-v1,
Mac,"(26, 3)",supports-shared-exp,
Mac,"(26, 3)",supports-significant-app-update,
Mac,"(26, 3)",supports-sos-alerting,
Mac,"(26, 3)",supports-ssrc,
Mac,"(26, 3)",supports-st-er,
Mac,"(26, 3)",supports-st-v1,
Mac,"(26, 3)",supports-stewie,False
Mac,"(26, 3)",supports-stick-moji-backs,
Mac,"(26, 3)",supports-sticker-editing,
Mac,"(26, 3)",supports-transcript-backgrounds,
Mac,"(26, 3)",supports-update-attachments-v1,
Mac,"(26, 3)",supports-uriless-membership-updates,
Mac,"(26, 3)",supports-user-driven-call-activation,
Mac,"(26, 3)",supports-uwb,False
Mac,"(26, 3)",supports-zelkova,True
VisionPro,"(1, 0, 2)",device-key-signature,
VisionPro,"(1, 0, 2)",ec-version,1.0
VisionPro,"(1, 0, 2)",is-c2k-equipment,
VisionPro,"(1, 0, 2)",is-green-tea,
VisionPro,"(1, 0, 2)",is-web-client,
VisionPro,"(1, 0, 2)",kt-version,5.0
VisionPro,"(1, 0, 2)",nicknames-version,
VisionPro,"(1, 0, 2)",optionally-receive-typing-indicators,
VisionPro,"(1, 0, 2)",prefers-sdr,
VisionPro,"(1, 0, 2)",show-peer-errors,
VisionPro,"(1, 0, 2)",supports-ack-v1,
VisionPro,"(1, 0, 2)",supports-activity-sharing-v1,
VisionPro,"(1, 0, 2)",supports-animoji-v2,
VisionPro,"(1, 0, 2)",supports-askto,
VisionPro,"(1, 0, 2)",supports-audio-messaging-v2,
VisionPro,"(1, 0, 2)",supports-autoloopvideo-v1,
VisionPro,"(1, 0, 2)",supports-avless,
VisionPro,"(1, 0, 2)",supports-be-v1,
VisionPro,"(1, 0, 2)",supports-beacon-sharing-v2,
VisionPro,"(1, 0, 2)",supports-beacon-sharing-v3,
VisionPro,"(1, 0, 2)",supports-beneficiary-invites,
VisionPro,"(1, 0, 2)",supports-ca-v1,
VisionPro,"(1, 0, 2)",supports-certified-delivery-v1,
VisionPro,"(1, 0, 2)",supports-co,
VisionPro,"(1, 0, 2)",supports-cross-platform-sharing,
VisionPro,"(1, 0, 2)",supports-dq-nr,
VisionPro,"(1, 0, 2)",supports-emoji-stickers,
VisionPro,"(1, 0, 2)",supports-family-invite-message-bubble,
VisionPro,"(1, 0, 2)",supports-findmy-plugin-messages,
VisionPro,"(1, 0, 2)",supports-fm-fence-v1,
VisionPro,"(1, 0, 2)",supports-fmd-v2,
VisionPro,"(1, 0, 2)",supports-fsm-v1,
VisionPro,"(1, 0, 2)",supports-fsm-v2,
VisionPro,"(1, 0, 2)",supports-fsm-v3,
VisionPro,"(1, 0, 2)",supports-gft-calls,
VisionPro,"(1, 0, 2)",supports-gft-errors,
VisionPro,"(1, 0, 2)",supports-gft-relay,
VisionPro,"(1, 0, 2)",supports-harmony,
VisionPro,"(1, 0, 2)",supports-hdr,
VisionPro,"(1, 0, 2)",supports-heif,True
VisionPro,"(1, 0, 2)",supports-hi-res-vid,
VisionPro,"(1, 0, 2)",supports-hk-resident,
VisionPro,"(1, 0, 2)",supports-hybrid-groups-v1,
VisionPro,"(1, 0, 2)",supports-ii-v1,
VisionPro,"(1, 0, 2)",supports-impact-v1,
VisionPro,"(1, 0, 2)",supports-incoming-fmd-v1,
VisionPro,"(1, 0, 2)",supports-inline-attachments,
VisionPro,"(1, 0, 2)",supports-keep-receipts,
VisionPro,"(1, 0, 2)",supports-key-sharing,
VisionPro,"(1, 0, 2)",supports-live-delivery,
VisionPro,"(1, 0, 2)",supports-location-sharing,
VisionPro,"(1, 0, 2)",supports-manatee-for-apple-cash,
VisionPro,"(1, 0, 2)",supports-maps-protocol-v5,
VisionPro,"(1, 0, 2)",supports-maps-routing-path-leg,
VisionPro,"(1, 0, 2)",supports-maps-waypoint-route-sharing,
VisionPro,"(1, 0, 2)",supports-media-v2,
VisionPro,"(1, 0, 2)",supports-mirage,
VisionPro,"(1, 0, 2)",supports-modern-gft,
VisionPro,"(1, 0, 2)",supports-original-timestamp-v1,
VisionPro,"(1, 0, 2)",supports-people-ranging-v1,
VisionPro,"(1, 0, 2)",supports-people-request-messages,
VisionPro,"(1, 0, 2)",supports-people-request-messages-v2,
VisionPro,"(1, 0, 2)",supports-people-request-messages-v3,
VisionPro,"(1, 0, 2)",supports-photos-extension-v1,
VisionPro,"(1, 0, 2)",supports-photos-extension-v2,
VisionPro,"(1, 0, 2)",supports-protobuf-payload-data-v2,
VisionPro,"(1, 0, 2)",supports-recurring-payment-bubbles,
VisionPro,"(1, 0, 2)",supports-region-for-apple-cash,
VisionPro,"(1, 0, 2)",supports-rem,
VisionPro,"(1, 0, 2)",supports-sa-v1,
VisionPro,"(1, 0, 2)",supports-screen-time-v2,
VisionPro,"(1, 0, 2)",supports-secure-loc-v1,
VisionPro,"(1, 0, 2)",supports-self-one-to-one-invites,
VisionPro,"(1, 0, 2)",supports-shared-exp,
VisionPro,"(1, 0, 2)",supports-sos-alerting,
VisionPro,"(1, 0, 2)",supports-st-er,
VisionPro,"(1, 0, 2)",supports-st-v1,
VisionPro,"(1, 0, 2)",supports-sticker-editing,
VisionPro,"(1, 0, 2)",supports-update-attachments-v1,
VisionPro,"(1, 0, 2)",supports-uwb,False
VisionPro,"(1, 0, 2)",supports-zelkova,False
VisionPro,"(2, 0)",device-key-signature,
VisionPro,"(2, 0)",ec-version,1.0
VisionPro,"(2, 0)",is-c2k-equipment,
VisionPro,"(2, 0)",is-green-tea,
VisionPro,"(2, 0)",is-web-client,
VisionPro,"(2, 0)",kt-version,5.0
VisionPro,"(2, 0)",nicknames-version,
VisionPro,"(2, 0)",optionally-receive-typing-indicators,
VisionPro,"(2, 0)",prefers-sdr,
VisionPro,"(2, 0)",sender-key-message-version,
VisionPro,"(2, 0)",show-peer-errors,
VisionPro,"(2, 0)",supports-ack-v1,
VisionPro,"(2, 0)",supports-activity-sharing-v1,
VisionPro,"(2, 0)",supports-animoji-v2,
VisionPro,"(2, 0)",supports-askto,
VisionPro,"(2, 0)",supports-audio-messaging-v2,
VisionPro,"(2, 0)",supports-autoloopvideo-v1,
VisionPro,"(2, 0)",supports-avless,
VisionPro,"(2, 0)",supports-be-v1,
VisionPro,"(2, 0)",supports-beacon-sharing-v2,
VisionPro,"(2, 0)",supports-beacon-sharing-v3,
VisionPro,"(2, 0)",supports-beneficiary-invites,
VisionPro,"(2, 0)",supports-ca-v1,
VisionPro,"(2, 0)",supports-certified-delivery-v1,
VisionPro,"(2, 0)",supports-co,
VisionPro,"(2, 0)",supports-cross-platform-sharing,
VisionPro,"(2, 0)",supports-dq-nr,
VisionPro,"(2, 0)",supports-emoji-images,
VisionPro,"(2, 0)",supports-emoji-stickers,
VisionPro,"(2, 0)",supports-emoji-tapbacks,
VisionPro,"(2, 0)",supports-family-invite-message-bubble,
VisionPro,"(2, 0)",supports-findmy-plugin-messages,
VisionPro,"(2, 0)",supports-fm-fence-v1,
VisionPro,"(2, 0)",supports-fmd-v2,
VisionPro,"(2, 0)",supports-fsm-v1,
VisionPro,"(2, 0)",supports-fsm-v2,
VisionPro,"(2, 0)",supports-fsm-v3,
VisionPro,"(2, 0)",supports-gft-calls,
VisionPro,"(2, 0)",supports-gft-errors,
VisionPro,"(2, 0)",supports-gft-relay,
VisionPro,"(2, 0)",supports-group-photo-refresh-version,
VisionPro,"(2, 0)",supports-harmony,
VisionPro,"(2, 0)",supports-hdr,
VisionPro,"(2, 0)",supports-heif,True
VisionPro,"(2, 0)",supports-hi-res-vid,
VisionPro,"(2, 0)",supports-high-quality-photo-file-sizes,
VisionPro,"(2, 0)",supports-hk-resident,
VisionPro,"(2, 0)",supports-hybrid-groups-v1,
VisionPro,"(2, 0)",supports-ii-v1,
VisionPro,"(2, 0)",supports-impact-v1,
VisionPro,"(2, 0)",supports-incoming-fmd-v1,
VisionPro,"(2, 0)",supports-inline-attachments,
VisionPro,"(2, 0)",supports-keep-receipts,
VisionPro,"(2, 0)",supports-key-sharing,
VisionPro,"(2, 0)",supports-live-delivery,
VisionPro,"(2, 0)",supports-location-sharing,
VisionPro,"(2, 0)",supports-manatee-activity-sharing,
VisionPro,"(2, 0)",supports-manatee-for-apple-cash,
VisionPro,"(2, 0)",supports-maps-protocol-v5,
VisionPro,"(2, 0)",supports-maps-routing-path-leg,
VisionPro,"(2, 0)",supports-maps-waypoint-route-sharing,
VisionPro,"(2, 0)",supports-media-v2,
VisionPro,"(2, 0)",supports-mirage,
VisionPro,"(2, 0)",supports-modern-gft,
VisionPro,"(2, 0)",supports-original-timestamp-v1,
VisionPro,"(2, 0)",supports-people-ranging-v1,
VisionPro,"(2, 0)",supports-people-request-messages,
VisionPro,"(2, 0)",supports-people-request-messages-v2,
VisionPro,"(2, 0)",supports-people-request-messages-v3,
VisionPro,"(2, 0)",supports-photos-extension-v1,
VisionPro,"(2, 0)",supports-photos-extension-v2,
VisionPro,"(2, 0)",supports-protobuf-payload-data-v2,
VisionPro,"(2, 0)",supports-recurring-payment-bubbles,
VisionPro,"(2, 0)",supports-region-for-apple-cash,
VisionPro,"(2, 0)",supports-rem,
VisionPro,"(2, 0)",supports-remote-atv-signin,
VisionPro,"(2, 0)",supports-restricted-guest,
VisionPro,"(2, 0)",supports-sa-v1,
VisionPro,"(2, 0)",supports-screen-time-v2,
VisionPro,"(2, 0)",supports-secure-loc-v1,
VisionPro,"(2, 0)",supports-self-one-to-one-invites,
VisionPro,"(2, 0)",supports-send-later-messages,
VisionPro,"(2, 0)",supports-sender-key-v1,
VisionPro,"(2, 0)",supports-shared-exp,
VisionPro,"(2, 0)",supports-sos-alerting,
VisionPro,"(2, 0)",supports-ssrc,
VisionPro,"(2, 0)",supports-st-er,
VisionPro,"(2, 0)",supports-st-v1,
VisionPro,"(2, 0)",supports-stewie,False
VisionPro,"(2, 0)",supports-stick-moji-backs,
VisionPro,"(2, 0)",supports-sticker-editing,
VisionPro,"(2, 0)",supports-update-attachments-v1,
VisionPro,"(2, 0)",supports-uwb,False
VisionPro,"(2, 0)",supports-zelkova,False
VisionPro,"(26, 0)",device-key-signature,
VisionPro,"(26, 0)",ec-version,1.0
VisionPro,"(26, 0)",is-c2k-equipment,
VisionPro,"(26, 0)",is-green-tea,
VisionPro,"(26, 0)",is-web-client,
VisionPro,"(26, 0)",kt-version,5.0
VisionPro,"(26, 0)",nicknames-version,
VisionPro,"(26, 0)",optionally-receive-typing-indicators,
VisionPro,"(26, 0)",prefers-sdr,
VisionPro,"(26, 0)",sender-key-message-version,
VisionPro,"(26, 0)",show-peer-errors,
VisionPro,"(26, 0)",supports-ack-v1,
VisionPro,"(26, 0)",supports-activity-sharing-v1,
VisionPro,"(26, 0)",supports-adaptive-temperature-automations,
VisionPro,"(26, 0)",supports-animoji-v2,
VisionPro,"(26, 0)",supports-askto,
VisionPro,"(26, 0)",supports-askto-v2,
VisionPro,"(26, 0)",supports-audio-messaging-v2,
VisionPro,"(26, 0)",supports-autoloopvideo-v1,
VisionPro,"(26, 0)",supports-avless,
VisionPro,"(26, 0)",supports-be-v1,
VisionPro,"(26, 0)",supports-beacon-sharing-v2,
VisionPro,"(26, 0)",supports-beacon-sharing-v3,
VisionPro,"(26, 0)",supports-beneficiary-invites,
VisionPro,"(26, 0)",supports-ca-v1,
VisionPro,"(26, 0)",supports-calls-25,
VisionPro,"(26, 0)",supports-certified-delivery-v1,
VisionPro,"(26, 0)",supports-ckv-enforcement,
VisionPro,"(26, 0)",supports-co,
VisionPro,"(26, 0)",supports-cross-platform-sharing,
VisionPro,"(26, 0)",supports-dq-nr,
VisionPro,"(26, 0)",supports-emoji-images,
VisionPro,"(26, 0)",supports-emoji-stickers,
VisionPro,"(26, 0)",supports-emoji-tapbacks,
VisionPro,"(26, 0)",supports-family-invite-message-bubble,
VisionPro,"(26, 0)",supports-findmy-plugin-messages,
VisionPro,"(26, 0)",supports-fm-fence-v1,
VisionPro,"(26, 0)",supports-fmd-v2,True
VisionPro,"(26, 0)",supports-fsm-v1,
VisionPro,"(26, 0)",supports-fsm-v2,
VisionPro,"(26, 0)",supports-fsm-v3,
VisionPro,"(26, 0)",supports-gft-calls,
VisionPro,"(26, 0)",supports-gft-errors,
VisionPro,"(26, 0)",supports-gft-relay,
VisionPro,"(26, 0)",supports-group-apple-cash,
VisionPro,"(26, 0)",supports-group-photo-refresh-version,
VisionPro,"(26, 0)",supports-gti,
VisionPro,"(26, 0)",supports-harmony,
VisionPro,"(26, 0)",supports-hdr,
VisionPro,"(26, 0)",supports-heif,True
VisionPro,"(26, 0)",supports-hi-res-vid,
VisionPro,"(26, 0)",supports-high-quality-photo-file-sizes,
VisionPro,"(26, 0)",supports-hk-resident,
VisionPro,"(26, 0)",supports-hybrid-groups-v1,
VisionPro,"(26, 0)",supports-ii-v1,
VisionPro,"(26, 0)",supports-impact-v1,
VisionPro,"(26, 0)",supports-incoming-fmd-v1,
VisionPro,"(26, 0)",supports-inline-attachments,
VisionPro,"(26, 0)",supports-introductions-v1,
VisionPro,"(26, 0)",supports-keep-receipts,
VisionPro,"(26, 0)",supports-key-sharing,
VisionPro,"(26, 0)",supports-legacy-contact-invites-v1,
VisionPro,"(26, 0)",supports-legacy-contact-invites-v2,
VisionPro,"(26, 0)",supports-legacy-contact-invites-v3,
VisionPro,"(26, 0)",supports-live-delivery,
VisionPro,"(26, 0)",supports-live-translation,
VisionPro,"(26, 0)",supports-location-sharing,
VisionPro,"(26, 0)",supports-lqm-hq,
VisionPro,"(26, 0)",supports-manatee-activity-sharing,
VisionPro,"(26, 0)",supports-manatee-for-apple-cash,
VisionPro,"(26, 0)",supports-maps-protocol-v5,
VisionPro,"(26, 0)",supports-maps-routing-path-leg,
VisionPro,"(26, 0)",supports-maps-waypoint-route-sharing,
VisionPro,"(26, 0)",supports-maps-wgs84-elevation-model,
VisionPro,"(26, 0)",supports-media-v2,
VisionPro,"(26, 0)",supports-mirage,
VisionPro,"(26, 0)",supports-modern-gft,
VisionPro,"(26, 0)",supports-nearby-facetime,
VisionPro,"(26, 0)",supports-original-timestamp-v1,
VisionPro,"(26, 0)",supports-people-ranging-v1,
VisionPro,"(26, 0)",supports-people-request-messages,
VisionPro,"(26, 0)",supports-people-request-messages-v2,
VisionPro,"(26, 0)",supports-people-request-messages-v3,
VisionPro,"(26, 0)",supports-photos-extension-v1,
VisionPro,"(26, 0)",supports-photos-extension-v2,
VisionPro,"(26, 0)",supports-polls,
VisionPro,"(26, 0)",supports-protobuf-payload-data-v2,
VisionPro,"(26, 0)",supports-qta,
VisionPro,"(26, 0)",supports-queue-one-read-receipts,
VisionPro,"(26, 0)",supports-rbm-chatbot,
VisionPro,"(26, 0)",supports-recovery-contact-upsell,
VisionPro,"(26, 0)",supports-recurring-payment-bubbles,
VisionPro,"(26, 0)",supports-region-for-apple-cash,
VisionPro,"(26, 0)",supports-rem,
VisionPro,"(26, 0)",supports-remote-atv-signin,
VisionPro,"(26, 0)",supports-restricted-guest,
VisionPro,"(26, 0)",supports-sa-v1,
VisionPro,"(26, 0)",supports-screen-time-v2,
VisionPro,"(26, 0)",supports-secure-loc-v1,
VisionPro,"(26, 0)",supports-self-one-to-one-invites,
VisionPro,"(26, 0)",supports-send-later-messages,
VisionPro,"(26, 0)",supports-sender-key-self-check,
VisionPro,"(26, 0)",supports-sender-key-v1,
VisionPro,"(26, 0)",supports-shared-exp,
VisionPro,"(26, 0)",supports-sos-alerting,
VisionPro,"(26, 0)",supports-ssrc,
VisionPro,"(26, 0)",supports-st-er,
VisionPro,"(26, 0)",supports-st-v1,
VisionPro,"(26, 0)",supports-stewie,False
VisionPro,"(26, 0)",supports-stick-moji-backs,
VisionPro,"(26, 0)",supports-sticker-editing,
VisionPro,"(26, 0)",supports-transcript-backgrounds,
VisionPro,"(26, 0)",supports-update-attachments-v1,
VisionPro,"(26, 0)",supports-uriless-membership-updates,
VisionPro,"(26, 0)",supports-user-driven-call-activation,
VisionPro,"(26, 0)",supports-uwb,False
VisionPro,"(26, 0)",supports-zelkova,False
VisionPro,"(26, 3)",device-key-signature,
VisionPro,"(26, 3)",ec-version,1.0
VisionPro,"(26, 3)",is-c2k-equipment,
VisionPro,"(26, 3)",is-green-tea,
VisionPro,"(26, 3)",is-web-client,
VisionPro,"(26, 3)",kt-version,5.0
VisionPro,"(26, 3)",nicknames-version,
VisionPro,"(26, 3)",optionally-receive-typing-indicators,
VisionPro,"(26, 3)",prefers-sdr,
VisionPro,"(26, 3)",sender-key-message-version,
VisionPro,"(26, 3)",show-peer-errors,
VisionPro,"(26, 3)",supports-ack-v1,
VisionPro,"(26, 3)",supports-activity-sharing-v1,
VisionPro,"(26, 3)",supports-adaptive-temperature-automations,
VisionPro,"(26, 3)",supports-animoji-v2,
VisionPro,"(26, 3)",supports-askto,
VisionPro,"(26, 3)",supports-askto-responseUI,
VisionPro,"(26, 3)",supports-askto-v2,
VisionPro,"(26, 3)",supports-audio-messaging-v2,
VisionPro,"(26, 3)",supports-autoloopvideo-v1,
VisionPro,"(26, 3)",supports-avless,
VisionPro,"(26, 3)",supports-be-v1,
VisionPro,"(26, 3)",supports-beacon-sharing-v2,
VisionPro,"(26, 3)",supports-beacon-sharing-v3,
VisionPro,"(26, 3)",supports-beneficiary-invites,
VisionPro,"(26, 3)",supports-ca-v1,
VisionPro,"(26, 3)",supports-calls-25,
VisionPro,"(26, 3)",supports-certified-delivery-v1,
VisionPro,"(26, 3)",supports-ckv-enforcement,
VisionPro,"(26, 3)",supports-co,
VisionPro,"(26, 3)",supports-cross-platform-sharing,
VisionPro,"(26, 3)",supports-dq-nr,
VisionPro,"(26, 3)",supports-emoji-images,
VisionPro,"(26, 3)",supports-emoji-stickers,
VisionPro,"(26, 3)",supports-emoji-tapbacks,
VisionPro,"(26, 3)",supports-family-invite-message-bubble,
VisionPro,"(26, 3)",supports-findmy-plugin-messages,
VisionPro,"(26, 3)",supports-fm-fence-v1,
VisionPro,"(26, 3)",supports-fmd-v2,True
VisionPro,"(26, 3)",supports-fsm-v1,
VisionPro,"(26, 3)",supports-fsm-v2,
VisionPro,"(26, 3)",supports-fsm-v3,
VisionPro,"(26, 3)",supports-gft-calls,
VisionPro,"(26, 3)",supports-gft-errors,
VisionPro,"(26, 3)",supports-gft-relay,
VisionPro,"(26, 3)",supports-group-apple-cash,
VisionPro,"(26, 3)",supports-group-photo-refresh-version,
VisionPro,"(26, 3)",supports-gti,
VisionPro,"(26, 3)",supports-harmony,
VisionPro,"(26, 3)",supports-hdr,
VisionPro,"(26, 3)",supports-heif,True
VisionPro,"(26, 3)",supports-hi-res-vid,
VisionPro,"(26, 3)",supports-high-quality-photo-file-sizes,
VisionPro,"(26, 3)",supports-hk-resident,
VisionPro,"(26, 3)",supports-hybrid-groups-v1,
VisionPro,"(26, 3)",supports-ii-v1,
VisionPro,"(26, 3)",supports-impact-v1,
VisionPro,"(26, 3)",supports-incoming-fmd-v1,
VisionPro,"(26, 3)",supports-inline-attachments,
VisionPro,"(26, 3)",supports-introductions-v1,
VisionPro,"(26, 3)",supports-keep-receipts,
VisionPro,"(26, 3)",supports-key-sharing,
VisionPro,"(26, 3)",supports-legacy-contact-invites-v1,
VisionPro,"(26, 3)",supports-legacy-contact-invites-v2,
VisionPro,"(26, 3)",supports-legacy-contact-invites-v3,
VisionPro,"(26, 3)",supports-live-delivery,
VisionPro,"(26, 3)",supports-live-translation,
VisionPro,"(26, 3)",supports-location-sharing,
VisionPro,"(26, 3)",supports-lqm-hq,
VisionPro,"(26, 3)",supports-manatee-activity-sharing,
VisionPro,"(26, 3)",supports-manatee-for-apple-cash,
VisionPro,"(26, 3)",supports-maps-protocol-v5,
VisionPro,"(26, 3)",supports-maps-routing-path-leg,
VisionPro,"(26, 3)",supports-maps-waypoint-route-sharing,
VisionPro,"(26, 3)",supports-maps-wgs84-elevation-model,
VisionPro,"(26, 3)",supports-media-v2,
VisionPro,"(26, 3)",supports-mirage,
VisionPro,"(26, 3)",supports-modern-gft,
VisionPro,"(26, 3)",supports-nearby-facetime,
VisionPro,"(26, 3)",supports-original-timestamp-v1,
VisionPro,"(26, 3)",supports-people-ranging-v1,
VisionPro,"(26, 3)",supports-people-request-messages,
VisionPro,"(26, 3)",supports-people-request-messages-v2,
VisionPro,"(26, 3)",supports-people-request-messages-v3,
VisionPro,"(26, 3)",supports-photos-extension-v1,
VisionPro,"(26, 3)",supports-photos-extension-v2,
VisionPro,"(26, 3)",supports-polls,
VisionPro,"(26, 3)",supports-protobuf-payload-data-v2,
VisionPro,"(26, 3)",supports-qta,
VisionPro,"(26, 3)",supports-queue-one-read-receipts-v3,
VisionPro,"(26, 3)",supports-rbm-chatbot,
VisionPro,"(26, 3)",supports-recovery-contact-upsell,
VisionPro,"(26, 3)",supports-recurring-payment-bubbles,
VisionPro,"(26, 3)",supports-region-for-apple-cash,
VisionPro,"(26, 3)",supports-rem,
VisionPro,"(26, 3)",supports-remote-atv-signin,
VisionPro,"(26, 3)",supports-restricted-guest,
VisionPro,"(26, 3)",supports-sa-v1,
VisionPro,"(26, 3)",supports-screen-time-v2,
VisionPro,"(26, 3)",supports-secure-loc-v1,
VisionPro,"(26, 3)",supports-self-one-to-one-invites,
VisionPro,"(26, 3)",supports-send-later-messages,
VisionPro,"(26, 3)",supports-sender-key-self-check,
VisionPro,"(26, 3)",supports-sender-key-v1,
VisionPro,"(26, 3)",supports-shared-exp,
VisionPro,"(26, 3)",supports-significant-app-update,
VisionPro,"(26, 3)",supports-sos-alerting,
VisionPro,"(26, 3)",supports-ssrc,
VisionPro,"(26, 3)",supports-st-er,
VisionPro,"(26, 3)",supports-st-v1,
VisionPro,"(26, 3)",supports-stewie,False
VisionPro,"(26, 3)",supports-stick-moji-backs,
VisionPro,"(26, 3)",supports-sticker-editing,
VisionPro,"(26, 3)",supports-transcript-backgrounds,
VisionPro,"(26, 3)",supports-update-attachments-v1,
VisionPro,"(26, 3)",supports-uriless-membership-updates,
VisionPro,"(26, 3)",supports-user-driven-call-activation,
VisionPro,"(26, 3)",supports-uwb,False
VisionPro,"(26, 3)",supports-zelkova,False
iPad,"(11, 0, 1)",is-c2k-equipment,
iPad,"(11, 0, 1)",optionally-receive-typing-indicators,
iPad,"(11, 0, 1)",show-peer-errors,
iPad,"(11, 0, 1)",supports-ack-v1,
iPad,"(11, 0, 1)",supports-activity-sharing-v1,
iPad,"(11, 0, 1)",supports-autoloopvideo-v1,
iPad,"(11, 0, 1)",supports-be-v1,
iPad,"(11, 0, 1)",supports-ca-v1,
iPad,"(11, 0, 1)",supports-fsm-v1,
iPad,"(11, 0, 1)",supports-fsm-v2,
iPad,"(11, 0, 1)",supports-fsm-v3,
iPad,"(11, 0, 1)",supports-ii-v1,
iPad,"(11, 0, 1)",supports-impact-v1,
iPad,"(11, 0, 1)",supports-inline-attachments,
iPad,"(11, 0, 1)",supports-keep-receipts,
iPad,"(11, 0, 1)",supports-location-sharing,
iPad,"(11, 0, 1)",supports-media-v2,
iPad,"(11, 0, 1)",supports-st-v1,
iPad,"(11, 0, 1)",supports-update-attachments-v1,
iPad,"(12, 0)",is-c2k-equipment,
iPad,"(12, 0)",optionally-receive-typing-indicators,
iPad,"(12, 0)",show-peer-errors,
iPad,"(12, 0)",supports-ack-v1,
iPad,"(12, 0)",supports-activity-sharing-v1,
iPad,"(12, 0)",supports-autoloopvideo-v1,
iPad,"(12, 0)",supports-be-v1,
iPad,"(12, 0)",supports-ca-v1,
iPad,"(12, 0)",supports-fsm-v1,
iPad,"(12, 0)",supports-fsm-v2,
iPad,"(12, 0)",supports-fsm-v3,
iPad,"(12, 0)",supports-ii-v1,
iPad,"(12, 0)",supports-impact-v1,
iPad,"(12, 0)",supports-inline-attachments,
iPad,"(12, 0)",supports-keep-receipts,
iPad,"(12, 0)",supports-location-sharing,
iPad,"(12, 0)",supports-media-v2,
iPad,"(12, 0)",supports-photos-extension-v1,
iPad,"(12, 0)",supports-st-v1,
iPad,"(12, 0)",supports-update-attachments-v1,
iPad,"(13, 1)",ec-version,
iPad,"(13, 1)",is-c2k-equipment,
iPad,"(13, 1)",kt-version,
iPad,"(13, 1)",nicknames-version,
iPad,"(13, 1)",optionally-receive-typing-indicators,
iPad,"(13, 1)",show-peer-errors,
iPad,"(13, 1)",supports-ack-v1,
iPad,"(13, 1)",supports-activity-sharing-v1,
iPad,"(13, 1)",supports-animoji-v2,
iPad,"(13, 1)",supports-audio-messaging-v2,
iPad,"(13, 1)",supports-autoloopvideo-v1,
iPad,"(13, 1)",supports-be-v1,
iPad,"(13, 1)",supports-ca-v1,
iPad,"(13, 1)",supports-certified-delivery-v1,
iPad,"(13, 1)",supports-fsm-v1,
iPad,"(13, 1)",supports-fsm-v2,
iPad,"(13, 1)",supports-fsm-v3,
iPad,"(13, 1)",supports-ii-v1,
iPad,"(13, 1)",supports-impact-v1,
iPad,"(13, 1)",supports-incoming-fmd-v1,
iPad,"(13, 1)",supports-inline-attachments,
iPad,"(13, 1)",supports-keep-receipts,
iPad,"(13, 1)",supports-live-delivery,
iPad,"(13, 1)",supports-location-sharing,
iPad,"(13, 1)",supports-media-v2,
iPad,"(13, 1)",supports-original-timestamp-v1,
iPad,"(13, 1)",supports-photos-extension-v1,
iPad,"(13, 1)",supports-protobuf-payload-data-v1,
iPad,"(13, 1)",supports-screen-time-v2,
iPad,"(13, 1)",supports-st-v1,
iPad,"(13, 1)",supports-update-attachments-v1,
iPad,"(14, 0)",ec-version,1.0
iPad,"(14, 0)",is-c2k-equipment,
iPad,"(14, 0)",kt-version,4.0
iPad,"(14, 0)",nicknames-version,
iPad,"(14, 0)",optionally-receive-typing-indicators,
iPad,"(14, 0)",prefers-sdr,
iPad,"(14, 0)",show-peer-errors,
iPad,"(14, 0)",supports-ack-v1,
iPad,"(14, 0)",supports-activity-sharing-v1,
iPad,"(14, 0)",supports-animoji-v2,
iPad,"(14, 0)",supports-audio-messaging-v2,
iPad,"(14, 0)",supports-autoloopvideo-v1,
iPad,"(14, 0)",supports-be-v1,
iPad,"(14, 0)",supports-ca-v1,
iPad,"(14, 0)",supports-certified-delivery-v1,
iPad,"(14, 0)",supports-fm-fence-v1,True
iPad,"(14, 0)",supports-fmd-v2,
iPad,"(14, 0)",supports-fsm-v1,
iPad,"(14, 0)",supports-fsm-v2,
iPad,"(14, 0)",supports-fsm-v3,
iPad,"(14, 0)",supports-harmony,
iPad,"(14, 0)",supports-hdr,False
iPad,"(14, 0)",supports-heif,True
iPad,"(14, 0)",supports-ii-v1,
iPad,"(14, 0)",supports-impact-v1,
iPad,"(14, 0)",supports-incoming-fmd-v1,
iPad,"(14, 0)",supports-inline-attachments,
iPad,"(14, 0)",supports-keep-receipts,
iPad,"(14, 0)",supports-key-sharing,
iPad,"(14, 0)",supports-live-delivery,
iPad,"(14, 0)",supports-location-sharing,
iPad,"(14, 0)",supports-manatee-for-apple-cash,
iPad,"(14, 0)",supports-media-v2,
iPad,"(14, 0)",supports-original-timestamp-v1,
iPad,"(14, 0)",supports-photos-extension-v1,
iPad,"(14, 0)",supports-protobuf-payload-data-v2,
iPad,"(14, 0)",supports-region-for-apple-cash,
iPad,"(14, 0)",supports-screen-time-v2,
iPad,"(14, 0)",supports-st-v1,
iPad,"(14, 0)",supports-update-attachments-v1,
iPad,"(15, 0)",ec-version,1.0
iPad,"(15, 0)",is-c2k-equipment,
iPad,"(15, 0)",is-green-tea,
iPad,"(15, 0)",kt-version,4.0
iPad,"(15, 0)",nicknames-version,
iPad,"(15, 0)",optionally-receive-typing-indicators,
iPad,"(15, 0)",prefers-sdr,
iPad,"(15, 0)",show-peer-errors,
iPad,"(15, 0)",supports-ack-v1,
iPad,"(15, 0)",supports-activity-sharing-v1,
iPad,"(15, 0)",supports-animoji-v2,
iPad,"(15, 0)",supports-audio-messaging-v2,
iPad,"(15, 0)",supports-autoloopvideo-v1,
iPad,"(15, 0)",supports-be-v1,
iPad,"(15, 0)",supports-beacon-sharing-v2,
iPad,"(15, 0)",supports-ca-v1,
iPad,"(15, 0)",supports-certified-delivery-v1,
iPad,"(15, 0)",supports-co,
iPad,"(15, 0)",supports-dq-nr,
iPad,"(15, 0)",supports-fm-fence-v1,True
iPad,"(15, 0)",supports-fmd-v2,
iPad,"(15, 0)",supports-fsm-v1,
iPad,"(15, 0)",supports-fsm-v2,
iPad,"(15, 0)",supports-fsm-v3,
iPad,"(15, 0)",supports-gft-calls,
iPad,"(15, 0)",supports-gft-errors,
iPad,"(15, 0)",supports-harmony,
iPad,"(15, 0)",supports-hdr,
iPad,"(15, 0)",supports-heif,True
iPad,"(15, 0)",supports-hk-resident,
iPad,"(15, 0)",supports-ii-v1,
iPad,"(15, 0)",supports-impact-v1,
iPad,"(15, 0)",supports-incoming-fmd-v1,
iPad,"(15, 0)",supports-inline-attachments,
iPad,"(15, 0)",supports-keep-receipts,
iPad,"(15, 0)",supports-key-sharing,
iPad,"(15, 0)",supports-live-delivery,
iPad,"(15, 0)",supports-location-sharing,
iPad,"(15, 0)",supports-manatee-for-apple-cash,
iPad,"(15, 0)",supports-maps-routing-path-leg,
iPad,"(15, 0)",supports-media-v2,
iPad,"(15, 0)",supports-modern-gft,
iPad,"(15, 0)",supports-original-timestamp-v1,
iPad,"(15, 0)",supports-photos-extension-v1,
iPad,"(15, 0)",supports-photos-extension-v2,
iPad,"(15, 0)",supports-protobuf-payload-data-v2,
iPad,"(15, 0)",supports-region-for-apple-cash,
iPad,"(15, 0)",supports-sa-v1,
iPad,"(15, 0)",supports-screen-time-v2,
iPad,"(15, 0)",supports-secure-loc-v1,
iPad,"(15, 0)",supports-st-v1,
iPad,"(15, 0)",supports-update-attachments-v1,
iPad,"(15, 0)",supports-uwb,False
iPad,"(16, 1)",device-key-signature,
iPad,"(16, 1)",ec-version,1.0
iPad,"(16, 1)",is-c2k-equipment,
iPad,"(16, 1)",is-green-tea,
iPad,"(16, 1)",is-web-client,
iPad,"(16, 1)",kt-version,4.0
iPad,"(16, 1)",nicknames-version,
iPad,"(16, 1)",optionally-receive-typing-indicators,
iPad,"(16, 1)",prefers-sdr,
iPad,"(16, 1)",show-peer-errors,
iPad,"(16, 1)",supports-ack-v1,
iPad,"(16, 1)",supports-activity-sharing-v1,
iPad,"(16, 1)",supports-animoji-v2,
iPad,"(16, 1)",supports-audio-messaging-v2,
iPad,"(16, 1)",supports-autoloopvideo-v1,
iPad,"(16, 1)",supports-avless,
iPad,"(16, 1)",supports-be-v1,
iPad,"(16, 1)",supports-beacon-sharing-v2,
iPad,"(16, 1)",supports-beneficiary-invites,
iPad,"(16, 1)",supports-ca-v1,
iPad,"(16, 1)",supports-certified-delivery-v1,
iPad,"(16, 1)",supports-co,
iPad,"(16, 1)",supports-cross-platform-sharing,
iPad,"(16, 1)",supports-dq-nr,
iPad,"(16, 1)",supports-family-invite-message-bubble,
iPad,"(16, 1)",supports-fm-fence-v1,True
iPad,"(16, 1)",supports-fmd-v2,
iPad,"(16, 1)",supports-fsm-v1,
iPad,"(16, 1)",supports-fsm-v2,
iPad,"(16, 1)",supports-fsm-v3,
iPad,"(16, 1)",supports-gft-calls,
iPad,"(16, 1)",supports-gft-errors,
iPad,"(16, 1)",supports-harmony,
iPad,"(16, 1)",supports-hdr,
iPad,"(16, 1)",supports-heif,True
iPad,"(16, 1)",supports-hk-resident,
iPad,"(16, 1)",supports-ii-v1,
iPad,"(16, 1)",supports-impact-v1,
iPad,"(16, 1)",supports-incoming-fmd-v1,
iPad,"(16, 1)",supports-inline-attachments,
iPad,"(16, 1)",supports-keep-receipts,
iPad,"(16, 1)",supports-key-sharing,
iPad,"(16, 1)",supports-live-delivery,
iPad,"(16, 1)",supports-location-sharing,
iPad,"(16, 1)",supports-manatee-for-apple-cash,
iPad,"(16, 1)",supports-maps-protocol-v5,
iPad,"(16, 1)",supports-maps-routing-path-leg,
iPad,"(16, 1)",supports-maps-waypoint-route-sharing,
iPad,"(16, 1)",supports-media-v2,
iPad,"(16, 1)",supports-mirage,
iPad,"(16, 1)",supports-modern-gft,
iPad,"(16, 1)",supports-original-timestamp-v1,
iPad,"(16, 1)",supports-people-request-messages,
iPad,"(16, 1)",supports-photos-extension-v1,
iPad,"(16, 1)",supports-photos-extension-v2,
iPad,"(16, 1)",supports-protobuf-payload-data-v2,
iPad,"(16, 1)",supports-region-for-apple-cash,
iPad,"(16, 1)",supports-rem,
iPad,"(16, 1)",supports-sa-v1,
iPad,"(16, 1)",supports-screen-time-v2,
iPad,"(16, 1)",supports-secure-loc-v1,
iPad,"(16, 1)",supports-self-one-to-one-invites,
iPad,"(16, 1)",supports-shared-exp,
iPad,"(16, 1)",supports-st-er,
iPad,"(16, 1)",supports-st-v1,
iPad,"(16, 1)",supports-update-attachments-v1,
iPad,"(16, 1)",supports-uwb,False
iPad,"(17, 0)",device-key-signature,
iPad,"(17, 0)",ec-version,1.0
iPad,"(17, 0)",is-c2k-equipment,
iPad,"(17, 0)",is-green-tea,
iPad,"(17, 0)",is-web-client,
iPad,"(17, 0)",kt-version,5.0
iPad,"(17, 0)",nicknames-version,
iPad,"(17, 0)",optionally-receive-typing-indicators,
iPad,"(17, 0)",prefers-sdr,
iPad,"(17, 0)",show-peer-errors,
iPad,"(17, 0)",supports-ack-v1,
iPad,"(17, 0)",supports-activity-sharing-v1,
iPad,"(17, 0)",supports-animoji-v2,
iPad,"(17, 0)",supports-askto,
iPad,"(17, 0)",supports-audio-messaging-v2,
iPad,"(17, 0)",supports-autoloopvideo-v1,
iPad,"(17, 0)",supports-avless,
iPad,"(17, 0)",supports-be-v1,
iPad,"(17, 0)",supports-beacon-sharing-v2,
iPad,"(17, 0)",supports-beacon-sharing-v3,
iPad,"(17, 0)",supports-beneficiary-invites,
iPad,"(17, 0)",supports-ca-v1,
iPad,"(17, 0)",supports-certified-delivery-v1,
iPad,"(17, 0)",supports-co,
iPad,"(17, 0)",supports-cross-platform-sharing,
iPad,"(17, 0)",supports-dq-nr,
iPad,"(17, 0)",supports-emoji-stickers,
iPad,"(17, 0)",supports-family-invite-message-bubble,
iPad,"(17, 0)",supports-findmy-plugin-messages,
iPad,"(17, 0)",supports-fm-fence-v1,True
iPad,"(17, 0)",supports-fmd-v2,
iPad,"(17, 0)",supports-fsm-v1,
iPad,"(17, 0)",supports-fsm-v2,
iPad,"(17, 0)",supports-fsm-v3,
iPad,"(17, 0)",supports-gft-calls,
iPad,"(17, 0)",supports-gft-errors,
iPad,"(17, 0)",supports-gft-relay,
iPad,"(17, 0)",supports-harmony,
iPad,"(17, 0)",supports-hdr,
iPad,"(17, 0)",supports-heif,True
iPad,"(17, 0)",supports-hi-res-vid,
iPad,"(17, 0)",supports-hk-resident,
iPad,"(17, 0)",supports-hybrid-groups-v1,
iPad,"(17, 0)",supports-ii-v1,
iPad,"(17, 0)",supports-impact-v1,
iPad,"(17, 0)",supports-incoming-fmd-v1,
iPad,"(17, 0)",supports-inline-attachments,
iPad,"(17, 0)",supports-keep-receipts,
iPad,"(17, 0)",supports-key-sharing,
iPad,"(17, 0)",supports-live-delivery,
iPad,"(17, 0)",supports-location-sharing,
iPad,"(17, 0)",supports-manatee-for-apple-cash,
iPad,"(17, 0)",supports-maps-protocol-v5,
iPad,"(17, 0)",supports-maps-routing-path-leg,
iPad,"(17, 0)",supports-maps-waypoint-route-sharing,
iPad,"(17, 0)",supports-media-v2,
iPad,"(17, 0)",supports-mirage,
iPad,"(17, 0)",supports-modern-gft,
iPad,"(17, 0)",supports-original-timestamp-v1,
iPad,"(17, 0)",supports-people-ranging-v1,
iPad,"(17, 0)",supports-people-request-messages,
iPad,"(17, 0)",supports-people-request-messages-v2,
iPad,"(17, 0)",supports-people-request-messages-v3,
iPad,"(17, 0)",supports-photos-extension-v1,
iPad,"(17, 0)",supports-photos-extension-v2,
iPad,"(17, 0)",supports-protobuf-payload-data-v2,
iPad,"(17, 0)",supports-recurring-payment-bubbles,
iPad,"(17, 0)",supports-region-for-apple-cash,
iPad,"(17, 0)",supports-rem,
iPad,"(17, 0)",supports-sa-v1,
iPad,"(17, 0)",supports-screen-time-v2,
iPad,"(17, 0)",supports-secure-loc-v1,
iPad,"(17, 0)",supports-self-one-to-one-invites,
iPad,"(17, 0)",supports-shared-exp,
iPad,"(17, 0)",supports-sos-alerting,
iPad,"(17, 0)",supports-st-er,
iPad,"(17, 0)",supports-st-v1,
iPad,"(17, 0)",supports-sticker-editing,
iPad,"(17, 0)",supports-update-attachments-v1,
iPad,"(17, 0)",supports-uwb,False
iPad,"(17, 0)",supports-zelkova,False
iPad,"(17, 4)",device-key-signature,
iPad,"(17, 4)",ec-version,1.0
iPad,"(17, 4)",is-c2k-equipment,
iPad,"(17, 4)",is-green-tea,
iPad,"(17, 4)",is-web-client,
iPad,"(17, 4)",kt-version,5.0
iPad,"(17, 4)",nicknames-version,
iPad,"(17, 4)",optionally-receive-typing-indicators,
iPad,"(17, 4)",prefers-sdr,
iPad,"(17, 4)",show-peer-errors,
iPad,"(17, 4)",supports-ack-v1,
iPad,"(17, 4)",supports-activity-sharing-v1,
iPad,"(17, 4)",supports-animoji-v2,
iPad,"(17, 4)",supports-askto,
iPad,"(17, 4)",supports-audio-messaging-v2,
iPad,"(17, 4)",supports-autoloopvideo-v1,
iPad,"(17, 4)",supports-avless,
iPad,"(17, 4)",supports-be-v1,
iPad,"(17, 4)",supports-beacon-sharing-v2,
iPad,"(17, 4)",supports-beacon-sharing-v3,
iPad,"(17, 4)",supports-beneficiary-invites,
iPad,"(17, 4)",supports-ca-v1,
iPad,"(17, 4)",supports-certified-delivery-v1,
iPad,"(17, 4)",supports-co,
iPad,"(17, 4)",supports-cross-platform-sharing,
iPad,"(17, 4)",supports-dq-nr,
iPad,"(17, 4)",supports-emoji-stickers,
iPad,"(17, 4)",supports-family-invite-message-bubble,
iPad,"(17, 4)",supports-findmy-plugin-messages,
iPad,"(17, 4)",supports-fm-fence-v1,True
iPad,"(17, 4)",supports-fmd-v2,
iPad,"(17, 4)",supports-fsm-v1,
iPad,"(17, 4)",supports-fsm-v2,
iPad,"(17, 4)",supports-fsm-v3,
iPad,"(17, 4)",supports-gft-calls,
iPad,"(17, 4)",supports-gft-errors,
iPad,"(17, 4)",supports-gft-relay,
iPad,"(17, 4)",supports-group-photo-refresh-version,
iPad,"(17, 4)",supports-harmony,
iPad,"(17, 4)",supports-hdr,
iPad,"(17, 4)",supports-heif,True
iPad,"(17, 4)",supports-hi-res-vid,
iPad,"(17, 4)",supports-hk-resident,
iPad,"(17, 4)",supports-hybrid-groups-v1,
iPad,"(17, 4)",supports-ii-v1,
iPad,"(17, 4)",supports-impact-v1,
iPad,"(17, 4)",supports-incoming-fmd-v1,
iPad,"(17, 4)",supports-inline-attachments,
iPad,"(17, 4)",supports-keep-receipts,
iPad,"(17, 4)",supports-key-sharing,
iPad,"(17, 4)",supports-live-delivery,
iPad,"(17, 4)",supports-location-sharing,
iPad,"(17, 4)",supports-manatee-for-apple-cash,
iPad,"(17, 4)",supports-maps-protocol-v5,
iPad,"(17, 4)",supports-maps-routing-path-leg,
iPad,"(17, 4)",supports-maps-waypoint-route-sharing,
iPad,"(17, 4)",supports-media-v2,
iPad,"(17, 4)",supports-mirage,
iPad,"(17, 4)",supports-modern-gft,
iPad,"(17, 4)",supports-original-timestamp-v1,
iPad,"(17, 4)",supports-people-ranging-v1,
iPad,"(17, 4)",supports-people-request-messages,
iPad,"(17, 4)",supports-people-request-messages-v2,
iPad,"(17, 4)",supports-people-request-messages-v3,
iPad,"(17, 4)",supports-photos-extension-v1,
iPad,"(17, 4)",supports-photos-extension-v2,
iPad,"(17, 4)",supports-protobuf-payload-data-v2,
iPad,"(17, 4)",supports-recurring-payment-bubbles,
iPad,"(17, 4)",supports-region-for-apple-cash,
iPad,"(17, 4)",supports-rem,
iPad,"(17, 4)",supports-sa-v1,
iPad,"(17, 4)",supports-screen-time-v2,
iPad,"(17, 4)",supports-secure-loc-v1,
iPad,"(17, 4)",supports-self-one-to-one-invites,
iPad,"(17, 4)",supports-shared-exp,
iPad,"(17, 4)",supports-sos-alerting,
iPad,"(17, 4)",supports-st-er,
iPad,"(17, 4)",supports-st-v1,
iPad,"(17, 4)",supports-sticker-editing,
iPad,"(17, 4)",supports-update-attachments-v1,
iPad,"(17, 4)",supports-uwb,False
iPad,"(17, 4)",supports-zelkova,True
iPad,"(18, 0)",device-key-signature,
iPad,"(18, 0)",ec-version,1.0
iPad,"(18, 0)",is-c2k-equipment,
iPad,"(18, 0)",is-green-tea,
iPad,"(18, 0)",is-web-client,
iPad,"(18, 0)",kt-version,5.0
iPad,"(18, 0)",nicknames-version,
iPad,"(18, 0)",optionally-receive-typing-indicators,
iPad,"(18, 0)",prefers-sdr,
iPad,"(18, 0)",sender-key-message-version,
iPad,"(18, 0)",show-peer-errors,
iPad,"(18, 0)",supports-ack-v1,
iPad,"(18, 0)",supports-activity-sharing-v1,
iPad,"(18, 0)",supports-animoji-v2,
iPad,"(18, 0)",supports-askto,
iPad,"(18, 0)",supports-audio-messaging-v2,
iPad,"(18, 0)",supports-autoloopvideo-v1,
iPad,"(18, 0)",supports-avless,
iPad,"(18, 0)",supports-be-v1,
iPad,"(18, 0)",supports-beacon-sharing-v2,
iPad,"(18, 0)",supports-beacon-sharing-v3,
iPad,"(18, 0)",supports-beneficiary-invites,
iPad,"(18, 0)",supports-ca-v1,
iPad,"(18, 0)",supports-certified-delivery-v1,
iPad,"(18, 0)",supports-co,
iPad,"(18, 0)",supports-cross-platform-sharing,
iPad,"(18, 0)",supports-dq-nr,
iPad,"(18, 0)",supports-emoji-images,
iPad,"(18, 0)",supports-emoji-stickers,
iPad,"(18, 0)",supports-emoji-tapbacks,
iPad,"(18, 0)",supports-family-invite-message-bubble,
iPad,"(18, 0)",supports-findmy-plugin-messages,
iPad,"(18, 0)",supports-fm-fence-v1,True
iPad,"(18, 0)",supports-fmd-v2,
iPad,"(18, 0)",supports-fsm-v1,
iPad,"(18, 0)",supports-fsm-v2,
iPad,"(18, 0)",supports-fsm-v3,
iPad,"(18, 0)",supports-gft-calls,
iPad,"(18, 0)",supports-gft-errors,
iPad,"(18, 0)",supports-gft-relay,
iPad,"(18, 0)",supports-group-photo-refresh-version,
iPad,"(18, 0)",supports-harmony,
iPad,"(18, 0)",supports-hdr,
iPad,"(18, 0)",supports-heif,True
iPad,"(18, 0)",supports-hi-res-vid,
iPad,"(18, 0)",supports-high-quality-photo-file-sizes,
iPad,"(18, 0)",supports-hk-resident,
iPad,"(18, 0)",supports-hybrid-groups-v1,
iPad,"(18, 0)",supports-ii-v1,
iPad,"(18, 0)",supports-impact-v1,
iPad,"(18, 0)",supports-incoming-fmd-v1,
iPad,"(18, 0)",supports-inline-attachments,
iPad,"(18, 0)",supports-keep-receipts,
iPad,"(18, 0)",supports-key-sharing,
iPad,"(18, 0)",supports-live-delivery,
iPad,"(18, 0)",supports-location-sharing,
iPad,"(18, 0)",supports-manatee-activity-sharing,
iPad,"(18, 0)",supports-manatee-for-apple-cash,
iPad,"(18, 0)",supports-maps-protocol-v5,
iPad,"(18, 0)",supports-maps-routing-path-leg,
iPad,"(18, 0)",supports-maps-waypoint-route-sharing,
iPad,"(18, 0)",supports-media-v2,
iPad,"(18, 0)",supports-mirage,
iPad,"(18, 0)",supports-modern-gft,
iPad,"(18, 0)",supports-original-timestamp-v1,
iPad,"(18, 0)",supports-people-ranging-v1,
iPad,"(18, 0)",supports-people-request-messages,
iPad,"(18, 0)",supports-people-request-messages-v2,
iPad,"(18, 0)",supports-people-request-messages-v3,
iPad,"(18, 0)",supports-photos-extension-v1,
iPad,"(18, 0)",supports-photos-extension-v2,
iPad,"(18, 0)",supports-protobuf-payload-data-v2,
iPad,"(18, 0)",supports-recurring-payment-bubbles,
iPad,"(18, 0)",supports-region-for-apple-cash,
iPad,"(18, 0)",supports-rem,
iPad,"(18, 0)",supports-remote-atv-signin,
iPad,"(18, 0)",supports-restricted-guest,
iPad,"(18, 0)",supports-sa-v1,
iPad,"(18, 0)",supports-screen-time-v2,
iPad,"(18, 0)",supports-secure-loc-v1,
iPad,"(18, 0)",supports-self-one-to-one-invites,
iPad,"(18, 0)",supports-send-later-messages,
iPad,"(18, 0)",supports-sender-key-v1,
iPad,"(18, 0)",supports-shared-exp,
iPad,"(18, 0)",supports-sos-alerting,
iPad,"(18, 0)",supports-ssrc,
iPad,"(18, 0)",supports-st-er,
iPad,"(18, 0)",supports-st-v1,
iPad,"(18, 0)",supports-stewie,False
iPad,"(18, 0)",supports-stick-moji-backs,
iPad,"(18, 0)",supports-sticker-editing,
iPad,"(18, 0)",supports-update-attachments-v1,
iPad,"(18, 0)",supports-uwb,False
iPad,"(18, 0)",supports-zelkova,True
iPad,"(18, 4)",device-key-signature,
iPad,"(18, 4)",ec-version,1.0
iPad,"(18, 4)",is-c2k-equipment,
iPad,"(18, 4)",is-green-tea,
iPad,"(18, 4)",is-web-client,
iPad,"(18, 4)",kt-version,5.0
iPad,"(18, 4)",nicknames-version,
iPad,"(18, 4)",optionally-receive-typing-indicators,
iPad,"(18, 4)",prefers-sdr,
iPad,"(18, 4)",sender-key-message-version,
iPad,"(18, 4)",show-peer-errors,
iPad,"(18, 4)",supports-ack-v1,
iPad,"(18, 4)",supports-activity-sharing-v1,
iPad,"(18, 4)",supports-animoji-v2,
iPad,"(18, 4)",supports-askto,
iPad,"(18, 4)",supports-audio-messaging-v2,
iPad,"(18, 4)",supports-autoloopvideo-v1,
iPad,"(18, 4)",supports-avless,
iPad,"(18, 4)",supports-be-v1,
iPad,"(18, 4)",supports-beacon-sharing-v2,
iPad,"(18, 4)",supports-beacon-sharing-v3,
iPad,"(18, 4)",supports-beneficiary-invites,
iPad,"(18, 4)",supports-ca-v1,
iPad,"(18, 4)",supports-certified-delivery-v1,
iPad,"(18, 4)",supports-co,
iPad,"(18, 4)",supports-cross-platform-sharing,
iPad,"(18, 4)",supports-dq-nr,
iPad,"(18, 4)",supports-emoji-images,
iPad,"(18, 4)",supports-emoji-stickers,
iPad,"(18, 4)",supports-emoji-tapbacks,
iPad,"(18, 4)",supports-family-invite-message-bubble,
iPad,"(18, 4)",supports-findmy-plugin-messages,
iPad,"(18, 4)",supports-fm-fence-v1,True
iPad,"(18, 4)",supports-fmd-v2,True
iPad,"(18, 4)",supports-fsm-v1,
iPad,"(18, 4)",supports-fsm-v2,
iPad,"(18, 4)",supports-fsm-v3,
iPad,"(18, 4)",supports-gft-calls,
iPad,"(18, 4)",supports-gft-errors,
iPad,"(18, 4)",supports-gft-relay,
iPad,"(18, 4)",supports-group-photo-refresh-version,
iPad,"(18, 4)",supports-harmony,
iPad,"(18, 4)",supports-hdr,
iPad,"(18, 4)",supports-heif,True
iPad,"(18, 4)",supports-hi-res-vid,
iPad,"(18, 4)",supports-high-quality-photo-file-sizes,
iPad,"(18, 4)",supports-hk-resident,
iPad,"(18, 4)",supports-hybrid-groups-v1,
iPad,"(18, 4)",supports-ii-v1,
iPad,"(18, 4)",supports-impact-v1,
iPad,"(18, 4)",supports-incoming-fmd-v1,
iPad,"(18, 4)",supports-inline-attachments,
iPad,"(18, 4)",supports-keep-receipts,
iPad,"(18, 4)",supports-key-sharing,
iPad,"(18, 4)",supports-legacy-contact-invites-v1,
iPad,"(18, 4)",supports-live-delivery,
iPad,"(18, 4)",supports-location-sharing,
iPad,"(18, 4)",supports-manatee-activity-sharing,
iPad,"(18, 4)",supports-manatee-for-apple-cash,
iPad,"(18, 4)",supports-maps-protocol-v5,
iPad,"(18, 4)",supports-maps-routing-path-leg,
iPad,"(18, 4)",supports-maps-waypoint-route-sharing,
iPad,"(18, 4)",supports-media-v2,
iPad,"(18, 4)",supports-mirage,
iPad,"(18, 4)",supports-modern-gft,
iPad,"(18, 4)",supports-original-timestamp-v1,
iPad,"(18, 4)",supports-people-ranging-v1,
iPad,"(18, 4)",supports-people-request-messages,
iPad,"(18, 4)",supports-people-request-messages-v2,
iPad,"(18, 4)",supports-people-request-messages-v3,
iPad,"(18, 4)",supports-photos-extension-v1,
iPad,"(18, 4)",supports-photos-extension-v2,
iPad,"(18, 4)",supports-protobuf-payload-data-v2,
iPad,"(18, 4)",supports-rbm-chatbot,
iPad,"(18, 4)",supports-recovery-contact-upsell,
iPad,"(18, 4)",supports-recurring-payment-bubbles,
iPad,"(18, 4)",supports-region-for-apple-cash,
iPad,"(18, 4)",supports-rem,
iPad,"(18, 4)",supports-remote-atv-signin,
iPad,"(18, 4)",supports-restricted-guest,
iPad,"(18, 4)",supports-sa-v1,
iPad,"(18, 4)",supports-screen-time-v2,
iPad,"(18, 4)",supports-secure-loc-v1,
iPad,"(18, 4)",supports-self-one-to-one-invites,
iPad,"(18, 4)",supports-send-later-messages,
iPad,"(18, 4)",supports-sender-key-self-check,
iPad,"(18, 4)",supports-sender-key-v1,
iPad,"(18, 4)",supports-shared-exp,
iPad,"(18, 4)",supports-sos-alerting,
iPad,"(18, 4)",supports-ssrc,
iPad,"(18, 4)",supports-st-er,
iPad,"(18, 4)",supports-st-v1,
iPad,"(18, 4)",supports-stewie,False
iPad,"(18, 4)",supports-stick-moji-backs,
iPad,"(18, 4)",supports-sticker-editing,
iPad,"(18, 4)",supports-update-attachments-v1,
iPad,"(18, 4)",supports-user-driven-call-activation,
iPad,"(18, 4)",supports-uwb,False
iPad,"(18, 4)",supports-zelkova,True
iPad,"(18, 7, 1)",device-key-signature,
iPad,"(18, 7, 1)",ec-version,1.0
iPad,"(18, 7, 1)",is-c2k-equipment,
iPad,"(18, 7, 1)",is-green-tea,
iPad,"(18, 7, 1)",is-web-client,
iPad,"(18, 7, 1)",kt-version,5.0
iPad,"(18, 7, 1)",nicknames-version,
iPad,"(18, 7, 1)",optionally-receive-typing-indicators,
iPad,"(18, 7, 1)",prefers-sdr,
iPad,"(18, 7, 1)",sender-key-message-version,
iPad,"(18, 7, 1)",show-peer-errors,
iPad,"(18, 7, 1)",supports-ack-v1,
iPad,"(18, 7, 1)",supports-activity-sharing-v1,
iPad,"(18, 7, 1)",supports-animoji-v2,
iPad,"(18, 7, 1)",supports-askto,
iPad,"(18, 7, 1)",supports-audio-messaging-v2,
iPad,"(18, 7, 1)",supports-autoloopvideo-v1,
iPad,"(18, 7, 1)",supports-avless,
iPad,"(18, 7, 1)",supports-be-v1,
iPad,"(18, 7, 1)",supports-beacon-sharing-v2,
iPad,"(18, 7, 1)",supports-beacon-sharing-v3,
iPad,"(18, 7, 1)",supports-beneficiary-invites,
iPad,"(18, 7, 1)",supports-ca-v1,
iPad,"(18, 7, 1)",supports-certified-delivery-v1,
iPad,"(18, 7, 1)",supports-co,
iPad,"(18, 7, 1)",supports-cross-platform-sharing,
iPad,"(18, 7, 1)",supports-dq-nr,
iPad,"(18, 7, 1)",supports-emoji-images,
iPad,"(18, 7, 1)",supports-emoji-stickers,
iPad,"(18, 7, 1)",supports-emoji-tapbacks,
iPad,"(18, 7, 1)",supports-family-invite-message-bubble,
iPad,"(18, 7, 1)",supports-findmy-plugin-messages,
iPad,"(18, 7, 1)",supports-fm-fence-v1,True
iPad,"(18, 7, 1)",supports-fmd-v2,True
iPad,"(18, 7, 1)",supports-fsm-v1,
iPad,"(18, 7, 1)",supports-fsm-v2,
iPad,"(18, 7, 1)",supports-fsm-v3,
iPad,"(18, 7, 1)",supports-gft-calls,
iPad,"(18, 7, 1)",supports-gft-errors,
iPad,"(18, 7, 1)",supports-gft-relay,
iPad,"(18, 7, 1)",supports-group-photo-refresh-version,
iPad,"(18, 7, 1)",supports-harmony,
iPad,"(18, 7, 1)",supports-hdr,False
iPad,"(18, 7, 1)",supports-heif,True
iPad,"(18, 7, 1)",supports-hi-res-vid,
iPad,"(18, 7, 1)",supports-high-quality-photo-file-sizes,
iPad,"(18, 7, 1)",supports-hk-resident,
iPad,"(18, 7, 1)",supports-hybrid-groups-v1,
iPad,"(18, 7, 1)",supports-ii-v1,
iPad,"(18, 7, 1)",supports-impact-v1,
iPad,"(18, 7, 1)",supports-incoming-fmd-v1,
iPad,"(18, 7, 1)",supports-inline-attachments,
iPad,"(18, 7, 1)",supports-keep-receipts,
iPad,"(18, 7, 1)",supports-key-sharing,
iPad,"(18, 7, 1)",supports-legacy-contact-invites-v1,
iPad,"(18, 7, 1)",supports-live-delivery,
iPad,"(18, 7, 1)",supports-location-sharing,
iPad,"(18, 7, 1)",supports-manatee-activity-sharing,
iPad,"(18, 7, 1)",supports-manatee-for-apple-cash,
iPad,"(18, 7, 1)",supports-maps-protocol-v5,
iPad,"(18, 7, 1)",supports-maps-routing-path-leg,
iPad,"(18, 7, 1)",supports-maps-waypoint-route-sharing,
iPad,"(18, 7, 1)",supports-media-v2,
iPad,"(18, 7, 1)",supports-mirage,
iPad,"(18, 7, 1)",supports-modern-gft,
iPad,"(18, 7, 1)",supports-original-timestamp-v1,
iPad,"(18, 7, 1)",supports-people-ranging-v1,
iPad,"(18, 7, 1)",supports-people-request-messages,
iPad,"(18, 7, 1)",supports-people-request-messages-v2,
iPad,"(18, 7, 1)",supports-people-request-messages-v3,
iPad,"(18, 7, 1)",supports-photos-extension-v1,
iPad,"(18, 7, 1)",supports-photos-extension-v2,
iPad,"(18, 7, 1)",supports-protobuf-payload-data-v2,
iPad,"(18, 7, 1)",supports-qta,
iPad,"(18, 7, 1)",supports-rbm-chatbot,
iPad,"(18, 7, 1)",supports-recovery-contact-upsell,
iPad,"(18, 7, 1)",supports-recurring-payment-bubbles,
iPad,"(18, 7, 1)",supports-region-for-apple-cash,
iPad,"(18, 7, 1)",supports-rem,
iPad,"(18, 7, 1)",supports-remote-atv-signin,
iPad,"(18, 7, 1)",supports-restricted-guest,
iPad,"(18, 7, 1)",supports-sa-v1,
iPad,"(18, 7, 1)",supports-screen-time-v2,
iPad,"(18, 7, 1)",supports-secure-loc-v1,
iPad,"(18, 7, 1)",supports-self-one-to-one-invites,
iPad,"(18, 7, 1)",supports-send-later-messages,
iPad,"(18, 7, 1)",supports-sender-key-self-check,
iPad,"(18, 7, 1)",supports-sender-key-v1,
iPad,"(18, 7, 1)",supports-shared-exp,
iPad,"(18, 7, 1)",supports-sos-alerting,
iPad,"(18, 7, 1)",supports-ssrc,
iPad,"(18, 7, 1)",supports-st-er,
iPad,"(18, 7, 1)",supports-st-v1,
iPad,"(18, 7, 1)",supports-stewie,False
iPad,"(18, 7, 1)",supports-stick-moji-backs,
iPad,"(18, 7, 1)",supports-sticker-editing,
iPad,"(18, 7, 1)",supports-update-attachments-v1,
iPad,"(18, 7, 1)",supports-user-driven-call-activation,
iPad,"(18, 7, 1)",supports-uwb,False
iPad,"(18, 7, 1)",supports-zelkova,True
iPad,"(18, 7, 3)",device-key-signature,
iPad,"(18, 7, 3)",ec-version,1.0
iPad,"(18, 7, 3)",is-c2k-equipment,
iPad,"(18, 7, 3)",is-green-tea,
iPad,"(18, 7, 3)",is-web-client,
iPad,"(18, 7, 3)",kt-version,5.0
iPad,"(18, 7, 3)",nicknames-version,
iPad,"(18, 7, 3)",optionally-receive-typing-indicators,
iPad,"(18, 7, 3)",prefers-sdr,
iPad,"(18, 7, 3)",sender-key-message-version,
iPad,"(18, 7, 3)",show-peer-errors,
iPad,"(18, 7, 3)",supports-ack-v1,
iPad,"(18, 7, 3)",supports-activity-sharing-v1,
iPad,"(18, 7, 3)",supports-animoji-v2,
iPad,"(18, 7, 3)",supports-askto,
iPad,"(18, 7, 3)",supports-audio-messaging-v2,
iPad,"(18, 7, 3)",supports-autoloopvideo-v1,
iPad,"(18, 7, 3)",supports-avless,
iPad,"(18, 7, 3)",supports-be-v1,
iPad,"(18, 7, 3)",supports-beacon-sharing-v2,
iPad,"(18, 7, 3)",supports-beacon-sharing-v3,
iPad,"(18, 7, 3)",supports-beneficiary-invites,
iPad,"(18, 7, 3)",supports-ca-v1,
iPad,"(18, 7, 3)",supports-certified-delivery-v1,
iPad,"(18, 7, 3)",supports-co,
iPad,"(18, 7, 3)",supports-cross-platform-sharing,
iPad,"(18, 7, 3)",supports-dq-nr,
iPad,"(18, 7, 3)",supports-emoji-images,
iPad,"(18, 7, 3)",supports-emoji-stickers,
iPad,"(18, 7, 3)",supports-emoji-tapbacks,
iPad,"(18, 7, 3)",supports-family-invite-message-bubble,
iPad,"(18, 7, 3)",supports-findmy-plugin-messages,
iPad,"(18, 7, 3)",supports-fm-fence-v1,True
iPad,"(18, 7, 3)",supports-fmd-v2,True
iPad,"(18, 7, 3)",supports-fsm-v1,
iPad,"(18, 7, 3)",supports-fsm-v2,
iPad,"(18, 7, 3)",supports-fsm-v3,
iPad,"(18, 7, 3)",supports-gft-calls,
iPad,"(18, 7, 3)",supports-gft-errors,
iPad,"(18, 7, 3)",supports-gft-relay,
iPad,"(18, 7, 3)",supports-group-photo-refresh-version,
iPad,"(18, 7, 3)",supports-harmony,
iPad,"(18, 7, 3)",supports-hdr,False
iPad,"(18, 7, 3)",supports-heif,True
iPad,"(18, 7, 3)",supports-hi-res-vid,
iPad,"(18, 7, 3)",supports-high-quality-photo-file-sizes,
iPad,"(18, 7, 3)",supports-hk-resident,
iPad,"(18, 7, 3)",supports-hybrid-groups-v1,
iPad,"(18, 7, 3)",supports-ii-v1,
iPad,"(18, 7, 3)",supports-impact-v1,
iPad,"(18, 7, 3)",supports-incoming-fmd-v1,
iPad,"(18, 7, 3)",supports-inline-attachments,
iPad,"(18, 7, 3)",supports-keep-receipts,
iPad,"(18, 7, 3)",supports-key-sharing,
iPad,"(18, 7, 3)",supports-legacy-contact-invites-v1,
iPad,"(18, 7, 3)",supports-live-delivery,
iPad,"(18, 7, 3)",supports-location-sharing,
iPad,"(18, 7, 3)",supports-manatee-activity-sharing,
iPad,"(18, 7, 3)",supports-manatee-for-apple-cash,
iPad,"(18, 7, 3)",supports-maps-protocol-v5,
iPad,"(18, 7, 3)",supports-maps-routing-path-leg,
iPad,"(18, 7, 3)",supports-maps-waypoint-route-sharing,
iPad,"(18, 7, 3)",supports-media-v2,
iPad,"(18, 7, 3)",supports-mirage,
iPad,"(18, 7, 3)",supports-modern-gft,
iPad,"(18, 7, 3)",supports-original-timestamp-v1,
iPad,"(18, 7, 3)",supports-people-ranging-v1,
iPad,"(18, 7, 3)",supports-people-request-messages,
iPad,"(18, 7, 3)",supports-people-request-messages-v2,
iPad,"(18, 7, 3)",supports-people-request-messages-v3,
iPad,"(18, 7, 3)",supports-photos-extension-v1,
iPad,"(18, 7, 3)",supports-photos-extension-v2,
iPad,"(18, 7, 3)",supports-protobuf-payload-data-v2,
iPad,"(18, 7, 3)",supports-qta,
iPad,"(18, 7, 3)",supports-rbm-chatbot,
iPad,"(18, 7, 3)",supports-recovery-contact-upsell,
iPad,"(18, 7, 3)",supports-recurring-payment-bubbles,
iPad,"(18, 7, 3)",supports-region-for-apple-cash,
iPad,"(18, 7, 3)",supports-rem,
iPad,"(18, 7, 3)",supports-remote-atv-signin,
iPad,"(18, 7, 3)",supports-restricted-guest,
iPad,"(18, 7, 3)",supports-sa-v1,
iPad,"(18, 7, 3)",supports-screen-time-v2,
iPad,"(18, 7, 3)",supports-secure-loc-v1,
iPad,"(18, 7, 3)",supports-self-one-to-one-invites,
iPad,"(18, 7, 3)",supports-send-later-messages,
iPad,"(18, 7, 3)",supports-sender-key-self-check,
iPad,"(18, 7, 3)",supports-sender-key-v1,
iPad,"(18, 7, 3)",supports-shared-exp,
iPad,"(18, 7, 3)",supports-sos-alerting,
iPad,"(18, 7, 3)",supports-ssrc,
iPad,"(18, 7, 3)",supports-st-er,
iPad,"(18, 7, 3)",supports-st-v1,
iPad,"(18, 7, 3)",supports-stewie,False
iPad,"(18, 7, 3)",supports-stick-moji-backs,
iPad,"(18, 7, 3)",supports-sticker-editing,
iPad,"(18, 7, 3)",supports-update-attachments-v1,
iPad,"(18, 7, 3)",supports-user-driven-call-activation,
iPad,"(18, 7, 3)",supports-uwb,False
iPad,"(18, 7, 3)",supports-zelkova,True
iPad,"(26, 0)",device-key-signature,
iPad,"(26, 0)",ec-version,1.0
iPad,"(26, 0)",is-c2k-equipment,
iPad,"(26, 0)",is-green-tea,
iPad,"(26, 0)",is-web-client,
iPad,"(26, 0)",kt-version,5.0
iPad,"(26, 0)",nicknames-version,
iPad,"(26, 0)",optionally-receive-typing-indicators,
iPad,"(26, 0)",prefers-sdr,
iPad,"(26, 0)",sender-key-message-version,
iPad,"(26, 0)",show-peer-errors,
iPad,"(26, 0)",supports-ack-v1,
iPad,"(26, 0)",supports-activity-sharing-v1,
iPad,"(26, 0)",supports-adaptive-temperature-automations,
iPad,"(26, 0)",supports-animoji-v2,
iPad,"(26, 0)",supports-aot,
iPad,"(26, 0)",supports-askto,
iPad,"(26, 0)",supports-askto-v2,
iPad,"(26, 0)",supports-audio-messaging-v2,
iPad,"(26, 0)",supports-autoloopvideo-v1,
iPad,"(26, 0)",supports-avless,
iPad,"(26, 0)",supports-be-v1,
iPad,"(26, 0)",supports-beacon-sharing-v2,
iPad,"(26, 0)",supports-beacon-sharing-v3,
iPad,"(26, 0)",supports-beneficiary-invites,
iPad,"(26, 0)",supports-ca-v1,
iPad,"(26, 0)",supports-calls-25,
iPad,"(26, 0)",supports-certified-delivery-v1,
iPad,"(26, 0)",supports-ckv-enforcement,
iPad,"(26, 0)",supports-co,
iPad,"(26, 0)",supports-cross-platform-sharing,
iPad,"(26, 0)",supports-dq-nr,
iPad,"(26, 0)",supports-emoji-images,
iPad,"(26, 0)",supports-emoji-stickers,
iPad,"(26, 0)",supports-emoji-tapbacks,
iPad,"(26, 0)",supports-family-invite-message-bubble,
iPad,"(26, 0)",supports-findmy-plugin-messages,
iPad,"(26, 0)",supports-fm-fence-v1,True
iPad,"(26, 0)",supports-fmd-v2,True
iPad,"(26, 0)",supports-fsm-v1,
iPad,"(26, 0)",supports-fsm-v2,
iPad,"(26, 0)",supports-fsm-v3,
iPad,"(26, 0)",supports-gft-calls,
iPad,"(26, 0)",supports-gft-errors,
iPad,"(26, 0)",supports-gft-relay,
iPad,"(26, 0)",supports-group-apple-cash,
iPad,"(26, 0)",supports-group-photo-refresh-version,
iPad,"(26, 0)",supports-gti,
iPad,"(26, 0)",supports-harmony,
iPad,"(26, 0)",supports-hdr,
iPad,"(26, 0)",supports-heif,True
iPad,"(26, 0)",supports-hi-res-vid,
iPad,"(26, 0)",supports-high-quality-photo-file-sizes,
iPad,"(26, 0)",supports-hk-resident,
iPad,"(26, 0)",supports-hybrid-groups-v1,
iPad,"(26, 0)",supports-ii-v1,
iPad,"(26, 0)",supports-impact-v1,
iPad,"(26, 0)",supports-incoming-fmd-v1,
iPad,"(26, 0)",supports-inline-attachments,
iPad,"(26, 0)",supports-introductions-v1,
iPad,"(26, 0)",supports-keep-receipts,
iPad,"(26, 0)",supports-key-sharing,
iPad,"(26, 0)",supports-legacy-contact-invites-v1,
iPad,"(26, 0)",supports-legacy-contact-invites-v2,
iPad,"(26, 0)",supports-legacy-contact-invites-v3,
iPad,"(26, 0)",supports-live-delivery,
iPad,"(26, 0)",supports-live-translation,
iPad,"(26, 0)",supports-location-sharing,
iPad,"(26, 0)",supports-lqm-hq,
iPad,"(26, 0)",supports-manatee-activity-sharing,
iPad,"(26, 0)",supports-manatee-for-apple-cash,
iPad,"(26, 0)",supports-maps-protocol-v5,
iPad,"(26, 0)",supports-maps-routing-path-leg,
iPad,"(26, 0)",supports-maps-waypoint-route-sharing,
iPad,"(26, 0)",supports-maps-wgs84-elevation-model,
iPad,"(26, 0)",supports-media-v2,
iPad,"(26, 0)",supports-mirage,
iPad,"(26, 0)",supports-modern-gft,
iPad,"(26, 0)",supports-nearby-facetime,
iPad,"(26, 0)",supports-original-timestamp-v1,
iPad,"(26, 0)",supports-people-ranging-v1,
iPad,"(26, 0)",supports-people-request-messages,
iPad,"(26, 0)",supports-people-request-messages-v2,
iPad,"(26, 0)",supports-people-request-messages-v3,
iPad,"(26, 0)",supports-photos-extension-v1,
iPad,"(26, 0)",supports-photos-extension-v2,
iPad,"(26, 0)",supports-polls,
iPad,"(26, 0)",supports-protobuf-payload-data-v2,
iPad,"(26, 0)",supports-qta,
iPad,"(26, 0)",supports-queue-one-read-receipts,
iPad,"(26, 0)",supports-rbm-chatbot,
iPad,"(26, 0)",supports-recovery-contact-upsell,
iPad,"(26, 0)",supports-recurring-payment-bubbles,
iPad,"(26, 0)",supports-region-for-apple-cash,
iPad,"(26, 0)",supports-rem,
iPad,"(26, 0)",supports-remote-atv-signin,
iPad,"(26, 0)",supports-restricted-guest,
iPad,"(26, 0)",supports-sa-v1,
iPad,"(26, 0)",supports-screen-time-v2,
iPad,"(26, 0)",supports-secure-loc-v1,
iPad,"(26, 0)",supports-self-one-to-one-invites,
iPad,"(26, 0)",supports-send-later-messages,
iPad,"(26, 0)",supports-sender-key-self-check,
iPad,"(26, 0)",supports-sender-key-v1,
iPad,"(26, 0)",supports-shared-exp,
iPad,"(26, 0)",supports-sos-alerting,
iPad,"(26, 0)",supports-ssrc,
iPad,"(26, 0)",supports-st-er,
iPad,"(26, 0)",supports-st-v1,
iPad,"(26, 0)",supports-stewie,False
iPad,"(26, 0)",supports-stick-moji-backs,
iPad,"(26, 0)",supports-sticker-editing,
iPad,"(26, 0)",supports-transcript-backgrounds,
iPad,"(26, 0)",supports-update-attachments-v1,
iPad,"(26, 0)",supports-uriless-membership-updates,
iPad,"(26, 0)",supports-user-driven-call-activation,
iPad,"(26, 0)",supports-uwb,False
iPad,"(26, 0)",supports-zelkova,True
iPad,"(26, 2)",device-key-signature,
iPad,"(26, 2)",ec-version,1.0
iPad,"(26, 2)",is-c2k-equipment,
iPad,"(26, 2)",is-green-tea,
iPad,"(26, 2)",is-web-client,
iPad,"(26, 2)",kt-version,5.0
iPad,"(26, 2)",nicknames-version,
iPad,"(26, 2)",optionally-receive-typing-indicators,
iPad,"(26, 2)",prefers-sdr,
iPad,"(26, 2)",sender-key-message-version,
iPad,"(26, 2)",show-peer-errors,
iPad,"(26, 2)",supports-ack-v1,
iPad,"(26, 2)",supports-activity-sharing-v1,
iPad,"(26, 2)",supports-adaptive-temperature-automations,
iPad,"(26, 2)",supports-animoji-v2,
iPad,"(26, 2)",supports-aot,
iPad,"(26, 2)",supports-askto,
iPad,"(26, 2)",supports-askto-responseUI,
iPad,"(26, 2)",supports-askto-v2,
iPad,"(26, 2)",supports-audio-messaging-v2,
iPad,"(26, 2)",supports-autoloopvideo-v1,
iPad,"(26, 2)",supports-avless,
iPad,"(26, 2)",supports-be-v1,
iPad,"(26, 2)",supports-beacon-sharing-v2,
iPad,"(26, 2)",supports-beacon-sharing-v3,
iPad,"(26, 2)",supports-beneficiary-invites,
iPad,"(26, 2)",supports-ca-v1,
iPad,"(26, 2)",supports-calls-25,
iPad,"(26, 2)",supports-certified-delivery-v1,
iPad,"(26, 2)",supports-ckv-enforcement,
iPad,"(26, 2)",supports-co,
iPad,"(26, 2)",supports-cross-platform-sharing,
iPad,"(26, 2)",supports-dq-nr,
iPad,"(26, 2)",supports-emoji-images,
iPad,"(26, 2)",supports-emoji-stickers,
iPad,"(26, 2)",supports-emoji-tapbacks,
iPad,"(26, 2)",supports-family-invite-message-bubble,
iPad,"(26, 2)",supports-findmy-plugin-messages,
iPad,"(26, 2)",supports-fm-fence-v1,True
iPad,"(26, 2)",supports-fmd-v2,True
iPad,"(26, 2)",supports-fsm-v1,
iPad,"(26, 2)",supports-fsm-v2,
iPad,"(26, 2)",supports-fsm-v3,
iPad,"(26, 2)",supports-gft-calls,
iPad,"(26, 2)",supports-gft-errors,
iPad,"(26, 2)",supports-gft-relay,
iPad,"(26, 2)",supports-group-apple-cash,
iPad,"(26, 2)",supports-group-photo-refresh-version,
iPad,"(26, 2)",supports-gti,
iPad,"(26, 2)",supports-harmony,
iPad,"(26, 2)",supports-hdr,
iPad,"(26, 2)",supports-heif,True
iPad,"(26, 2)",supports-hi-res-vid,
iPad,"(26, 2)",supports-high-quality-photo-file-sizes,
iPad,"(26, 2)",supports-hk-resident,
iPad,"(26, 2)",supports-hybrid-groups-v1,
iPad,"(26, 2)",supports-ii-v1,
iPad,"(26, 2)",supports-impact-v1,
iPad,"(26, 2)",supports-incoming-fmd-v1,
iPad,"(26, 2)",supports-inline-attachments,
iPad,"(26, 2)",supports-introductions-v1,
iPad,"(26, 2)",supports-keep-receipts,
iPad,"(26, 2)",supports-key-sharing,
iPad,"(26, 2)",supports-legacy-contact-invites-v1,
iPad,"(26, 2)",supports-legacy-contact-invites-v2,
iPad,"(26, 2)",supports-legacy-contact-invites-v3,
iPad,"(26, 2)",supports-live-delivery,
iPad,"(26, 2)",supports-live-translation,
iPad,"(26, 2)",supports-location-sharing,
iPad,"(26, 2)",supports-lqm-hq,
iPad,"(26, 2)",supports-manatee-activity-sharing,
iPad,"(26, 2)",supports-manatee-for-apple-cash,
iPad,"(26, 2)",supports-maps-protocol-v5,
iPad,"(26, 2)",supports-maps-routing-path-leg,
iPad,"(26, 2)",supports-maps-waypoint-route-sharing,
iPad,"(26, 2)",supports-maps-wgs84-elevation-model,
iPad,"(26, 2)",supports-media-v2,
iPad,"(26, 2)",supports-mirage,
iPad,"(26, 2)",supports-modern-gft,
iPad,"(26, 2)",supports-nearby-facetime,
iPad,"(26, 2)",supports-original-timestamp-v1,
iPad,"(26, 2)",supports-people-ranging-v1,
iPad,"(26, 2)",supports-people-request-messages,
iPad,"(26, 2)",supports-people-request-messages-v2,
iPad,"(26, 2)",supports-people-request-messages-v3,
iPad,"(26, 2)",supports-photos-extension-v1,
iPad,"(26, 2)",supports-photos-extension-v2,
iPad,"(26, 2)",supports-polls,
iPad,"(26, 2)",supports-protobuf-payload-data-v2,
iPad,"(26, 2)",supports-qta,
iPad,"(26, 2)",supports-queue-one-read-receipts-v3,
iPad,"(26, 2)",supports-rbm-chatbot,
iPad,"(26, 2)",supports-recovery-contact-upsell,
iPad,"(26, 2)",supports-recurring-payment-bubbles,
iPad,"(26, 2)",supports-region-for-apple-cash,
iPad,"(26, 2)",supports-rem,
iPad,"(26, 2)",supports-remote-atv-signin,
iPad,"(26, 2)",supports-restricted-guest,
iPad,"(26, 2)",supports-sa-v1,
iPad,"(26, 2)",supports-screen-time-v2,
iPad,"(26, 2)",supports-secure-loc-v1,
iPad,"(26, 2)",supports-self-one-to-one-invites,
iPad,"(26, 2)",supports-send-later-messages,
iPad,"(26, 2)",supports-sender-key-self-check,
iPad,"(26, 2)",supports-sender-key-v1,
iPad,"(26, 2)",supports-shared-exp,
iPad,"(26, 2)",supports-significant-app-update,
iPad,"(26, 2)",supports-sos-alerting,
iPad,"(26, 2)",supports-ssrc,
iPad,"(26, 2)",supports-st-er,
iPad,"(26, 2)",supports-st-v1,
iPad,"(26, 2)",supports-stewie,False
iPad,"(26, 2)",supports-stick-moji-backs,
iPad,"(26, 2)",supports-sticker-editing,
iPad,"(26, 2)",supports-transcript-backgrounds,
iPad,"(26, 2)",supports-update-attachments-v1,
iPad,"(26, 2)",supports-uriless-membership-updates,
iPad,"(26, 2)",supports-user-driven-call-activation,
iPad,"(26, 2)",supports-uwb,False
iPad,"(26, 2)",supports-zelkova,True
iPad,"(26, 3)",device-key-signature,
iPad,"(26, 3)",ec-version,1.0
iPad,"(26, 3)",is-c2k-equipment,
iPad,"(26, 3)",is-green-tea,
iPad,"(26, 3)",is-web-client,
iPad,"(26, 3)",kt-version,5.0
iPad,"(26, 3)",nicknames-version,
iPad,"(26, 3)",optionally-receive-typing-indicators,
iPad,"(26, 3)",prefers-sdr,
iPad,"(26, 3)",sender-key-message-version,
iPad,"(26, 3)",show-peer-errors,
iPad,"(26, 3)",supports-ack-v1,
iPad,"(26, 3)",supports-activity-sharing-v1,
iPad,"(26, 3)",supports-adaptive-temperature-automations,
iPad,"(26, 3)",supports-animoji-v2,
iPad,"(26, 3)",supports-aot,
iPad,"(26, 3)",supports-askto,
iPad,"(26, 3)",supports-askto-responseUI,
iPad,"(26, 3)",supports-askto-v2,
iPad,"(26, 3)",supports-audio-messaging-v2,
iPad,"(26, 3)",supports-autoloopvideo-v1,
iPad,"(26, 3)",supports-avless,
iPad,"(26, 3)",supports-be-v1,
iPad,"(26, 3)",supports-beacon-sharing-v2,
iPad,"(26, 3)",supports-beacon-sharing-v3,
iPad,"(26, 3)",supports-beneficiary-invites,
iPad,"(26, 3)",supports-ca-v1,
iPad,"(26, 3)",supports-calls-25,
iPad,"(26, 3)",supports-certified-delivery-v1,
iPad,"(26, 3)",supports-ckv-enforcement,
iPad,"(26, 3)",supports-co,
iPad,"(26, 3)",supports-cross-platform-sharing,
iPad,"(26, 3)",supports-dq-nr,
iPad,"(26, 3)",supports-emoji-images,
iPad,"(26, 3)",supports-emoji-stickers,
iPad,"(26, 3)",supports-emoji-tapbacks,
iPad,"(26, 3)",supports-family-invite-message-bubble,
iPad,"(26, 3)",supports-findmy-plugin-messages,
iPad,"(26, 3)",supports-fm-fence-v1,True
iPad,"(26, 3)",supports-fmd-v2,True
iPad,"(26, 3)",supports-fsm-v1,
iPad,"(26, 3)",supports-fsm-v2,
iPad,"(26, 3)",supports-fsm-v3,
iPad,"(26, 3)",supports-gft-calls,
iPad,"(26, 3)",supports-gft-errors,
iPad,"(26, 3)",supports-gft-relay,
iPad,"(26, 3)",supports-group-apple-cash,
iPad,"(26, 3)",supports-group-photo-refresh-version,
iPad,"(26, 3)",supports-gti,
iPad,"(26, 3)",supports-harmony,
iPad,"(26, 3)",supports-hdr,
iPad,"(26, 3)",supports-heif,True
iPad,"(26, 3)",supports-hi-res-vid,
iPad,"(26, 3)",supports-high-quality-photo-file-sizes,
iPad,"(26, 3)",supports-hk-resident,
iPad,"(26, 3)",supports-hybrid-groups-v1,
iPad,"(26, 3)",supports-ii-v1,
iPad,"(26, 3)",supports-impact-v1,
iPad,"(26, 3)",supports-incoming-fmd-v1,
iPad,"(26, 3)",supports-inline-attachments,
iPad,"(26, 3)",supports-introductions-v1,
iPad,"(26, 3)",supports-keep-receipts,
iPad,"(26, 3)",supports-key-sharing,
iPad,"(26, 3)",supports-legacy-contact-invites-v1,
iPad,"(26, 3)",supports-legacy-contact-invites-v2,
iPad,"(26, 3)",supports-legacy-contact-invites-v3,
iPad,"(26, 3)",supports-live-delivery,
iPad,"(26, 3)",supports-live-translation,
iPad,"(26, 3)",supports-location-sharing,
iPad,"(26, 3)",supports-lqm-hq,
iPad,"(26, 3)",supports-manatee-activity-sharing,
iPad,"(26, 3)",supports-manatee-for-apple-cash,
iPad,"(26, 3)",supports-maps-protocol-v5,
iPad,"(26, 3)",supports-maps-routing-path-leg,
iPad,"(26, 3)",supports-maps-waypoint-route-sharing,
iPad,"(26, 3)",supports-maps-wgs84-elevation-model,
iPad,"(26, 3)",supports-media-v2,
iPad,"(26, 3)",supports-mirage,
iPad,"(26, 3)",supports-modern-gft,
iPad,"(26, 3)",supports-nearby-facetime,
iPad,"(26, 3)",supports-original-timestamp-v1,
iPad,"(26, 3)",supports-people-ranging-v1,
iPad,"(26, 3)",supports-people-request-messages,
iPad,"(26, 3)",supports-people-request-messages-v2,
iPad,"(26, 3)",supports-people-request-messages-v3,
iPad,"(26, 3)",supports-photos-extension-v1,
iPad,"(26, 3)",supports-photos-extension-v2,
iPad,"(26, 3)",supports-polls,
iPad,"(26, 3)",supports-protobuf-payload-data-v2,
iPad,"(26, 3)",supports-qta,
iPad,"(26, 3)",supports-queue-one-read-receipts-v3,
iPad,"(26, 3)",supports-rbm-chatbot,
iPad,"(26, 3)",supports-recovery-contact-upsell,
iPad,"(26, 3)",supports-recurring-payment-bubbles,
iPad,"(26, 3)",supports-region-for-apple-cash,
iPad,"(26, 3)",supports-rem,
iPad,"(26, 3)",supports-remote-atv-signin,
iPad,"(26, 3)",supports-restricted-guest,
iPad,"(26, 3)",supports-sa-v1,
iPad,"(26, 3)",supports-screen-time-v2,
iPad,"(26, 3)",supports-secure-loc-v1,
iPad,"(26, 3)",supports-self-one-to-one-invites,
iPad,"(26, 3)",supports-send-later-messages,
iPad,"(26, 3)",supports-sender-key-self-check,
iPad,"(26, 3)",supports-sender-key-v1,
iPad,"(26, 3)",supports-shared-exp,
iPad,"(26, 3)",supports-significant-app-update,
iPad,"(26, 3)",supports-sos-alerting,
iPad,"(26, 3)",supports-ssrc,
iPad,"(26, 3)",supports-st-er,
iPad,"(26, 3)",supports-st-v1,
iPad,"(26, 3)",supports-stewie,False
iPad,"(26, 3)",supports-stick-moji-backs,
iPad,"(26, 3)",supports-sticker-editing,
iPad,"(26, 3)",supports-transcript-backgrounds,
iPad,"(26, 3)",supports-update-attachments-v1,
iPad,"(26, 3)",supports-uriless-membership-updates,
iPad,"(26, 3)",supports-user-driven-call-activation,
iPad,"(26, 3)",supports-uwb,False
iPad,"(26, 3)",supports-zelkova,True
iPhone,"(12, 0)",is-c2k-equipment,
iPhone,"(12, 0)",optionally-receive-typing-indicators,
iPhone,"(12, 0)",show-peer-errors,
iPhone,"(12, 0)",supports-ack-v1,
iPhone,"(12, 0)",supports-activity-sharing-v1,True
iPhone,"(12, 0)",supports-autoloopvideo-v1,
iPhone,"(12, 0)",supports-be-v1,
iPhone,"(12, 0)",supports-ca-v1,
iPhone,"(12, 0)",supports-fsm-v1,
iPhone,"(12, 0)",supports-fsm-v2,
iPhone,"(12, 0)",supports-fsm-v3,
iPhone,"(12, 0)",supports-ii-v1,
iPhone,"(12, 0)",supports-impact-v1,
iPhone,"(12, 0)",supports-inline-attachments,
iPhone,"(12, 0)",supports-keep-receipts,
iPhone,"(12, 0)",supports-location-sharing,
iPhone,"(12, 0)",supports-media-v2,
iPhone,"(12, 0)",supports-photos-extension-v1,
iPhone,"(12, 0)",supports-st-v1,
iPhone,"(12, 0)",supports-update-attachments-v1,
iPhone,"(13, 0)",ec-version,
iPhone,"(13, 0)",is-c2k-equipment,
iPhone,"(13, 0)",kt-version,
iPhone,"(13, 0)",nicknames-version,
iPhone,"(13, 0)",optionally-receive-typing-indicators,
iPhone,"(13, 0)",show-peer-errors,
iPhone,"(13, 0)",supports-ack-v1,
iPhone,"(13, 0)",supports-activity-sharing-v1,True
iPhone,"(13, 0)",supports-animoji-v2,
iPhone,"(13, 0)",supports-audio-messaging-v2,
iPhone,"(13, 0)",supports-autoloopvideo-v1,
iPhone,"(13, 0)",supports-be-v1,
iPhone,"(13, 0)",supports-ca-v1,
iPhone,"(13, 0)",supports-certified-delivery-v1,
iPhone,"(13, 0)",supports-fsm-v1,
iPhone,"(13, 0)",supports-fsm-v2,
iPhone,"(13, 0)",supports-fsm-v3,
iPhone,"(13, 0)",supports-ii-v1,
iPhone,"(13, 0)",supports-impact-v1,
iPhone,"(13, 0)",supports-incoming-fmd-v1,
iPhone,"(13, 0)",supports-inline-attachments,
iPhone,"(13, 0)",supports-keep-receipts,
iPhone,"(13, 0)",supports-live-delivery,
iPhone,"(13, 0)",supports-location-sharing,
iPhone,"(13, 0)",supports-media-v2,
iPhone,"(13, 0)",supports-original-timestamp-v1,
iPhone,"(13, 0)",supports-photos-extension-v1,
iPhone,"(13, 0)",supports-screen-time-v2,
iPhone,"(13, 0)",supports-st-v1,
iPhone,"(13, 0)",supports-update-attachments-v1,
iPhone,"(14, 0)",ec-version,1.0
iPhone,"(14, 0)",is-c2k-equipment,
iPhone,"(14, 0)",kt-version,4.0
iPhone,"(14, 0)",nicknames-version,
iPhone,"(14, 0)",optionally-receive-typing-indicators,
iPhone,"(14, 0)",prefers-sdr,
iPhone,"(14, 0)",show-peer-errors,
iPhone,"(14, 0)",supports-ack-v1,
iPhone,"(14, 0)",supports-activity-sharing-v1,True
iPhone,"(14, 0)",supports-animoji-v2,
iPhone,"(14, 0)",supports-audio-messaging-v2,
iPhone,"(14, 0)",supports-autoloopvideo-v1,
iPhone,"(14, 0)",supports-be-v1,
iPhone,"(14, 0)",supports-ca-v1,
iPhone,"(14, 0)",supports-certified-delivery-v1,
iPhone,"(14, 0)",supports-fm-fence-v1,True
iPhone,"(14, 0)",supports-fmd-v2,
iPhone,"(14, 0)",supports-fsm-v1,
iPhone,"(14, 0)",supports-fsm-v2,
iPhone,"(14, 0)",supports-fsm-v3,
iPhone,"(14, 0)",supports-harmony,
iPhone,"(14, 0)",supports-hdr,False
iPhone,"(14, 0)",supports-heif,True
iPhone,"(14, 0)",supports-ii-v1,
iPhone,"(14, 0)",supports-impact-v1,
iPhone,"(14, 0)",supports-incoming-fmd-v1,
iPhone,"(14, 0)",supports-inline-attachments,
iPhone,"(14, 0)",supports-keep-receipts,
iPhone,"(14, 0)",supports-key-sharing,
iPhone,"(14, 0)",supports-live-delivery,
iPhone,"(14, 0)",supports-location-sharing,
iPhone,"(14, 0)",supports-manatee-for-apple-cash,
iPhone,"(14, 0)",supports-media-v2,
iPhone,"(14, 0)",supports-original-timestamp-v1,
iPhone,"(14, 0)",supports-photos-extension-v1,
iPhone,"(14, 0)",supports-protobuf-payload-data-v2,
iPhone,"(14, 0)",supports-region-for-apple-cash,
iPhone,"(14, 0)",supports-screen-time-v2,
iPhone,"(14, 0)",supports-st-v1,
iPhone,"(14, 0)",supports-update-attachments-v1,
iPhone,"(15, 0)",ec-version,1.0
iPhone,"(15, 0)",is-c2k-equipment,
iPhone,"(15, 0)",is-green-tea,
iPhone,"(15, 0)",kt-version,4.0
iPhone,"(15, 0)",nicknames-version,
iPhone,"(15, 0)",optionally-receive-typing-indicators,
iPhone,"(15, 0)",prefers-sdr,
iPhone,"(15, 0)",show-peer-errors,
iPhone,"(15, 0)",supports-ack-v1,
iPhone,"(15, 0)",supports-activity-sharing-v1,True
iPhone,"(15, 0)",supports-animoji-v2,
iPhone,"(15, 0)",supports-audio-messaging-v2,
iPhone,"(15, 0)",supports-autoloopvideo-v1,
iPhone,"(15, 0)",supports-be-v1,
iPhone,"(15, 0)",supports-beacon-sharing-v2,
iPhone,"(15, 0)",supports-ca-v1,
iPhone,"(15, 0)",supports-certified-delivery-v1,
iPhone,"(15, 0)",supports-co,
iPhone,"(15, 0)",supports-dq-nr,
iPhone,"(15, 0)",supports-fm-fence-v1,True
iPhone,"(15, 0)",supports-fmd-v2,
iPhone,"(15, 0)",supports-fsm-v1,
iPhone,"(15, 0)",supports-fsm-v2,
iPhone,"(15, 0)",supports-fsm-v3,
iPhone,"(15, 0)",supports-gft-calls,
iPhone,"(15, 0)",supports-gft-errors,
iPhone,"(15, 0)",supports-harmony,
iPhone,"(15, 0)",supports-hdr,
iPhone,"(15, 0)",supports-heif,True
iPhone,"(15, 0)",supports-hk-resident,
iPhone,"(15, 0)",supports-ii-v1,
iPhone,"(15, 0)",supports-impact-v1,
iPhone,"(15, 0)",supports-incoming-fmd-v1,
iPhone,"(15, 0)",supports-inline-attachments,
iPhone,"(15, 0)",supports-keep-receipts,
iPhone,"(15, 0)",supports-key-sharing,
iPhone,"(15, 0)",supports-live-delivery,
iPhone,"(15, 0)",supports-location-sharing,
iPhone,"(15, 0)",supports-manatee-for-apple-cash,
iPhone,"(15, 0)",supports-maps-routing-path-leg,
iPhone,"(15, 0)",supports-media-v2,
iPhone,"(15, 0)",supports-modern-gft,
iPhone,"(15, 0)",supports-original-timestamp-v1,
iPhone,"(15, 0)",supports-photos-extension-v1,
iPhone,"(15, 0)",supports-photos-extension-v2,
iPhone,"(15, 0)",supports-protobuf-payload-data-v2,
iPhone,"(15, 0)",supports-region-for-apple-cash,
iPhone,"(15, 0)",supports-sa-v1,
iPhone,"(15, 0)",supports-screen-time-v2,
iPhone,"(15, 0)",supports-secure-loc-v1,
iPhone,"(15, 0)",supports-st-v1,
iPhone,"(15, 0)",supports-update-attachments-v1,
iPhone,"(15, 0)",supports-uwb,True
iPhone,"(15, 4)",device-key-signature,
iPhone,"(15, 4)",ec-version,1.0
iPhone,"(15, 4)",is-c2k-equipment,
iPhone,"(15, 4)",is-green-tea,
iPhone,"(15, 4)",is-web-client,
iPhone,"(15, 4)",kt-version,4.0
iPhone,"(15, 4)",nicknames-version,
iPhone,"(15, 4)",optionally-receive-typing-indicators,
iPhone,"(15, 4)",prefers-sdr,
iPhone,"(15, 4)",show-peer-errors,
iPhone,"(15, 4)",supports-ack-v1,
iPhone,"(15, 4)",supports-activity-sharing-v1,True
iPhone,"(15, 4)",supports-animoji-v2,
iPhone,"(15, 4)",supports-audio-messaging-v2,
iPhone,"(15, 4)",supports-autoloopvideo-v1,
iPhone,"(15, 4)",supports-be-v1,
iPhone,"(15, 4)",supports-beacon-sharing-v2,
iPhone,"(15, 4)",supports-beneficiary-invites,
iPhone,"(15, 4)",supports-ca-v1,
iPhone,"(15, 4)",supports-certified-delivery-v1,
iPhone,"(15, 4)",supports-co,
iPhone,"(15, 4)",supports-dq-nr,
iPhone,"(15, 4)",supports-fm-fence-v1,True
iPhone,"(15, 4)",supports-fmd-v2,
iPhone,"(15, 4)",supports-fsm-v1,
iPhone,"(15, 4)",supports-fsm-v2,
iPhone,"(15, 4)",supports-fsm-v3,
iPhone,"(15, 4)",supports-gft-calls,
iPhone,"(15, 4)",supports-gft-errors,
iPhone,"(15, 4)",supports-harmony,
iPhone,"(15, 4)",supports-hdr,
iPhone,"(15, 4)",supports-heif,True
iPhone,"(15, 4)",supports-hk-resident,
iPhone,"(15, 4)",supports-ii-v1,
iPhone,"(15, 4)",supports-impact-v1,
iPhone,"(15, 4)",supports-incoming-fmd-v1,
iPhone,"(15, 4)",supports-inline-attachments,
iPhone,"(15, 4)",supports-keep-receipts,
iPhone,"(15, 4)",supports-key-sharing,
iPhone,"(15, 4)",supports-live-delivery,
iPhone,"(15, 4)",supports-location-sharing,
iPhone,"(15, 4)",supports-manatee-for-apple-cash,
iPhone,"(15, 4)",supports-maps-routing-path-leg,
iPhone,"(15, 4)",supports-media-v2,
iPhone,"(15, 4)",supports-modern-gft,
iPhone,"(15, 4)",supports-original-timestamp-v1,
iPhone,"(15, 4)",supports-photos-extension-v1,
iPhone,"(15, 4)",supports-photos-extension-v2,
iPhone,"(15, 4)",supports-protobuf-payload-data-v2,
iPhone,"(15, 4)",supports-region-for-apple-cash,
iPhone,"(15, 4)",supports-sa-v1,
iPhone,"(15, 4)",supports-screen-time-v2,
iPhone,"(15, 4)",supports-secure-loc-v1,
iPhone,"(15, 4)",supports-st-er,
iPhone,"(15, 4)",supports-st-v1,
iPhone,"(15, 4)",supports-update-attachments-v1,
iPhone,"(15, 4)",supports-uwb,True
iPhone,"(15, 5)",device-key-signature,
iPhone,"(15, 5)",ec-version,1.0
iPhone,"(15, 5)",is-c2k-equipment,
iPhone,"(15, 5)",is-green-tea,
iPhone,"(15, 5)",is-web-client,
iPhone,"(15, 5)",kt-version,4.0
iPhone,"(15, 5)",nicknames-version,
iPhone,"(15, 5)",optionally-receive-typing-indicators,
iPhone,"(15, 5)",prefers-sdr,
iPhone,"(15, 5)",show-peer-errors,
iPhone,"(15, 5)",supports-ack-v1,
iPhone,"(15, 5)",supports-activity-sharing-v1,True
iPhone,"(15, 5)",supports-animoji-v2,
iPhone,"(15, 5)",supports-audio-messaging-v2,
iPhone,"(15, 5)",supports-autoloopvideo-v1,
iPhone,"(15, 5)",supports-be-v1,
iPhone,"(15, 5)",supports-beacon-sharing-v2,
iPhone,"(15, 5)",supports-beneficiary-invites,
iPhone,"(15, 5)",supports-ca-v1,
iPhone,"(15, 5)",supports-certified-delivery-v1,
iPhone,"(15, 5)",supports-co,
iPhone,"(15, 5)",supports-dq-nr,
iPhone,"(15, 5)",supports-fm-fence-v1,True
iPhone,"(15, 5)",supports-fmd-v2,
iPhone,"(15, 5)",supports-fsm-v1,
iPhone,"(15, 5)",supports-fsm-v2,
iPhone,"(15, 5)",supports-fsm-v3,
iPhone,"(15, 5)",supports-gft-calls,
iPhone,"(15, 5)",supports-gft-errors,
iPhone,"(15, 5)",supports-harmony,
iPhone,"(15, 5)",supports-hdr,
iPhone,"(15, 5)",supports-heif,True
iPhone,"(15, 5)",supports-hk-resident,
iPhone,"(15, 5)",supports-ii-v1,
iPhone,"(15, 5)",supports-impact-v1,
iPhone,"(15, 5)",supports-incoming-fmd-v1,
iPhone,"(15, 5)",supports-inline-attachments,
iPhone,"(15, 5)",supports-keep-receipts,
iPhone,"(15, 5)",supports-key-sharing,
iPhone,"(15, 5)",supports-live-delivery,
iPhone,"(15, 5)",supports-location-sharing,
iPhone,"(15, 5)",supports-manatee-for-apple-cash,
iPhone,"(15, 5)",supports-maps-routing-path-leg,
iPhone,"(15, 5)",supports-media-v2,
iPhone,"(15, 5)",supports-modern-gft,
iPhone,"(15, 5)",supports-original-timestamp-v1,
iPhone,"(15, 5)",supports-photos-extension-v1,
iPhone,"(15, 5)",supports-photos-extension-v2,
iPhone,"(15, 5)",supports-protobuf-payload-data-v2,
iPhone,"(15, 5)",supports-region-for-apple-cash,
iPhone,"(15, 5)",supports-sa-v1,
iPhone,"(15, 5)",supports-screen-time-v2,
iPhone,"(15, 5)",supports-secure-loc-v1,
iPhone,"(15, 5)",supports-st-er,
iPhone,"(15, 5)",supports-st-v1,
iPhone,"(15, 5)",supports-update-attachments-v1,
iPhone,"(15, 5)",supports-uwb,True
iPhone,"(15, 6)",device-key-signature,
iPhone,"(15, 6)",ec-version,1.0
iPhone,"(15, 6)",is-c2k-equipment,
iPhone,"(15, 6)",is-green-tea,
iPhone,"(15, 6)",is-web-client,
iPhone,"(15, 6)",kt-version,4.0
iPhone,"(15, 6)",nicknames-version,
iPhone,"(15, 6)",optionally-receive-typing-indicators,
iPhone,"(15, 6)",prefers-sdr,
iPhone,"(15, 6)",show-peer-errors,
iPhone,"(15, 6)",supports-ack-v1,
iPhone,"(15, 6)",supports-activity-sharing-v1,True
iPhone,"(15, 6)",supports-animoji-v2,
iPhone,"(15, 6)",supports-audio-messaging-v2,
iPhone,"(15, 6)",supports-autoloopvideo-v1,
iPhone,"(15, 6)",supports-be-v1,
iPhone,"(15, 6)",supports-beacon-sharing-v2,
iPhone,"(15, 6)",supports-beneficiary-invites,
iPhone,"(15, 6)",supports-ca-v1,
iPhone,"(15, 6)",supports-certified-delivery-v1,
iPhone,"(15, 6)",supports-co,
iPhone,"(15, 6)",supports-dq-nr,
iPhone,"(15, 6)",supports-fm-fence-v1,True
iPhone,"(15, 6)",supports-fmd-v2,
iPhone,"(15, 6)",supports-fsm-v1,
iPhone,"(15, 6)",supports-fsm-v2,
iPhone,"(15, 6)",supports-fsm-v3,
iPhone,"(15, 6)",supports-gft-calls,
iPhone,"(15, 6)",supports-gft-errors,
iPhone,"(15, 6)",supports-harmony,
iPhone,"(15, 6)",supports-hdr,
iPhone,"(15, 6)",supports-heif,True
iPhone,"(15, 6)",supports-hk-resident,
iPhone,"(15, 6)",supports-ii-v1,
iPhone,"(15, 6)",supports-impact-v1,
iPhone,"(15, 6)",supports-incoming-fmd-v1,
iPhone,"(15, 6)",supports-inline-attachments,
iPhone,"(15, 6)",supports-keep-receipts,
iPhone,"(15, 6)",supports-key-sharing,
iPhone,"(15, 6)",supports-live-delivery,
iPhone,"(15, 6)",supports-location-sharing,
iPhone,"(15, 6)",supports-manatee-for-apple-cash,
iPhone,"(15, 6)",supports-maps-routing-path-leg,
iPhone,"(15, 6)",supports-media-v2,
iPhone,"(15, 6)",supports-modern-gft,
iPhone,"(15, 6)",supports-original-timestamp-v1,
iPhone,"(15, 6)",supports-photos-extension-v1,
iPhone,"(15, 6)",supports-photos-extension-v2,
iPhone,"(15, 6)",supports-protobuf-payload-data-v2,
iPhone,"(15, 6)",supports-region-for-apple-cash,
iPhone,"(15, 6)",supports-sa-v1,
iPhone,"(15, 6)",supports-screen-time-v2,
iPhone,"(15, 6)",supports-secure-loc-v1,
iPhone,"(15, 6)",supports-st-er,
iPhone,"(15, 6)",supports-st-v1,
iPhone,"(15, 6)",supports-update-attachments-v1,
iPhone,"(15, 6)",supports-uwb,True
iPhone,"(15, 7)",device-key-signature,
iPhone,"(15, 7)",ec-version,1.0
iPhone,"(15, 7)",is-c2k-equipment,
iPhone,"(15, 7)",is-green-tea,
iPhone,"(15, 7)",is-web-client,
iPhone,"(15, 7)",kt-version,4.0
iPhone,"(15, 7)",nicknames-version,
iPhone,"(15, 7)",optionally-receive-typing-indicators,
iPhone,"(15, 7)",prefers-sdr,
iPhone,"(15, 7)",show-peer-errors,
iPhone,"(15, 7)",supports-ack-v1,
iPhone,"(15, 7)",supports-activity-sharing-v1,True
iPhone,"(15, 7)",supports-animoji-v2,
iPhone,"(15, 7)",supports-audio-messaging-v2,
iPhone,"(15, 7)",supports-autoloopvideo-v1,
iPhone,"(15, 7)",supports-be-v1,
iPhone,"(15, 7)",supports-beacon-sharing-v2,
iPhone,"(15, 7)",supports-beneficiary-invites,
iPhone,"(15, 7)",supports-ca-v1,
iPhone,"(15, 7)",supports-certified-delivery-v1,
iPhone,"(15, 7)",supports-co,
iPhone,"(15, 7)",supports-dq-nr,
iPhone,"(15, 7)",supports-fm-fence-v1,True
iPhone,"(15, 7)",supports-fmd-v2,
iPhone,"(15, 7)",supports-fsm-v1,
iPhone,"(15, 7)",supports-fsm-v2,
iPhone,"(15, 7)",supports-fsm-v3,
iPhone,"(15, 7)",supports-gft-calls,
iPhone,"(15, 7)",supports-gft-errors,
iPhone,"(15, 7)",supports-harmony,
iPhone,"(15, 7)",supports-hdr,
iPhone,"(15, 7)",supports-heif,True
iPhone,"(15, 7)",supports-hk-resident,
iPhone,"(15, 7)",supports-ii-v1,
iPhone,"(15, 7)",supports-impact-v1,
iPhone,"(15, 7)",supports-incoming-fmd-v1,
iPhone,"(15, 7)",supports-inline-attachments,
iPhone,"(15, 7)",supports-keep-receipts,
iPhone,"(15, 7)",supports-key-sharing,
iPhone,"(15, 7)",supports-live-delivery,
iPhone,"(15, 7)",supports-location-sharing,
iPhone,"(15, 7)",supports-manatee-for-apple-cash,
iPhone,"(15, 7)",supports-maps-routing-path-leg,
iPhone,"(15, 7)",supports-media-v2,
iPhone,"(15, 7)",supports-modern-gft,
iPhone,"(15, 7)",supports-original-timestamp-v1,
iPhone,"(15, 7)",supports-photos-extension-v1,
iPhone,"(15, 7)",supports-photos-extension-v2,
iPhone,"(15, 7)",supports-protobuf-payload-data-v2,
iPhone,"(15, 7)",supports-region-for-apple-cash,
iPhone,"(15, 7)",supports-sa-v1,
iPhone,"(15, 7)",supports-screen-time-v2,
iPhone,"(15, 7)",supports-secure-loc-v1,
iPhone,"(15, 7)",supports-st-er,
iPhone,"(15, 7)",supports-st-v1,
iPhone,"(15, 7)",supports-update-attachments-v1,
iPhone,"(15, 7)",supports-uwb,True
iPhone,"(16, 0)",device-key-signature,
iPhone,"(16, 0)",ec-version,1.0
iPhone,"(16, 0)",is-c2k-equipment,
iPhone,"(16, 0)",is-green-tea,
iPhone,"(16, 0)",is-web-client,
iPhone,"(16, 0)",kt-version,4.0
iPhone,"(16, 0)",nicknames-version,
iPhone,"(16, 0)",optionally-receive-typing-indicators,
iPhone,"(16, 0)",prefers-sdr,
iPhone,"(16, 0)",show-peer-errors,
iPhone,"(16, 0)",supports-ack-v1,
iPhone,"(16, 0)",supports-activity-sharing-v1,True
iPhone,"(16, 0)",supports-animoji-v2,
iPhone,"(16, 0)",supports-audio-messaging-v2,
iPhone,"(16, 0)",supports-autoloopvideo-v1,
iPhone,"(16, 0)",supports-avless,
iPhone,"(16, 0)",supports-be-v1,
iPhone,"(16, 0)",supports-beacon-sharing-v2,
iPhone,"(16, 0)",supports-beneficiary-invites,
iPhone,"(16, 0)",supports-ca-v1,
iPhone,"(16, 0)",supports-certified-delivery-v1,
iPhone,"(16, 0)",supports-co,
iPhone,"(16, 0)",supports-cross-platform-sharing,
iPhone,"(16, 0)",supports-dq-nr,
iPhone,"(16, 0)",supports-family-invite-message-bubble,
iPhone,"(16, 0)",supports-fm-fence-v1,True
iPhone,"(16, 0)",supports-fmd-v2,
iPhone,"(16, 0)",supports-fsm-v1,
iPhone,"(16, 0)",supports-fsm-v2,
iPhone,"(16, 0)",supports-fsm-v3,
iPhone,"(16, 0)",supports-gft-calls,
iPhone,"(16, 0)",supports-gft-errors,
iPhone,"(16, 0)",supports-harmony,
iPhone,"(16, 0)",supports-hdr,False
iPhone,"(16, 0)",supports-heif,True
iPhone,"(16, 0)",supports-hk-resident,
iPhone,"(16, 0)",supports-ii-v1,
iPhone,"(16, 0)",supports-impact-v1,
iPhone,"(16, 0)",supports-incoming-fmd-v1,
iPhone,"(16, 0)",supports-inline-attachments,
iPhone,"(16, 0)",supports-keep-receipts,
iPhone,"(16, 0)",supports-key-sharing,
iPhone,"(16, 0)",supports-live-delivery,
iPhone,"(16, 0)",supports-location-sharing,
iPhone,"(16, 0)",supports-manatee-for-apple-cash,
iPhone,"(16, 0)",supports-maps-protocol-v5,
iPhone,"(16, 0)",supports-maps-routing-path-leg,
iPhone,"(16, 0)",supports-maps-waypoint-route-sharing,
iPhone,"(16, 0)",supports-media-v2,
iPhone,"(16, 0)",supports-mirage,
iPhone,"(16, 0)",supports-modern-gft,
iPhone,"(16, 0)",supports-original-timestamp-v1,
iPhone,"(16, 0)",supports-people-request-messages,
iPhone,"(16, 0)",supports-photos-extension-v1,
iPhone,"(16, 0)",supports-photos-extension-v2,
iPhone,"(16, 0)",supports-protobuf-payload-data-v2,
iPhone,"(16, 0)",supports-region-for-apple-cash,
iPhone,"(16, 0)",supports-rem,
iPhone,"(16, 0)",supports-sa-v1,
iPhone,"(16, 0)",supports-screen-time-v2,
iPhone,"(16, 0)",supports-secure-loc-v1,
iPhone,"(16, 0)",supports-self-one-to-one-invites,
iPhone,"(16, 0)",supports-shared-exp,
iPhone,"(16, 0)",supports-st-er,
iPhone,"(16, 0)",supports-st-v1,
iPhone,"(16, 0)",supports-update-attachments-v1,
iPhone,"(16, 0)",supports-uwb,True
iPhone,"(16, 1)",device-key-signature,
iPhone,"(16, 1)",ec-version,1.0
iPhone,"(16, 1)",is-c2k-equipment,
iPhone,"(16, 1)",is-green-tea,
iPhone,"(16, 1)",is-web-client,
iPhone,"(16, 1)",kt-version,4.0
iPhone,"(16, 1)",nicknames-version,
iPhone,"(16, 1)",optionally-receive-typing-indicators,
iPhone,"(16, 1)",prefers-sdr,
iPhone,"(16, 1)",show-peer-errors,
iPhone,"(16, 1)",supports-ack-v1,
iPhone,"(16, 1)",supports-activity-sharing-v1,True
iPhone,"(16, 1)",supports-animoji-v2,
iPhone,"(16, 1)",supports-audio-messaging-v2,
iPhone,"(16, 1)",supports-autoloopvideo-v1,
iPhone,"(16, 1)",supports-avless,
iPhone,"(16, 1)",supports-be-v1,
iPhone,"(16, 1)",supports-beacon-sharing-v2,
iPhone,"(16, 1)",supports-beneficiary-invites,
iPhone,"(16, 1)",supports-ca-v1,
iPhone,"(16, 1)",supports-certified-delivery-v1,
iPhone,"(16, 1)",supports-co,
iPhone,"(16, 1)",supports-cross-platform-sharing,
iPhone,"(16, 1)",supports-dq-nr,
iPhone,"(16, 1)",supports-family-invite-message-bubble,
iPhone,"(16, 1)",supports-fm-fence-v1,True
iPhone,"(16, 1)",supports-fmd-v2,
iPhone,"(16, 1)",supports-fsm-v1,
iPhone,"(16, 1)",supports-fsm-v2,
iPhone,"(16, 1)",supports-fsm-v3,
iPhone,"(16, 1)",supports-gft-calls,
iPhone,"(16, 1)",supports-gft-errors,
iPhone,"(16, 1)",supports-harmony,
iPhone,"(16, 1)",supports-hdr,
iPhone,"(16, 1)",supports-heif,True
iPhone,"(16, 1)",supports-hk-resident,
iPhone,"(16, 1)",supports-ii-v1,
iPhone,"(16, 1)",supports-impact-v1,
iPhone,"(16, 1)",supports-incoming-fmd-v1,
iPhone,"(16, 1)",supports-inline-attachments,
iPhone,"(16, 1)",supports-keep-receipts,
iPhone,"(16, 1)",supports-key-sharing,
iPhone,"(16, 1)",supports-live-delivery,
iPhone,"(16, 1)",supports-location-sharing,
iPhone,"(16, 1)",supports-manatee-for-apple-cash,
iPhone,"(16, 1)",supports-maps-protocol-v5,
iPhone,"(16, 1)",supports-maps-routing-path-leg,
iPhone,"(16, 1)",supports-maps-waypoint-route-sharing,
iPhone,"(16, 1)",supports-media-v2,
iPhone,"(16, 1)",supports-mirage,
iPhone,"(16, 1)",supports-modern-gft,
iPhone,"(16, 1)",supports-original-timestamp-v1,
iPhone,"(16, 1)",supports-people-request-messages,
iPhone,"(16, 1)",supports-photos-extension-v1,
iPhone,"(16, 1)",supports-photos-extension-v2,
iPhone,"(16, 1)",supports-protobuf-payload-data-v2,
iPhone,"(16, 1)",supports-region-for-apple-cash,
iPhone,"(16, 1)",supports-rem,
iPhone,"(16, 1)",supports-sa-v1,
iPhone,"(16, 1)",supports-screen-time-v2,
iPhone,"(16, 1)",supports-secure-loc-v1,
iPhone,"(16, 1)",supports-self-one-to-one-invites,
iPhone,"(16, 1)",supports-shared-exp,
iPhone,"(16, 1)",supports-st-er,
iPhone,"(16, 1)",supports-st-v1,
iPhone,"(16, 1)",supports-update-attachments-v1,
iPhone,"(16, 1)",supports-uwb,True
iPhone,"(16, 1, 2)",device-key-signature,
iPhone,"(16, 1, 2)",ec-version,1.0
iPhone,"(16, 1, 2)",is-c2k-equipment,
iPhone,"(16, 1, 2)",is-green-tea,
iPhone,"(16, 1, 2)",is-web-client,
iPhone,"(16, 1, 2)",kt-version,4.0
iPhone,"(16, 1, 2)",nicknames-version,
iPhone,"(16, 1, 2)",optionally-receive-typing-indicators,
iPhone,"(16, 1, 2)",prefers-sdr,
iPhone,"(16, 1, 2)",show-peer-errors,
iPhone,"(16, 1, 2)",supports-ack-v1,
iPhone,"(16, 1, 2)",supports-activity-sharing-v1,True
iPhone,"(16, 1, 2)",supports-animoji-v2,
iPhone,"(16, 1, 2)",supports-audio-messaging-v2,
iPhone,"(16, 1, 2)",supports-autoloopvideo-v1,
iPhone,"(16, 1, 2)",supports-avless,
iPhone,"(16, 1, 2)",supports-be-v1,
iPhone,"(16, 1, 2)",supports-beacon-sharing-v2,
iPhone,"(16, 1, 2)",supports-beneficiary-invites,
iPhone,"(16, 1, 2)",supports-ca-v1,
iPhone,"(16, 1, 2)",supports-certified-delivery-v1,
iPhone,"(16, 1, 2)",supports-co,
iPhone,"(16, 1, 2)",supports-cross-platform-sharing,
iPhone,"(16, 1, 2)",supports-dq-nr,
iPhone,"(16, 1, 2)",supports-family-invite-message-bubble,
iPhone,"(16, 1, 2)",supports-fm-fence-v1,True
iPhone,"(16, 1, 2)",supports-fmd-v2,
iPhone,"(16, 1, 2)",supports-fsm-v1,
iPhone,"(16, 1, 2)",supports-fsm-v2,
iPhone,"(16, 1, 2)",supports-fsm-v3,
iPhone,"(16, 1, 2)",supports-gft-calls,
iPhone,"(16, 1, 2)",supports-gft-errors,
iPhone,"(16, 1, 2)",supports-harmony,
iPhone,"(16, 1, 2)",supports-hdr,
iPhone,"(16, 1, 2)",supports-heif,True
iPhone,"(16, 1, 2)",supports-hk-resident,
iPhone,"(16, 1, 2)",supports-ii-v1,
iPhone,"(16, 1, 2)",supports-impact-v1,
iPhone,"(16, 1, 2)",supports-incoming-fmd-v1,
iPhone,"(16, 1, 2)",supports-inline-attachments,
iPhone,"(16, 1, 2)",supports-keep-receipts,
iPhone,"(16, 1, 2)",supports-key-sharing,
iPhone,"(16, 1, 2)",supports-live-delivery,
iPhone,"(16, 1, 2)",supports-location-sharing,
iPhone,"(16, 1, 2)",supports-manatee-for-apple-cash,
iPhone,"(16, 1, 2)",supports-maps-protocol-v5,
iPhone,"(16, 1, 2)",supports-maps-routing-path-leg,
iPhone,"(16, 1, 2)",supports-maps-waypoint-route-sharing,
iPhone,"(16, 1, 2)",supports-media-v2,
iPhone,"(16, 1, 2)",supports-mirage,
iPhone,"(16, 1, 2)",supports-modern-gft,
iPhone,"(16, 1, 2)",supports-original-timestamp-v1,
iPhone,"(16, 1, 2)",supports-people-request-messages,
iPhone,"(16, 1, 2)",supports-photos-extension-v1,
iPhone,"(16, 1, 2)",supports-photos-extension-v2,
iPhone,"(16, 1, 2)",supports-protobuf-payload-data-v2,
iPhone,"(16, 1, 2)",supports-region-for-apple-cash,
iPhone,"(16, 1, 2)",supports-rem,
iPhone,"(16, 1, 2)",supports-sa-v1,
iPhone,"(16, 1, 2)",supports-screen-time-v2,
iPhone,"(16, 1, 2)",supports-secure-loc-v1,
iPhone,"(16, 1, 2)",supports-self-one-to-one-invites,
iPhone,"(16, 1, 2)",supports-shared-exp,
iPhone,"(16, 1, 2)",supports-st-er,
iPhone,"(16, 1, 2)",supports-st-v1,
iPhone,"(16, 1, 2)",supports-update-attachments-v1,
iPhone,"(16, 1, 2)",supports-uwb,True
iPhone,"(16, 2)",device-key-signature,
iPhone,"(16, 2)",ec-version,1.0
iPhone,"(16, 2)",is-c2k-equipment,
iPhone,"(16, 2)",is-green-tea,
iPhone,"(16, 2)",is-web-client,
iPhone,"(16, 2)",kt-version,5.0
iPhone,"(16, 2)",nicknames-version,
iPhone,"(16, 2)",optionally-receive-typing-indicators,
iPhone,"(16, 2)",prefers-sdr,
iPhone,"(16, 2)",show-peer-errors,
iPhone,"(16, 2)",supports-ack-v1,
iPhone,"(16, 2)",supports-activity-sharing-v1,True
iPhone,"(16, 2)",supports-animoji-v2,
iPhone,"(16, 2)",supports-audio-messaging-v2,
iPhone,"(16, 2)",supports-autoloopvideo-v1,
iPhone,"(16, 2)",supports-avless,
iPhone,"(16, 2)",supports-be-v1,
iPhone,"(16, 2)",supports-beacon-sharing-v2,
iPhone,"(16, 2)",supports-beneficiary-invites,
iPhone,"(16, 2)",supports-ca-v1,
iPhone,"(16, 2)",supports-certified-delivery-v1,
iPhone,"(16, 2)",supports-co,
iPhone,"(16, 2)",supports-cross-platform-sharing,
iPhone,"(16, 2)",supports-dq-nr,
iPhone,"(16, 2)",supports-family-invite-message-bubble,
iPhone,"(16, 2)",supports-fm-fence-v1,True
iPhone,"(16, 2)",supports-fmd-v2,
iPhone,"(16, 2)",supports-fsm-v1,
iPhone,"(16, 2)",supports-fsm-v2,
iPhone,"(16, 2)",supports-fsm-v3,
iPhone,"(16, 2)",supports-gft-calls,
iPhone,"(16, 2)",supports-gft-errors,
iPhone,"(16, 2)",supports-harmony,
iPhone,"(16, 2)",supports-hdr,
iPhone,"(16, 2)",supports-heif,True
iPhone,"(16, 2)",supports-hk-resident,
iPhone,"(16, 2)",supports-ii-v1,
iPhone,"(16, 2)",supports-impact-v1,
iPhone,"(16, 2)",supports-incoming-fmd-v1,
iPhone,"(16, 2)",supports-inline-attachments,
iPhone,"(16, 2)",supports-keep-receipts,
iPhone,"(16, 2)",supports-key-sharing,
iPhone,"(16, 2)",supports-live-delivery,
iPhone,"(16, 2)",supports-location-sharing,
iPhone,"(16, 2)",supports-manatee-for-apple-cash,
iPhone,"(16, 2)",supports-maps-protocol-v5,
iPhone,"(16, 2)",supports-maps-routing-path-leg,
iPhone,"(16, 2)",supports-maps-waypoint-route-sharing,
iPhone,"(16, 2)",supports-media-v2,
iPhone,"(16, 2)",supports-mirage,
iPhone,"(16, 2)",supports-modern-gft,
iPhone,"(16, 2)",supports-original-timestamp-v1,
iPhone,"(16, 2)",supports-people-request-messages,
iPhone,"(16, 2)",supports-people-request-messages-v2,
iPhone,"(16, 2)",supports-photos-extension-v1,
iPhone,"(16, 2)",supports-photos-extension-v2,
iPhone,"(16, 2)",supports-protobuf-payload-data-v2,
iPhone,"(16, 2)",supports-region-for-apple-cash,
iPhone,"(16, 2)",supports-rem,
iPhone,"(16, 2)",supports-sa-v1,
iPhone,"(16, 2)",supports-screen-time-v2,
iPhone,"(16, 2)",supports-secure-loc-v1,
iPhone,"(16, 2)",supports-self-one-to-one-invites,
iPhone,"(16, 2)",supports-shared-exp,
iPhone,"(16, 2)",supports-st-er,
iPhone,"(16, 2)",supports-st-v1,
iPhone,"(16, 2)",supports-update-attachments-v1,
iPhone,"(16, 2)",supports-uwb,True
iPhone,"(16, 3)",device-key-signature,
iPhone,"(16, 3)",ec-version,1.0
iPhone,"(16, 3)",is-c2k-equipment,
iPhone,"(16, 3)",is-green-tea,
iPhone,"(16, 3)",is-web-client,
iPhone,"(16, 3)",kt-version,5.0
iPhone,"(16, 3)",nicknames-version,
iPhone,"(16, 3)",optionally-receive-typing-indicators,
iPhone,"(16, 3)",prefers-sdr,
iPhone,"(16, 3)",show-peer-errors,
iPhone,"(16, 3)",supports-ack-v1,
iPhone,"(16, 3)",supports-activity-sharing-v1,True
iPhone,"(16, 3)",supports-animoji-v2,
iPhone,"(16, 3)",supports-audio-messaging-v2,
iPhone,"(16, 3)",supports-autoloopvideo-v1,
iPhone,"(16, 3)",supports-avless,
iPhone,"(16, 3)",supports-be-v1,
iPhone,"(16, 3)",supports-beacon-sharing-v2,
iPhone,"(16, 3)",supports-beneficiary-invites,
iPhone,"(16, 3)",supports-ca-v1,
iPhone,"(16, 3)",supports-certified-delivery-v1,
iPhone,"(16, 3)",supports-co,
iPhone,"(16, 3)",supports-cross-platform-sharing,
iPhone,"(16, 3)",supports-dq-nr,
iPhone,"(16, 3)",supports-family-invite-message-bubble,
iPhone,"(16, 3)",supports-fm-fence-v1,True
iPhone,"(16, 3)",supports-fmd-v2,
iPhone,"(16, 3)",supports-fsm-v1,
iPhone,"(16, 3)",supports-fsm-v2,
iPhone,"(16, 3)",supports-fsm-v3,
iPhone,"(16, 3)",supports-gft-calls,
iPhone,"(16, 3)",supports-gft-errors,
iPhone,"(16, 3)",supports-harmony,
iPhone,"(16, 3)",supports-hdr,
iPhone,"(16, 3)",supports-heif,True
iPhone,"(16, 3)",supports-hk-resident,
iPhone,"(16, 3)",supports-ii-v1,
iPhone,"(16, 3)",supports-impact-v1,
iPhone,"(16, 3)",supports-incoming-fmd-v1,
iPhone,"(16, 3)",supports-inline-attachments,
iPhone,"(16, 3)",supports-keep-receipts,
iPhone,"(16, 3)",supports-key-sharing,
iPhone,"(16, 3)",supports-live-delivery,
iPhone,"(16, 3)",supports-location-sharing,
iPhone,"(16, 3)",supports-manatee-for-apple-cash,
iPhone,"(16, 3)",supports-maps-protocol-v5,
iPhone,"(16, 3)",supports-maps-routing-path-leg,
iPhone,"(16, 3)",supports-maps-waypoint-route-sharing,
iPhone,"(16, 3)",supports-media-v2,
iPhone,"(16, 3)",supports-mirage,
iPhone,"(16, 3)",supports-modern-gft,
iPhone,"(16, 3)",supports-original-timestamp-v1,
iPhone,"(16, 3)",supports-people-request-messages,
iPhone,"(16, 3)",supports-people-request-messages-v2,
iPhone,"(16, 3)",supports-photos-extension-v1,
iPhone,"(16, 3)",supports-photos-extension-v2,
iPhone,"(16, 3)",supports-protobuf-payload-data-v2,
iPhone,"(16, 3)",supports-region-for-apple-cash,
iPhone,"(16, 3)",supports-rem,
iPhone,"(16, 3)",supports-sa-v1,
iPhone,"(16, 3)",supports-screen-time-v2,
iPhone,"(16, 3)",supports-secure-loc-v1,
iPhone,"(16, 3)",supports-self-one-to-one-invites,
iPhone,"(16, 3)",supports-shared-exp,
iPhone,"(16, 3)",supports-st-er,
iPhone,"(16, 3)",supports-st-v1,
iPhone,"(16, 3)",supports-update-attachments-v1,
iPhone,"(16, 3)",supports-uwb,True
iPhone,"(16, 4)",device-key-signature,
iPhone,"(16, 4)",ec-version,1.0
iPhone,"(16, 4)",is-c2k-equipment,
iPhone,"(16, 4)",is-green-tea,
iPhone,"(16, 4)",is-web-client,
iPhone,"(16, 4)",kt-version,5.0
iPhone,"(16, 4)",nicknames-version,
iPhone,"(16, 4)",optionally-receive-typing-indicators,
iPhone,"(16, 4)",prefers-sdr,
iPhone,"(16, 4)",show-peer-errors,
iPhone,"(16, 4)",supports-ack-v1,
iPhone,"(16, 4)",supports-activity-sharing-v1,True
iPhone,"(16, 4)",supports-animoji-v2,
iPhone,"(16, 4)",supports-audio-messaging-v2,
iPhone,"(16, 4)",supports-autoloopvideo-v1,
iPhone,"(16, 4)",supports-avless,
iPhone,"(16, 4)",supports-be-v1,
iPhone,"(16, 4)",supports-beacon-sharing-v2,
iPhone,"(16, 4)",supports-beneficiary-invites,
iPhone,"(16, 4)",supports-ca-v1,
iPhone,"(16, 4)",supports-certified-delivery-v1,
iPhone,"(16, 4)",supports-co,
iPhone,"(16, 4)",supports-cross-platform-sharing,
iPhone,"(16, 4)",supports-dq-nr,
iPhone,"(16, 4)",supports-family-invite-message-bubble,
iPhone,"(16, 4)",supports-fm-fence-v1,True
iPhone,"(16, 4)",supports-fmd-v2,
iPhone,"(16, 4)",supports-fsm-v1,
iPhone,"(16, 4)",supports-fsm-v2,
iPhone,"(16, 4)",supports-fsm-v3,
iPhone,"(16, 4)",supports-gft-calls,
iPhone,"(16, 4)",supports-gft-errors,
iPhone,"(16, 4)",supports-harmony,
iPhone,"(16, 4)",supports-hdr,
iPhone,"(16, 4)",supports-heif,True
iPhone,"(16, 4)",supports-hk-resident,
iPhone,"(16, 4)",supports-ii-v1,
iPhone,"(16, 4)",supports-impact-v1,
iPhone,"(16, 4)",supports-incoming-fmd-v1,
iPhone,"(16, 4)",supports-inline-attachments,
iPhone,"(16, 4)",supports-keep-receipts,
iPhone,"(16, 4)",supports-key-sharing,
iPhone,"(16, 4)",supports-live-delivery,
iPhone,"(16, 4)",supports-location-sharing,
iPhone,"(16, 4)",supports-manatee-for-apple-cash,
iPhone,"(16, 4)",supports-maps-protocol-v5,
iPhone,"(16, 4)",supports-maps-routing-path-leg,
iPhone,"(16, 4)",supports-maps-waypoint-route-sharing,
iPhone,"(16, 4)",supports-media-v2,
iPhone,"(16, 4)",supports-mirage,
iPhone,"(16, 4)",supports-modern-gft,
iPhone,"(16, 4)",supports-original-timestamp-v1,
iPhone,"(16, 4)",supports-people-request-messages,
iPhone,"(16, 4)",supports-people-request-messages-v2,
iPhone,"(16, 4)",supports-people-request-messages-v3,
iPhone,"(16, 4)",supports-photos-extension-v1,
iPhone,"(16, 4)",supports-photos-extension-v2,
iPhone,"(16, 4)",supports-protobuf-payload-data-v2,
iPhone,"(16, 4)",supports-region-for-apple-cash,
iPhone,"(16, 4)",supports-rem,
iPhone,"(16, 4)",supports-sa-v1,
iPhone,"(16, 4)",supports-screen-time-v2,
iPhone,"(16, 4)",supports-secure-loc-v1,
iPhone,"(16, 4)",supports-self-one-to-one-invites,
iPhone,"(16, 4)",supports-shared-exp,
iPhone,"(16, 4)",supports-st-er,
iPhone,"(16, 4)",supports-st-v1,
iPhone,"(16, 4)",supports-update-attachments-v1,
iPhone,"(16, 4)",supports-uwb,True
iPhone,"(16, 5)",device-key-signature,
iPhone,"(16, 5)",ec-version,1.0
iPhone,"(16, 5)",is-c2k-equipment,
iPhone,"(16, 5)",is-green-tea,
iPhone,"(16, 5)",is-web-client,
iPhone,"(16, 5)",kt-version,5.0
iPhone,"(16, 5)",nicknames-version,
iPhone,"(16, 5)",optionally-receive-typing-indicators,
iPhone,"(16, 5)",prefers-sdr,
iPhone,"(16, 5)",show-peer-errors,
iPhone,"(16, 5)",supports-ack-v1,
iPhone,"(16, 5)",supports-activity-sharing-v1,True
iPhone,"(16, 5)",supports-animoji-v2,
iPhone,"(16, 5)",supports-audio-messaging-v2,
iPhone,"(16, 5)",supports-autoloopvideo-v1,
iPhone,"(16, 5)",supports-avless,
iPhone,"(16, 5)",supports-be-v1,
iPhone,"(16, 5)",supports-beacon-sharing-v2,
iPhone,"(16, 5)",supports-beneficiary-invites,
iPhone,"(16, 5)",supports-ca-v1,
iPhone,"(16, 5)",supports-certified-delivery-v1,
iPhone,"(16, 5)",supports-co,
iPhone,"(16, 5)",supports-cross-platform-sharing,
iPhone,"(16, 5)",supports-dq-nr,
iPhone,"(16, 5)",supports-family-invite-message-bubble,
iPhone,"(16, 5)",supports-fm-fence-v1,True
iPhone,"(16, 5)",supports-fmd-v2,
iPhone,"(16, 5)",supports-fsm-v1,
iPhone,"(16, 5)",supports-fsm-v2,
iPhone,"(16, 5)",supports-fsm-v3,
iPhone,"(16, 5)",supports-gft-calls,
iPhone,"(16, 5)",supports-gft-errors,
iPhone,"(16, 5)",supports-harmony,
iPhone,"(16, 5)",supports-hdr,
iPhone,"(16, 5)",supports-heif,True
iPhone,"(16, 5)",supports-hk-resident,
iPhone,"(16, 5)",supports-ii-v1,
iPhone,"(16, 5)",supports-impact-v1,
iPhone,"(16, 5)",supports-incoming-fmd-v1,
iPhone,"(16, 5)",supports-inline-attachments,
iPhone,"(16, 5)",supports-keep-receipts,
iPhone,"(16, 5)",supports-key-sharing,
iPhone,"(16, 5)",supports-live-delivery,
iPhone,"(16, 5)",supports-location-sharing,
iPhone,"(16, 5)",supports-manatee-for-apple-cash,
iPhone,"(16, 5)",supports-maps-protocol-v5,
iPhone,"(16, 5)",supports-maps-routing-path-leg,
iPhone,"(16, 5)",supports-maps-waypoint-route-sharing,
iPhone,"(16, 5)",supports-media-v2,
iPhone,"(16, 5)",supports-mirage,
iPhone,"(16, 5)",supports-modern-gft,
iPhone,"(16, 5)",supports-original-timestamp-v1,
iPhone,"(16, 5)",supports-people-request-messages,
iPhone,"(16, 5)",supports-people-request-messages-v2,
iPhone,"(16, 5)",supports-people-request-messages-v3,
iPhone,"(16, 5)",supports-photos-extension-v1,
iPhone,"(16, 5)",supports-photos-extension-v2,
iPhone,"(16, 5)",supports-protobuf-payload-data-v2,
iPhone,"(16, 5)",supports-region-for-apple-cash,
iPhone,"(16, 5)",supports-rem,
iPhone,"(16, 5)",supports-sa-v1,
iPhone,"(16, 5)",supports-screen-time-v2,
iPhone,"(16, 5)",supports-secure-loc-v1,
iPhone,"(16, 5)",supports-self-one-to-one-invites,
iPhone,"(16, 5)",supports-shared-exp,
iPhone,"(16, 5)",supports-st-er,
iPhone,"(16, 5)",supports-st-v1,
iPhone,"(16, 5)",supports-update-attachments-v1,
iPhone,"(16, 5)",supports-uwb,True
iPhone,"(16, 6, 1)",device-key-signature,
iPhone,"(16, 6, 1)",ec-version,1.0
iPhone,"(16, 6, 1)",is-c2k-equipment,
iPhone,"(16, 6, 1)",is-green-tea,
iPhone,"(16, 6, 1)",is-web-client,
iPhone,"(16, 6, 1)",kt-version,5.0
iPhone,"(16, 6, 1)",nicknames-version,
iPhone,"(16, 6, 1)",optionally-receive-typing-indicators,
iPhone,"(16, 6, 1)",prefers-sdr,
iPhone,"(16, 6, 1)",show-peer-errors,
iPhone,"(16, 6, 1)",supports-ack-v1,
iPhone,"(16, 6, 1)",supports-activity-sharing-v1,True
iPhone,"(16, 6, 1)",supports-animoji-v2,
iPhone,"(16, 6, 1)",supports-audio-messaging-v2,
iPhone,"(16, 6, 1)",supports-autoloopvideo-v1,
iPhone,"(16, 6, 1)",supports-avless,
iPhone,"(16, 6, 1)",supports-be-v1,
iPhone,"(16, 6, 1)",supports-beacon-sharing-v2,
iPhone,"(16, 6, 1)",supports-beneficiary-invites,
iPhone,"(16, 6, 1)",supports-ca-v1,
iPhone,"(16, 6, 1)",supports-certified-delivery-v1,
iPhone,"(16, 6, 1)",supports-co,
iPhone,"(16, 6, 1)",supports-cross-platform-sharing,
iPhone,"(16, 6, 1)",supports-dq-nr,
iPhone,"(16, 6, 1)",supports-family-invite-message-bubble,
iPhone,"(16, 6, 1)",supports-fm-fence-v1,True
iPhone,"(16, 6, 1)",supports-fmd-v2,
iPhone,"(16, 6, 1)",supports-fsm-v1,
iPhone,"(16, 6, 1)",supports-fsm-v2,
iPhone,"(16, 6, 1)",supports-fsm-v3,
iPhone,"(16, 6, 1)",supports-gft-calls,
iPhone,"(16, 6, 1)",supports-gft-errors,
iPhone,"(16, 6, 1)",supports-harmony,
iPhone,"(16, 6, 1)",supports-hdr,
iPhone,"(16, 6, 1)",supports-heif,True
iPhone,"(16, 6, 1)",supports-hk-resident,
iPhone,"(16, 6, 1)",supports-ii-v1,
iPhone,"(16, 6, 1)",supports-impact-v1,
iPhone,"(16, 6, 1)",supports-incoming-fmd-v1,
iPhone,"(16, 6, 1)",supports-inline-attachments,
iPhone,"(16, 6, 1)",supports-keep-receipts,
iPhone,"(16, 6, 1)",supports-key-sharing,
iPhone,"(16, 6, 1)",supports-live-delivery,
iPhone,"(16, 6, 1)",supports-location-sharing,
iPhone,"(16, 6, 1)",supports-manatee-for-apple-cash,
iPhone,"(16, 6, 1)",supports-maps-protocol-v5,
iPhone,"(16, 6, 1)",supports-maps-routing-path-leg,
iPhone,"(16, 6, 1)",supports-maps-waypoint-route-sharing,
iPhone,"(16, 6, 1)",supports-media-v2,
iPhone,"(16, 6, 1)",supports-mirage,
iPhone,"(16, 6, 1)",supports-modern-gft,
iPhone,"(16, 6, 1)",supports-original-timestamp-v1,
iPhone,"(16, 6, 1)",supports-people-request-messages,
iPhone,"(16, 6, 1)",supports-people-request-messages-v2,
iPhone,"(16, 6, 1)",supports-people-request-messages-v3,
iPhone,"(16, 6, 1)",supports-photos-extension-v1,
iPhone,"(16, 6, 1)",supports-photos-extension-v2,
iPhone,"(16, 6, 1)",supports-protobuf-payload-data-v2,
iPhone,"(16, 6, 1)",supports-region-for-apple-cash,
iPhone,"(16, 6, 1)",supports-rem,
iPhone,"(16, 6, 1)",supports-sa-v1,
iPhone,"(16, 6, 1)",supports-screen-time-v2,
iPhone,"(16, 6, 1)",supports-secure-loc-v1,
iPhone,"(16, 6, 1)",supports-self-one-to-one-invites,
iPhone,"(16, 6, 1)",supports-shared-exp,
iPhone,"(16, 6, 1)",supports-st-er,
iPhone,"(16, 6, 1)",supports-st-v1,
iPhone,"(16, 6, 1)",supports-update-attachments-v1,
iPhone,"(16, 6, 1)",supports-uwb,True
iPhone,"(16, 7, 12)",device-key-signature,
iPhone,"(16, 7, 12)",ec-version,1.0
iPhone,"(16, 7, 12)",is-c2k-equipment,
iPhone,"(16, 7, 12)",is-green-tea,
iPhone,"(16, 7, 12)",is-web-client,
iPhone,"(16, 7, 12)",kt-version,5.0
iPhone,"(16, 7, 12)",nicknames-version,
iPhone,"(16, 7, 12)",optionally-receive-typing-indicators,
iPhone,"(16, 7, 12)",prefers-sdr,
iPhone,"(16, 7, 12)",show-peer-errors,
iPhone,"(16, 7, 12)",supports-ack-v1,
iPhone,"(16, 7, 12)",supports-activity-sharing-v1,True
iPhone,"(16, 7, 12)",supports-animoji-v2,
iPhone,"(16, 7, 12)",supports-audio-messaging-v2,
iPhone,"(16, 7, 12)",supports-autoloopvideo-v1,
iPhone,"(16, 7, 12)",supports-avless,
iPhone,"(16, 7, 12)",supports-be-v1,
iPhone,"(16, 7, 12)",supports-beacon-sharing-v2,
iPhone,"(16, 7, 12)",supports-beneficiary-invites,
iPhone,"(16, 7, 12)",supports-ca-v1,
iPhone,"(16, 7, 12)",supports-certified-delivery-v1,
iPhone,"(16, 7, 12)",supports-co,
iPhone,"(16, 7, 12)",supports-cross-platform-sharing,
iPhone,"(16, 7, 12)",supports-dq-nr,
iPhone,"(16, 7, 12)",supports-family-invite-message-bubble,
iPhone,"(16, 7, 12)",supports-fm-fence-v1,True
iPhone,"(16, 7, 12)",supports-fmd-v2,
iPhone,"(16, 7, 12)",supports-fsm-v1,
iPhone,"(16, 7, 12)",supports-fsm-v2,
iPhone,"(16, 7, 12)",supports-fsm-v3,
iPhone,"(16, 7, 12)",supports-gft-calls,
iPhone,"(16, 7, 12)",supports-gft-errors,
iPhone,"(16, 7, 12)",supports-harmony,
iPhone,"(16, 7, 12)",supports-hdr,False
iPhone,"(16, 7, 12)",supports-heif,True
iPhone,"(16, 7, 12)",supports-hk-resident,
iPhone,"(16, 7, 12)",supports-ii-v1,
iPhone,"(16, 7, 12)",supports-impact-v1,
iPhone,"(16, 7, 12)",supports-incoming-fmd-v1,
iPhone,"(16, 7, 12)",supports-inline-attachments,
iPhone,"(16, 7, 12)",supports-keep-receipts,
iPhone,"(16, 7, 12)",supports-key-sharing,
iPhone,"(16, 7, 12)",supports-live-delivery,
iPhone,"(16, 7, 12)",supports-location-sharing,
iPhone,"(16, 7, 12)",supports-manatee-for-apple-cash,
iPhone,"(16, 7, 12)",supports-maps-protocol-v5,
iPhone,"(16, 7, 12)",supports-maps-routing-path-leg,
iPhone,"(16, 7, 12)",supports-maps-waypoint-route-sharing,
iPhone,"(16, 7, 12)",supports-media-v2,
iPhone,"(16, 7, 12)",supports-mirage,
iPhone,"(16, 7, 12)",supports-modern-gft,
iPhone,"(16, 7, 12)",supports-original-timestamp-v1,
iPhone,"(16, 7, 12)",supports-people-request-messages,
iPhone,"(16, 7, 12)",supports-people-request-messages-v2,
iPhone,"(16, 7, 12)",supports-people-request-messages-v3,
iPhone,"(16, 7, 12)",supports-photos-extension-v1,
iPhone,"(16, 7, 12)",supports-photos-extension-v2,
iPhone,"(16, 7, 12)",supports-protobuf-payload-data-v2,
iPhone,"(16, 7, 12)",supports-region-for-apple-cash,
iPhone,"(16, 7, 12)",supports-rem,
iPhone,"(16, 7, 12)",supports-sa-v1,
iPhone,"(16, 7, 12)",supports-screen-time-v2,
iPhone,"(16, 7, 12)",supports-secure-loc-v1,
iPhone,"(16, 7, 12)",supports-self-one-to-one-invites,
iPhone,"(16, 7, 12)",supports-shared-exp,
iPhone,"(16, 7, 12)",supports-st-er,
iPhone,"(16, 7, 12)",supports-st-v1,
iPhone,"(16, 7, 12)",supports-update-attachments-v1,
iPhone,"(16, 7, 12)",supports-uwb,False
iPhone,"(17, 0)",device-key-signature,
iPhone,"(17, 0)",ec-version,1.0
iPhone,"(17, 0)",is-c2k-equipment,
iPhone,"(17, 0)",is-green-tea,
iPhone,"(17, 0)",is-web-client,
iPhone,"(17, 0)",kt-version,5.0
iPhone,"(17, 0)",nicknames-version,
iPhone,"(17, 0)",optionally-receive-typing-indicators,
iPhone,"(17, 0)",prefers-sdr,
iPhone,"(17, 0)",show-peer-errors,
iPhone,"(17, 0)",supports-ack-v1,
iPhone,"(17, 0)",supports-activity-sharing-v1,True
iPhone,"(17, 0)",supports-animoji-v2,
iPhone,"(17, 0)",supports-askto,
iPhone,"(17, 0)",supports-audio-messaging-v2,
iPhone,"(17, 0)",supports-autoloopvideo-v1,
iPhone,"(17, 0)",supports-avless,
iPhone,"(17, 0)",supports-be-v1,
iPhone,"(17, 0)",supports-beacon-sharing-v2,
iPhone,"(17, 0)",supports-beacon-sharing-v3,
iPhone,"(17, 0)",supports-beneficiary-invites,
iPhone,"(17, 0)",supports-ca-v1,
iPhone,"(17, 0)",supports-certified-delivery-v1,
iPhone,"(17, 0)",supports-co,
iPhone,"(17, 0)",supports-cross-platform-sharing,
iPhone,"(17, 0)",supports-dq-nr,
iPhone,"(17, 0)",supports-emoji-stickers,
iPhone,"(17, 0)",supports-family-invite-message-bubble,
iPhone,"(17, 0)",supports-findmy-plugin-messages,
iPhone,"(17, 0)",supports-fm-fence-v1,True
iPhone,"(17, 0)",supports-fmd-v2,
iPhone,"(17, 0)",supports-fsm-v1,
iPhone,"(17, 0)",supports-fsm-v2,
iPhone,"(17, 0)",supports-fsm-v3,
iPhone,"(17, 0)",supports-gft-calls,
iPhone,"(17, 0)",supports-gft-errors,
iPhone,"(17, 0)",supports-gft-relay,
iPhone,"(17, 0)",supports-harmony,
iPhone,"(17, 0)",supports-hdr,
iPhone,"(17, 0)",supports-heif,True
iPhone,"(17, 0)",supports-hi-res-vid,
iPhone,"(17, 0)",supports-hk-resident,
iPhone,"(17, 0)",supports-hybrid-groups-v1,
iPhone,"(17, 0)",supports-ii-v1,
iPhone,"(17, 0)",supports-impact-v1,
iPhone,"(17, 0)",supports-incoming-fmd-v1,
iPhone,"(17, 0)",supports-inline-attachments,
iPhone,"(17, 0)",supports-keep-receipts,
iPhone,"(17, 0)",supports-key-sharing,
iPhone,"(17, 0)",supports-live-delivery,
iPhone,"(17, 0)",supports-location-sharing,
iPhone,"(17, 0)",supports-manatee-for-apple-cash,
iPhone,"(17, 0)",supports-maps-protocol-v5,
iPhone,"(17, 0)",supports-maps-routing-path-leg,
iPhone,"(17, 0)",supports-maps-waypoint-route-sharing,
iPhone,"(17, 0)",supports-media-v2,
iPhone,"(17, 0)",supports-mirage,
iPhone,"(17, 0)",supports-modern-gft,
iPhone,"(17, 0)",supports-original-timestamp-v1,
iPhone,"(17, 0)",supports-people-ranging-v1,
iPhone,"(17, 0)",supports-people-request-messages,
iPhone,"(17, 0)",supports-people-request-messages-v2,
iPhone,"(17, 0)",supports-people-request-messages-v3,
iPhone,"(17, 0)",supports-photos-extension-v1,
iPhone,"(17, 0)",supports-photos-extension-v2,
iPhone,"(17, 0)",supports-protobuf-payload-data-v2,
iPhone,"(17, 0)",supports-recurring-payment-bubbles,
iPhone,"(17, 0)",supports-region-for-apple-cash,
iPhone,"(17, 0)",supports-rem,
iPhone,"(17, 0)",supports-sa-v1,
iPhone,"(17, 0)",supports-screen-time-v2,
iPhone,"(17, 0)",supports-secure-loc-v1,
iPhone,"(17, 0)",supports-self-one-to-one-invites,
iPhone,"(17, 0)",supports-shared-exp,
iPhone,"(17, 0)",supports-sos-alerting,True
iPhone,"(17, 0)",supports-st-er,
iPhone,"(17, 0)",supports-st-v1,
iPhone,"(17, 0)",supports-sticker-editing,
iPhone,"(17, 0)",supports-update-attachments-v1,
iPhone,"(17, 0)",supports-uwb,True
iPhone,"(17, 0)",supports-zelkova,False
iPhone,"(17, 1)",device-key-signature,
iPhone,"(17, 1)",ec-version,1.0
iPhone,"(17, 1)",is-c2k-equipment,
iPhone,"(17, 1)",is-green-tea,
iPhone,"(17, 1)",is-web-client,
iPhone,"(17, 1)",kt-version,5.0
iPhone,"(17, 1)",nicknames-version,
iPhone,"(17, 1)",optionally-receive-typing-indicators,
iPhone,"(17, 1)",prefers-sdr,
iPhone,"(17, 1)",show-peer-errors,
iPhone,"(17, 1)",supports-ack-v1,
iPhone,"(17, 1)",supports-activity-sharing-v1,True
iPhone,"(17, 1)",supports-animoji-v2,
iPhone,"(17, 1)",supports-askto,
iPhone,"(17, 1)",supports-audio-messaging-v2,
iPhone,"(17, 1)",supports-autoloopvideo-v1,
iPhone,"(17, 1)",supports-avless,
iPhone,"(17, 1)",supports-be-v1,
iPhone,"(17, 1)",supports-beacon-sharing-v2,
iPhone,"(17, 1)",supports-beacon-sharing-v3,
iPhone,"(17, 1)",supports-beneficiary-invites,
iPhone,"(17, 1)",supports-ca-v1,
iPhone,"(17, 1)",supports-certified-delivery-v1,
iPhone,"(17, 1)",supports-co,
iPhone,"(17, 1)",supports-cross-platform-sharing,
iPhone,"(17, 1)",supports-dq-nr,
iPhone,"(17, 1)",supports-emoji-stickers,
iPhone,"(17, 1)",supports-family-invite-message-bubble,
iPhone,"(17, 1)",supports-findmy-plugin-messages,
iPhone,"(17, 1)",supports-fm-fence-v1,True
iPhone,"(17, 1)",supports-fmd-v2,
iPhone,"(17, 1)",supports-fsm-v1,
iPhone,"(17, 1)",supports-fsm-v2,
iPhone,"(17, 1)",supports-fsm-v3,
iPhone,"(17, 1)",supports-gft-calls,
iPhone,"(17, 1)",supports-gft-errors,
iPhone,"(17, 1)",supports-gft-relay,
iPhone,"(17, 1)",supports-harmony,
iPhone,"(17, 1)",supports-hdr,
iPhone,"(17, 1)",supports-heif,True
iPhone,"(17, 1)",supports-hi-res-vid,
iPhone,"(17, 1)",supports-hk-resident,
iPhone,"(17, 1)",supports-hybrid-groups-v1,
iPhone,"(17, 1)",supports-ii-v1,
iPhone,"(17, 1)",supports-impact-v1,
iPhone,"(17, 1)",supports-incoming-fmd-v1,
iPhone,"(17, 1)",supports-inline-attachments,
iPhone,"(17, 1)",supports-keep-receipts,
iPhone,"(17, 1)",supports-key-sharing,
iPhone,"(17, 1)",supports-live-delivery,
iPhone,"(17, 1)",supports-location-sharing,
iPhone,"(17, 1)",supports-manatee-for-apple-cash,
iPhone,"(17, 1)",supports-maps-protocol-v5,
iPhone,"(17, 1)",supports-maps-routing-path-leg,
iPhone,"(17, 1)",supports-maps-waypoint-route-sharing,
iPhone,"(17, 1)",supports-media-v2,
iPhone,"(17, 1)",supports-mirage,
iPhone,"(17, 1)",supports-modern-gft,
iPhone,"(17, 1)",supports-original-timestamp-v1,
iPhone,"(17, 1)",supports-people-ranging-v1,
iPhone,"(17, 1)",supports-people-request-messages,
iPhone,"(17, 1)",supports-people-request-messages-v2,
iPhone,"(17, 1)",supports-people-request-messages-v3,
iPhone,"(17, 1)",supports-photos-extension-v1,
iPhone,"(17, 1)",supports-photos-extension-v2,
iPhone,"(17, 1)",supports-protobuf-payload-data-v2,
iPhone,"(17, 1)",supports-recurring-payment-bubbles,
iPhone,"(17, 1)",supports-region-for-apple-cash,
iPhone,"(17, 1)",supports-rem,
iPhone,"(17, 1)",supports-sa-v1,
iPhone,"(17, 1)",supports-screen-time-v2,
iPhone,"(17, 1)",supports-secure-loc-v1,
iPhone,"(17, 1)",supports-self-one-to-one-invites,
iPhone,"(17, 1)",supports-shared-exp,
iPhone,"(17, 1)",supports-sos-alerting,True
iPhone,"(17, 1)",supports-st-er,
iPhone,"(17, 1)",supports-st-v1,
iPhone,"(17, 1)",supports-sticker-editing,
iPhone,"(17, 1)",supports-update-attachments-v1,
iPhone,"(17, 1)",supports-uwb,True
iPhone,"(17, 1)",supports-zelkova,False
iPhone,"(17, 2)",device-key-signature,
iPhone,"(17, 2)",ec-version,1.0
iPhone,"(17, 2)",is-c2k-equipment,
iPhone,"(17, 2)",is-green-tea,
iPhone,"(17, 2)",is-web-client,
iPhone,"(17, 2)",kt-version,5.0
iPhone,"(17, 2)",nicknames-version,
iPhone,"(17, 2)",optionally-receive-typing-indicators,
iPhone,"(17, 2)",prefers-sdr,
iPhone,"(17, 2)",show-peer-errors,
iPhone,"(17, 2)",supports-ack-v1,
iPhone,"(17, 2)",supports-activity-sharing-v1,True
iPhone,"(17, 2)",supports-animoji-v2,
iPhone,"(17, 2)",supports-askto,
iPhone,"(17, 2)",supports-audio-messaging-v2,
iPhone,"(17, 2)",supports-autoloopvideo-v1,
iPhone,"(17, 2)",supports-avless,
iPhone,"(17, 2)",supports-be-v1,
iPhone,"(17, 2)",supports-beacon-sharing-v2,
iPhone,"(17, 2)",supports-beacon-sharing-v3,
iPhone,"(17, 2)",supports-beneficiary-invites,
iPhone,"(17, 2)",supports-ca-v1,
iPhone,"(17, 2)",supports-certified-delivery-v1,
iPhone,"(17, 2)",supports-co,
iPhone,"(17, 2)",supports-cross-platform-sharing,
iPhone,"(17, 2)",supports-dq-nr,
iPhone,"(17, 2)",supports-emoji-stickers,
iPhone,"(17, 2)",supports-family-invite-message-bubble,
iPhone,"(17, 2)",supports-findmy-plugin-messages,
iPhone,"(17, 2)",supports-fm-fence-v1,True
iPhone,"(17, 2)",supports-fmd-v2,
iPhone,"(17, 2)",supports-fsm-v1,
iPhone,"(17, 2)",supports-fsm-v2,
iPhone,"(17, 2)",supports-fsm-v3,
iPhone,"(17, 2)",supports-gft-calls,
iPhone,"(17, 2)",supports-gft-errors,
iPhone,"(17, 2)",supports-gft-relay,
iPhone,"(17, 2)",supports-harmony,
iPhone,"(17, 2)",supports-hdr,
iPhone,"(17, 2)",supports-heif,True
iPhone,"(17, 2)",supports-hi-res-vid,
iPhone,"(17, 2)",supports-hk-resident,
iPhone,"(17, 2)",supports-hybrid-groups-v1,
iPhone,"(17, 2)",supports-ii-v1,
iPhone,"(17, 2)",supports-impact-v1,
iPhone,"(17, 2)",supports-incoming-fmd-v1,
iPhone,"(17, 2)",supports-inline-attachments,
iPhone,"(17, 2)",supports-keep-receipts,
iPhone,"(17, 2)",supports-key-sharing,
iPhone,"(17, 2)",supports-live-delivery,
iPhone,"(17, 2)",supports-location-sharing,
iPhone,"(17, 2)",supports-manatee-for-apple-cash,
iPhone,"(17, 2)",supports-maps-protocol-v5,
iPhone,"(17, 2)",supports-maps-routing-path-leg,
iPhone,"(17, 2)",supports-maps-waypoint-route-sharing,
iPhone,"(17, 2)",supports-media-v2,
iPhone,"(17, 2)",supports-mirage,
iPhone,"(17, 2)",supports-modern-gft,
iPhone,"(17, 2)",supports-original-timestamp-v1,
iPhone,"(17, 2)",supports-people-ranging-v1,
iPhone,"(17, 2)",supports-people-request-messages,
iPhone,"(17, 2)",supports-people-request-messages-v2,
iPhone,"(17, 2)",supports-people-request-messages-v3,
iPhone,"(17, 2)",supports-photos-extension-v1,
iPhone,"(17, 2)",supports-photos-extension-v2,
iPhone,"(17, 2)",supports-protobuf-payload-data-v2,
iPhone,"(17, 2)",supports-recurring-payment-bubbles,
iPhone,"(17, 2)",supports-region-for-apple-cash,
iPhone,"(17, 2)",supports-rem,
iPhone,"(17, 2)",supports-sa-v1,
iPhone,"(17, 2)",supports-screen-time-v2,
iPhone,"(17, 2)",supports-secure-loc-v1,
iPhone,"(17, 2)",supports-self-one-to-one-invites,
iPhone,"(17, 2)",supports-shared-exp,
iPhone,"(17, 2)",supports-sos-alerting,True
iPhone,"(17, 2)",supports-st-er,
iPhone,"(17, 2)",supports-st-v1,
iPhone,"(17, 2)",supports-sticker-editing,
iPhone,"(17, 2)",supports-update-attachments-v1,
iPhone,"(17, 2)",supports-uwb,True
iPhone,"(17, 2)",supports-zelkova,False
iPhone,"(17, 3)",device-key-signature,
iPhone,"(17, 3)",ec-version,1.0
iPhone,"(17, 3)",is-c2k-equipment,
iPhone,"(17, 3)",is-green-tea,
iPhone,"(17, 3)",is-web-client,
iPhone,"(17, 3)",kt-version,5.0
iPhone,"(17, 3)",nicknames-version,
iPhone,"(17, 3)",optionally-receive-typing-indicators,
iPhone,"(17, 3)",prefers-sdr,
iPhone,"(17, 3)",show-peer-errors,
iPhone,"(17, 3)",supports-ack-v1,
iPhone,"(17, 3)",supports-activity-sharing-v1,True
iPhone,"(17, 3)",supports-animoji-v2,
iPhone,"(17, 3)",supports-askto,
iPhone,"(17, 3)",supports-audio-messaging-v2,
iPhone,"(17, 3)",supports-autoloopvideo-v1,
iPhone,"(17, 3)",supports-avless,
iPhone,"(17, 3)",supports-be-v1,
iPhone,"(17, 3)",supports-beacon-sharing-v2,
iPhone,"(17, 3)",supports-beacon-sharing-v3,
iPhone,"(17, 3)",supports-beneficiary-invites,
iPhone,"(17, 3)",supports-ca-v1,
iPhone,"(17, 3)",supports-certified-delivery-v1,
iPhone,"(17, 3)",supports-co,
iPhone,"(17, 3)",supports-cross-platform-sharing,
iPhone,"(17, 3)",supports-dq-nr,
iPhone,"(17, 3)",supports-emoji-stickers,
iPhone,"(17, 3)",supports-family-invite-message-bubble,
iPhone,"(17, 3)",supports-findmy-plugin-messages,
iPhone,"(17, 3)",supports-fm-fence-v1,True
iPhone,"(17, 3)",supports-fmd-v2,
iPhone,"(17, 3)",supports-fsm-v1,
iPhone,"(17, 3)",supports-fsm-v2,
iPhone,"(17, 3)",supports-fsm-v3,
iPhone,"(17, 3)",supports-gft-calls,
iPhone,"(17, 3)",supports-gft-errors,
iPhone,"(17, 3)",supports-gft-relay,
iPhone,"(17, 3)",supports-harmony,
iPhone,"(17, 3)",supports-hdr,
iPhone,"(17, 3)",supports-heif,True
iPhone,"(17, 3)",supports-hi-res-vid,
iPhone,"(17, 3)",supports-hk-resident,
iPhone,"(17, 3)",supports-hybrid-groups-v1,
iPhone,"(17, 3)",supports-ii-v1,
iPhone,"(17, 3)",supports-impact-v1,
iPhone,"(17, 3)",supports-incoming-fmd-v1,
iPhone,"(17, 3)",supports-inline-attachments,
iPhone,"(17, 3)",supports-keep-receipts,
iPhone,"(17, 3)",supports-key-sharing,
iPhone,"(17, 3)",supports-live-delivery,
iPhone,"(17, 3)",supports-location-sharing,
iPhone,"(17, 3)",supports-manatee-for-apple-cash,
iPhone,"(17, 3)",supports-maps-protocol-v5,
iPhone,"(17, 3)",supports-maps-routing-path-leg,
iPhone,"(17, 3)",supports-maps-waypoint-route-sharing,
iPhone,"(17, 3)",supports-media-v2,
iPhone,"(17, 3)",supports-mirage,
iPhone,"(17, 3)",supports-modern-gft,
iPhone,"(17, 3)",supports-original-timestamp-v1,
iPhone,"(17, 3)",supports-people-ranging-v1,
iPhone,"(17, 3)",supports-people-request-messages,
iPhone,"(17, 3)",supports-people-request-messages-v2,
iPhone,"(17, 3)",supports-people-request-messages-v3,
iPhone,"(17, 3)",supports-photos-extension-v1,
iPhone,"(17, 3)",supports-photos-extension-v2,
iPhone,"(17, 3)",supports-protobuf-payload-data-v2,
iPhone,"(17, 3)",supports-recurring-payment-bubbles,
iPhone,"(17, 3)",supports-region-for-apple-cash,
iPhone,"(17, 3)",supports-rem,
iPhone,"(17, 3)",supports-sa-v1,
iPhone,"(17, 3)",supports-screen-time-v2,
iPhone,"(17, 3)",supports-secure-loc-v1,
iPhone,"(17, 3)",supports-self-one-to-one-invites,
iPhone,"(17, 3)",supports-shared-exp,
iPhone,"(17, 3)",supports-sos-alerting,True
iPhone,"(17, 3)",supports-st-er,
iPhone,"(17, 3)",supports-st-v1,
iPhone,"(17, 3)",supports-sticker-editing,
iPhone,"(17, 3)",supports-update-attachments-v1,
iPhone,"(17, 3)",supports-uwb,True
iPhone,"(17, 3)",supports-zelkova,False
iPhone,"(17, 4)",device-key-signature,
iPhone,"(17, 4)",ec-version,1.0
iPhone,"(17, 4)",is-c2k-equipment,
iPhone,"(17, 4)",is-green-tea,
iPhone,"(17, 4)",is-web-client,
iPhone,"(17, 4)",kt-version,5.0
iPhone,"(17, 4)",nicknames-version,
iPhone,"(17, 4)",optionally-receive-typing-indicators,
iPhone,"(17, 4)",prefers-sdr,
iPhone,"(17, 4)",show-peer-errors,
iPhone,"(17, 4)",supports-ack-v1,
iPhone,"(17, 4)",supports-activity-sharing-v1,True
iPhone,"(17, 4)",supports-animoji-v2,
iPhone,"(17, 4)",supports-askto,
iPhone,"(17, 4)",supports-audio-messaging-v2,
iPhone,"(17, 4)",supports-autoloopvideo-v1,
iPhone,"(17, 4)",supports-avless,
iPhone,"(17, 4)",supports-be-v1,
iPhone,"(17, 4)",supports-beacon-sharing-v2,
iPhone,"(17, 4)",supports-beacon-sharing-v3,
iPhone,"(17, 4)",supports-beneficiary-invites,
iPhone,"(17, 4)",supports-ca-v1,
iPhone,"(17, 4)",supports-certified-delivery-v1,
iPhone,"(17, 4)",supports-co,
iPhone,"(17, 4)",supports-cross-platform-sharing,
iPhone,"(17, 4)",supports-dq-nr,
iPhone,"(17, 4)",supports-emoji-stickers,
iPhone,"(17, 4)",supports-family-invite-message-bubble,
iPhone,"(17, 4)",supports-findmy-plugin-messages,
iPhone,"(17, 4)",supports-fm-fence-v1,True
iPhone,"(17, 4)",supports-fmd-v2,
iPhone,"(17, 4)",supports-fsm-v1,
iPhone,"(17, 4)",supports-fsm-v2,
iPhone,"(17, 4)",supports-fsm-v3,
iPhone,"(17, 4)",supports-gft-calls,
iPhone,"(17, 4)",supports-gft-errors,
iPhone,"(17, 4)",supports-gft-relay,
iPhone,"(17, 4)",supports-group-photo-refresh-version,
iPhone,"(17, 4)",supports-harmony,
iPhone,"(17, 4)",supports-hdr,
iPhone,"(17, 4)",supports-heif,True
iPhone,"(17, 4)",supports-hi-res-vid,
iPhone,"(17, 4)",supports-hk-resident,
iPhone,"(17, 4)",supports-hybrid-groups-v1,
iPhone,"(17, 4)",supports-ii-v1,
iPhone,"(17, 4)",supports-impact-v1,
iPhone,"(17, 4)",supports-incoming-fmd-v1,
iPhone,"(17, 4)",supports-inline-attachments,
iPhone,"(17, 4)",supports-keep-receipts,
iPhone,"(17, 4)",supports-key-sharing,
iPhone,"(17, 4)",supports-live-delivery,
iPhone,"(17, 4)",supports-location-sharing,
iPhone,"(17, 4)",supports-manatee-for-apple-cash,
iPhone,"(17, 4)",supports-maps-protocol-v5,
iPhone,"(17, 4)",supports-maps-routing-path-leg,
iPhone,"(17, 4)",supports-maps-waypoint-route-sharing,
iPhone,"(17, 4)",supports-media-v2,
iPhone,"(17, 4)",supports-mirage,
iPhone,"(17, 4)",supports-modern-gft,
iPhone,"(17, 4)",supports-original-timestamp-v1,
iPhone,"(17, 4)",supports-people-ranging-v1,
iPhone,"(17, 4)",supports-people-request-messages,
iPhone,"(17, 4)",supports-people-request-messages-v2,
iPhone,"(17, 4)",supports-people-request-messages-v3,
iPhone,"(17, 4)",supports-photos-extension-v1,
iPhone,"(17, 4)",supports-photos-extension-v2,
iPhone,"(17, 4)",supports-protobuf-payload-data-v2,
iPhone,"(17, 4)",supports-recurring-payment-bubbles,
iPhone,"(17, 4)",supports-region-for-apple-cash,
iPhone,"(17, 4)",supports-rem,
iPhone,"(17, 4)",supports-sa-v1,
iPhone,"(17, 4)",supports-screen-time-v2,
iPhone,"(17, 4)",supports-secure-loc-v1,
iPhone,"(17, 4)",supports-self-one-to-one-invites,
iPhone,"(17, 4)",supports-shared-exp,
iPhone,"(17, 4)",supports-sos-alerting,True
iPhone,"(17, 4)",supports-st-er,
iPhone,"(17, 4)",supports-st-v1,
iPhone,"(17, 4)",supports-sticker-editing,
iPhone,"(17, 4)",supports-update-attachments-v1,
iPhone,"(17, 4)",supports-uwb,True
iPhone,"(17, 4)",supports-zelkova,True
iPhone,"(17, 5)",device-key-signature,
iPhone,"(17, 5)",ec-version,1.0
iPhone,"(17, 5)",is-c2k-equipment,
iPhone,"(17, 5)",is-green-tea,
iPhone,"(17, 5)",is-web-client,
iPhone,"(17, 5)",kt-version,5.0
iPhone,"(17, 5)",nicknames-version,
iPhone,"(17, 5)",optionally-receive-typing-indicators,
iPhone,"(17, 5)",prefers-sdr,
iPhone,"(17, 5)",show-peer-errors,
iPhone,"(17, 5)",supports-ack-v1,
iPhone,"(17, 5)",supports-activity-sharing-v1,True
iPhone,"(17, 5)",supports-animoji-v2,
iPhone,"(17, 5)",supports-askto,
iPhone,"(17, 5)",supports-audio-messaging-v2,
iPhone,"(17, 5)",supports-autoloopvideo-v1,
iPhone,"(17, 5)",supports-avless,
iPhone,"(17, 5)",supports-be-v1,
iPhone,"(17, 5)",supports-beacon-sharing-v2,
iPhone,"(17, 5)",supports-beacon-sharing-v3,
iPhone,"(17, 5)",supports-beneficiary-invites,
iPhone,"(17, 5)",supports-ca-v1,
iPhone,"(17, 5)",supports-certified-delivery-v1,
iPhone,"(17, 5)",supports-co,
iPhone,"(17, 5)",supports-cross-platform-sharing,
iPhone,"(17, 5)",supports-dq-nr,
iPhone,"(17, 5)",supports-emoji-stickers,
iPhone,"(17, 5)",supports-family-invite-message-bubble,
iPhone,"(17, 5)",supports-findmy-plugin-messages,
iPhone,"(17, 5)",supports-fm-fence-v1,True
iPhone,"(17, 5)",supports-fmd-v2,
iPhone,"(17, 5)",supports-fsm-v1,
iPhone,"(17, 5)",supports-fsm-v2,
iPhone,"(17, 5)",supports-fsm-v3,
iPhone,"(17, 5)",supports-gft-calls,
iPhone,"(17, 5)",supports-gft-errors,
iPhone,"(17, 5)",supports-gft-relay,
iPhone,"(17, 5)",supports-group-photo-refresh-version,
iPhone,"(17, 5)",supports-harmony,
iPhone,"(17, 5)",supports-hdr,
iPhone,"(17, 5)",supports-heif,True
iPhone,"(17, 5)",supports-hi-res-vid,
iPhone,"(17, 5)",supports-hk-resident,
iPhone,"(17, 5)",supports-hybrid-groups-v1,
iPhone,"(17, 5)",supports-ii-v1,
iPhone,"(17, 5)",supports-impact-v1,
iPhone,"(17, 5)",supports-incoming-fmd-v1,
iPhone,"(17, 5)",supports-inline-attachments,
iPhone,"(17, 5)",supports-keep-receipts,
iPhone,"(17, 5)",supports-key-sharing,
iPhone,"(17, 5)",supports-live-delivery,
iPhone,"(17, 5)",supports-location-sharing,
iPhone,"(17, 5)",supports-manatee-for-apple-cash,
iPhone,"(17, 5)",supports-maps-protocol-v5,
iPhone,"(17, 5)",supports-maps-routing-path-leg,
iPhone,"(17, 5)",supports-maps-waypoint-route-sharing,
iPhone,"(17, 5)",supports-media-v2,
iPhone,"(17, 5)",supports-mirage,
iPhone,"(17, 5)",supports-modern-gft,
iPhone,"(17, 5)",supports-original-timestamp-v1,
iPhone,"(17, 5)",supports-people-ranging-v1,
iPhone,"(17, 5)",supports-people-request-messages,
iPhone,"(17, 5)",supports-people-request-messages-v2,
iPhone,"(17, 5)",supports-people-request-messages-v3,
iPhone,"(17, 5)",supports-photos-extension-v1,
iPhone,"(17, 5)",supports-photos-extension-v2,
iPhone,"(17, 5)",supports-protobuf-payload-data-v2,
iPhone,"(17, 5)",supports-recurring-payment-bubbles,
iPhone,"(17, 5)",supports-region-for-apple-cash,
iPhone,"(17, 5)",supports-rem,
iPhone,"(17, 5)",supports-sa-v1,
iPhone,"(17, 5)",supports-screen-time-v2,
iPhone,"(17, 5)",supports-secure-loc-v1,
iPhone,"(17, 5)",supports-self-one-to-one-invites,
iPhone,"(17, 5)",supports-shared-exp,
iPhone,"(17, 5)",supports-sos-alerting,True
iPhone,"(17, 5)",supports-st-er,
iPhone,"(17, 5)",supports-st-v1,
iPhone,"(17, 5)",supports-sticker-editing,
iPhone,"(17, 5)",supports-update-attachments-v1,
iPhone,"(17, 5)",supports-uwb,True
iPhone,"(17, 5)",supports-zelkova,True
iPhone,"(17, 6)",device-key-signature,
iPhone,"(17, 6)",ec-version,1.0
iPhone,"(17, 6)",is-c2k-equipment,
iPhone,"(17, 6)",is-green-tea,
iPhone,"(17, 6)",is-web-client,
iPhone,"(17, 6)",kt-version,5.0
iPhone,"(17, 6)",nicknames-version,
iPhone,"(17, 6)",optionally-receive-typing-indicators,
iPhone,"(17, 6)",prefers-sdr,
iPhone,"(17, 6)",show-peer-errors,
iPhone,"(17, 6)",supports-ack-v1,
iPhone,"(17, 6)",supports-activity-sharing-v1,True
iPhone,"(17, 6)",supports-animoji-v2,
iPhone,"(17, 6)",supports-askto,
iPhone,"(17, 6)",supports-audio-messaging-v2,
iPhone,"(17, 6)",supports-autoloopvideo-v1,
iPhone,"(17, 6)",supports-avless,
iPhone,"(17, 6)",supports-be-v1,
iPhone,"(17, 6)",supports-beacon-sharing-v2,
iPhone,"(17, 6)",supports-beacon-sharing-v3,
iPhone,"(17, 6)",supports-beneficiary-invites,
iPhone,"(17, 6)",supports-ca-v1,
iPhone,"(17, 6)",supports-certified-delivery-v1,
iPhone,"(17, 6)",supports-co,
iPhone,"(17, 6)",supports-cross-platform-sharing,
iPhone,"(17, 6)",supports-dq-nr,
iPhone,"(17, 6)",supports-emoji-stickers,
iPhone,"(17, 6)",supports-family-invite-message-bubble,
iPhone,"(17, 6)",supports-findmy-plugin-messages,
iPhone,"(17, 6)",supports-fm-fence-v1,True
iPhone,"(17, 6)",supports-fmd-v2,
iPhone,"(17, 6)",supports-fsm-v1,
iPhone,"(17, 6)",supports-fsm-v2,
iPhone,"(17, 6)",supports-fsm-v3,
iPhone,"(17, 6)",supports-gft-calls,
iPhone,"(17, 6)",supports-gft-errors,
iPhone,"(17, 6)",supports-gft-relay,
iPhone,"(17, 6)",supports-group-photo-refresh-version,
iPhone,"(17, 6)",supports-harmony,
iPhone,"(17, 6)",supports-hdr,
iPhone,"(17, 6)",supports-heif,True
iPhone,"(17, 6)",supports-hi-res-vid,
iPhone,"(17, 6)",supports-hk-resident,
iPhone,"(17, 6)",supports-hybrid-groups-v1,
iPhone,"(17, 6)",supports-ii-v1,
iPhone,"(17, 6)",supports-impact-v1,
iPhone,"(17, 6)",supports-incoming-fmd-v1,
iPhone,"(17, 6)",supports-inline-attachments,
iPhone,"(17, 6)",supports-keep-receipts,
iPhone,"(17, 6)",supports-key-sharing,
iPhone,"(17, 6)",supports-live-delivery,
iPhone,"(17, 6)",supports-location-sharing,
iPhone,"(17, 6)",supports-manatee-for-apple-cash,
iPhone,"(17, 6)",supports-maps-protocol-v5,
iPhone,"(17, 6)",supports-maps-routing-path-leg,
iPhone,"(17, 6)",supports-maps-waypoint-route-sharing,
iPhone,"(17, 6)",supports-media-v2,
iPhone,"(17, 6)",supports-mirage,
iPhone,"(17, 6)",supports-modern-gft,
iPhone,"(17, 6)",supports-original-timestamp-v1,
iPhone,"(17, 6)",supports-people-ranging-v1,
iPhone,"(17, 6)",supports-people-request-messages,
iPhone,"(17, 6)",supports-people-request-messages-v2,
iPhone,"(17, 6)",supports-people-request-messages-v3,
iPhone,"(17, 6)",supports-photos-extension-v1,
iPhone,"(17, 6)",supports-photos-extension-v2,
iPhone,"(17, 6)",supports-protobuf-payload-data-v2,
iPhone,"(17, 6)",supports-recurring-payment-bubbles,
iPhone,"(17, 6)",supports-region-for-apple-cash,
iPhone,"(17, 6)",supports-rem,
iPhone,"(17, 6)",supports-sa-v1,
iPhone,"(17, 6)",supports-screen-time-v2,
iPhone,"(17, 6)",supports-secure-loc-v1,
iPhone,"(17, 6)",supports-self-one-to-one-invites,
iPhone,"(17, 6)",supports-shared-exp,
iPhone,"(17, 6)",supports-sos-alerting,True
iPhone,"(17, 6)",supports-st-er,
iPhone,"(17, 6)",supports-st-v1,
iPhone,"(17, 6)",supports-sticker-editing,
iPhone,"(17, 6)",supports-update-attachments-v1,
iPhone,"(17, 6)",supports-uwb,True
iPhone,"(17, 6)",supports-zelkova,True
iPhone,"(17, 7)",device-key-signature,
iPhone,"(17, 7)",ec-version,1.0
iPhone,"(17, 7)",is-c2k-equipment,
iPhone,"(17, 7)",is-green-tea,
iPhone,"(17, 7)",is-web-client,
iPhone,"(17, 7)",kt-version,5.0
iPhone,"(17, 7)",nicknames-version,
iPhone,"(17, 7)",optionally-receive-typing-indicators,
iPhone,"(17, 7)",prefers-sdr,
iPhone,"(17, 7)",show-peer-errors,
iPhone,"(17, 7)",supports-ack-v1,
iPhone,"(17, 7)",supports-activity-sharing-v1,True
iPhone,"(17, 7)",supports-animoji-v2,
iPhone,"(17, 7)",supports-askto,
iPhone,"(17, 7)",supports-audio-messaging-v2,
iPhone,"(17, 7)",supports-autoloopvideo-v1,
iPhone,"(17, 7)",supports-avless,
iPhone,"(17, 7)",supports-be-v1,
iPhone,"(17, 7)",supports-beacon-sharing-v2,
iPhone,"(17, 7)",supports-beacon-sharing-v3,
iPhone,"(17, 7)",supports-beneficiary-invites,
iPhone,"(17, 7)",supports-ca-v1,
iPhone,"(17, 7)",supports-certified-delivery-v1,
iPhone,"(17, 7)",supports-co,
iPhone,"(17, 7)",supports-cross-platform-sharing,
iPhone,"(17, 7)",supports-dq-nr,
iPhone,"(17, 7)",supports-emoji-stickers,
iPhone,"(17, 7)",supports-family-invite-message-bubble,
iPhone,"(17, 7)",supports-findmy-plugin-messages,
iPhone,"(17, 7)",supports-fm-fence-v1,True
iPhone,"(17, 7)",supports-fmd-v2,
iPhone,"(17, 7)",supports-fsm-v1,
iPhone,"(17, 7)",supports-fsm-v2,
iPhone,"(17, 7)",supports-fsm-v3,
iPhone,"(17, 7)",supports-gft-calls,
iPhone,"(17, 7)",supports-gft-errors,
iPhone,"(17, 7)",supports-gft-relay,
iPhone,"(17, 7)",supports-group-photo-refresh-version,
iPhone,"(17, 7)",supports-harmony,
iPhone,"(17, 7)",supports-hdr,
iPhone,"(17, 7)",supports-heif,True
iPhone,"(17, 7)",supports-hi-res-vid,
iPhone,"(17, 7)",supports-hk-resident,
iPhone,"(17, 7)",supports-hybrid-groups-v1,
iPhone,"(17, 7)",supports-ii-v1,
iPhone,"(17, 7)",supports-impact-v1,
iPhone,"(17, 7)",supports-incoming-fmd-v1,
iPhone,"(17, 7)",supports-inline-attachments,
iPhone,"(17, 7)",supports-keep-receipts,
iPhone,"(17, 7)",supports-key-sharing,
iPhone,"(17, 7)",supports-live-delivery,
iPhone,"(17, 7)",supports-location-sharing,
iPhone,"(17, 7)",supports-manatee-for-apple-cash,
iPhone,"(17, 7)",supports-maps-protocol-v5,
iPhone,"(17, 7)",supports-maps-routing-path-leg,
iPhone,"(17, 7)",supports-maps-waypoint-route-sharing,
iPhone,"(17, 7)",supports-media-v2,
iPhone,"(17, 7)",supports-mirage,
iPhone,"(17, 7)",supports-modern-gft,
iPhone,"(17, 7)",supports-original-timestamp-v1,
iPhone,"(17, 7)",supports-people-ranging-v1,
iPhone,"(17, 7)",supports-people-request-messages,
iPhone,"(17, 7)",supports-people-request-messages-v2,
iPhone,"(17, 7)",supports-people-request-messages-v3,
iPhone,"(17, 7)",supports-photos-extension-v1,
iPhone,"(17, 7)",supports-photos-extension-v2,
iPhone,"(17, 7)",supports-protobuf-payload-data-v2,
iPhone,"(17, 7)",supports-recurring-payment-bubbles,
iPhone,"(17, 7)",supports-region-for-apple-cash,
iPhone,"(17, 7)",supports-rem,
iPhone,"(17, 7)",supports-sa-v1,
iPhone,"(17, 7)",supports-screen-time-v2,
iPhone,"(17, 7)",supports-secure-loc-v1,
iPhone,"(17, 7)",supports-self-one-to-one-invites,
iPhone,"(17, 7)",supports-shared-exp,
iPhone,"(17, 7)",supports-sos-alerting,True
iPhone,"(17, 7)",supports-st-er,
iPhone,"(17, 7)",supports-st-v1,
iPhone,"(17, 7)",supports-sticker-editing,
iPhone,"(17, 7)",supports-update-attachments-v1,
iPhone,"(17, 7)",supports-uwb,True
iPhone,"(17, 7)",supports-zelkova,True
iPhone,"(18, 0)",device-key-signature,
iPhone,"(18, 0)",ec-version,1.0
iPhone,"(18, 0)",is-c2k-equipment,
iPhone,"(18, 0)",is-green-tea,
iPhone,"(18, 0)",is-web-client,
iPhone,"(18, 0)",kt-version,5.0
iPhone,"(18, 0)",nicknames-version,
iPhone,"(18, 0)",optionally-receive-typing-indicators,
iPhone,"(18, 0)",prefers-sdr,
iPhone,"(18, 0)",sender-key-message-version,
iPhone,"(18, 0)",show-peer-errors,
iPhone,"(18, 0)",supports-ack-v1,
iPhone,"(18, 0)",supports-activity-sharing-v1,True
iPhone,"(18, 0)",supports-animoji-v2,
iPhone,"(18, 0)",supports-askto,
iPhone,"(18, 0)",supports-audio-messaging-v2,
iPhone,"(18, 0)",supports-autoloopvideo-v1,
iPhone,"(18, 0)",supports-avless,
iPhone,"(18, 0)",supports-be-v1,
iPhone,"(18, 0)",supports-beacon-sharing-v2,
iPhone,"(18, 0)",supports-beacon-sharing-v3,
iPhone,"(18, 0)",supports-beneficiary-invites,
iPhone,"(18, 0)",supports-ca-v1,
iPhone,"(18, 0)",supports-certified-delivery-v1,
iPhone,"(18, 0)",supports-co,
iPhone,"(18, 0)",supports-cross-platform-sharing,
iPhone,"(18, 0)",supports-dq-nr,
iPhone,"(18, 0)",supports-emoji-images,
iPhone,"(18, 0)",supports-emoji-stickers,
iPhone,"(18, 0)",supports-emoji-tapbacks,
iPhone,"(18, 0)",supports-family-invite-message-bubble,
iPhone,"(18, 0)",supports-findmy-plugin-messages,
iPhone,"(18, 0)",supports-fm-fence-v1,True
iPhone,"(18, 0)",supports-fmd-v2,
iPhone,"(18, 0)",supports-fsm-v1,
iPhone,"(18, 0)",supports-fsm-v2,
iPhone,"(18, 0)",supports-fsm-v3,
iPhone,"(18, 0)",supports-gft-calls,
iPhone,"(18, 0)",supports-gft-errors,
iPhone,"(18, 0)",supports-gft-relay,
iPhone,"(18, 0)",supports-group-photo-refresh-version,
iPhone,"(18, 0)",supports-harmony,
iPhone,"(18, 0)",supports-hdr,
iPhone,"(18, 0)",supports-heif,True
iPhone,"(18, 0)",supports-hi-res-vid,
iPhone,"(18, 0)",supports-high-quality-photo-file-sizes,
iPhone,"(18, 0)",supports-hk-resident,
iPhone,"(18, 0)",supports-hybrid-groups-v1,
iPhone,"(18, 0)",supports-ii-v1,
iPhone,"(18, 0)",supports-impact-v1,
iPhone,"(18, 0)",supports-incoming-fmd-v1,
iPhone,"(18, 0)",supports-inline-attachments,
iPhone,"(18, 0)",supports-keep-receipts,
iPhone,"(18, 0)",supports-key-sharing,
iPhone,"(18, 0)",supports-live-delivery,
iPhone,"(18, 0)",supports-location-sharing,
iPhone,"(18, 0)",supports-manatee-activity-sharing,
iPhone,"(18, 0)",supports-manatee-for-apple-cash,
iPhone,"(18, 0)",supports-maps-protocol-v5,
iPhone,"(18, 0)",supports-maps-routing-path-leg,
iPhone,"(18, 0)",supports-maps-waypoint-route-sharing,
iPhone,"(18, 0)",supports-media-v2,
iPhone,"(18, 0)",supports-mirage,
iPhone,"(18, 0)",supports-modern-gft,
iPhone,"(18, 0)",supports-original-timestamp-v1,
iPhone,"(18, 0)",supports-people-ranging-v1,
iPhone,"(18, 0)",supports-people-request-messages,
iPhone,"(18, 0)",supports-people-request-messages-v2,
iPhone,"(18, 0)",supports-people-request-messages-v3,
iPhone,"(18, 0)",supports-photos-extension-v1,
iPhone,"(18, 0)",supports-photos-extension-v2,
iPhone,"(18, 0)",supports-protobuf-payload-data-v2,
iPhone,"(18, 0)",supports-recurring-payment-bubbles,
iPhone,"(18, 0)",supports-region-for-apple-cash,
iPhone,"(18, 0)",supports-rem,
iPhone,"(18, 0)",supports-remote-atv-signin,
iPhone,"(18, 0)",supports-restricted-guest,
iPhone,"(18, 0)",supports-sa-v1,
iPhone,"(18, 0)",supports-screen-time-v2,
iPhone,"(18, 0)",supports-secure-loc-v1,
iPhone,"(18, 0)",supports-self-one-to-one-invites,
iPhone,"(18, 0)",supports-send-later-messages,
iPhone,"(18, 0)",supports-sender-key-v1,
iPhone,"(18, 0)",supports-shared-exp,
iPhone,"(18, 0)",supports-sos-alerting,True
iPhone,"(18, 0)",supports-ssrc,
iPhone,"(18, 0)",supports-st-er,
iPhone,"(18, 0)",supports-st-v1,
iPhone,"(18, 0)",supports-stewie,True
iPhone,"(18, 0)",supports-stick-moji-backs,
iPhone,"(18, 0)",supports-sticker-editing,
iPhone,"(18, 0)",supports-update-attachments-v1,
iPhone,"(18, 0)",supports-uwb,True
iPhone,"(18, 0)",supports-zelkova,True
iPhone,"(18, 1)",device-key-signature,
iPhone,"(18, 1)",ec-version,1.0
iPhone,"(18, 1)",is-c2k-equipment,
iPhone,"(18, 1)",is-green-tea,
iPhone,"(18, 1)",is-web-client,
iPhone,"(18, 1)",kt-version,5.0
iPhone,"(18, 1)",nicknames-version,
iPhone,"(18, 1)",optionally-receive-typing-indicators,
iPhone,"(18, 1)",prefers-sdr,
iPhone,"(18, 1)",sender-key-message-version,
iPhone,"(18, 1)",show-peer-errors,
iPhone,"(18, 1)",supports-ack-v1,
iPhone,"(18, 1)",supports-activity-sharing-v1,True
iPhone,"(18, 1)",supports-animoji-v2,
iPhone,"(18, 1)",supports-askto,
iPhone,"(18, 1)",supports-audio-messaging-v2,
iPhone,"(18, 1)",supports-autoloopvideo-v1,
iPhone,"(18, 1)",supports-avless,
iPhone,"(18, 1)",supports-be-v1,
iPhone,"(18, 1)",supports-beacon-sharing-v2,
iPhone,"(18, 1)",supports-beacon-sharing-v3,
iPhone,"(18, 1)",supports-beneficiary-invites,
iPhone,"(18, 1)",supports-ca-v1,
iPhone,"(18, 1)",supports-certified-delivery-v1,
iPhone,"(18, 1)",supports-co,
iPhone,"(18, 1)",supports-cross-platform-sharing,
iPhone,"(18, 1)",supports-dq-nr,
iPhone,"(18, 1)",supports-emoji-images,
iPhone,"(18, 1)",supports-emoji-stickers,
iPhone,"(18, 1)",supports-emoji-tapbacks,
iPhone,"(18, 1)",supports-family-invite-message-bubble,
iPhone,"(18, 1)",supports-findmy-plugin-messages,
iPhone,"(18, 1)",supports-fm-fence-v1,True
iPhone,"(18, 1)",supports-fmd-v2,
iPhone,"(18, 1)",supports-fsm-v1,
iPhone,"(18, 1)",supports-fsm-v2,
iPhone,"(18, 1)",supports-fsm-v3,
iPhone,"(18, 1)",supports-gft-calls,
iPhone,"(18, 1)",supports-gft-errors,
iPhone,"(18, 1)",supports-gft-relay,
iPhone,"(18, 1)",supports-group-photo-refresh-version,
iPhone,"(18, 1)",supports-harmony,
iPhone,"(18, 1)",supports-hdr,
iPhone,"(18, 1)",supports-heif,True
iPhone,"(18, 1)",supports-hi-res-vid,
iPhone,"(18, 1)",supports-high-quality-photo-file-sizes,
iPhone,"(18, 1)",supports-hk-resident,
iPhone,"(18, 1)",supports-hybrid-groups-v1,
iPhone,"(18, 1)",supports-ii-v1,
iPhone,"(18, 1)",supports-impact-v1,
iPhone,"(18, 1)",supports-incoming-fmd-v1,
iPhone,"(18, 1)",supports-inline-attachments,
iPhone,"(18, 1)",supports-keep-receipts,
iPhone,"(18, 1)",supports-key-sharing,
iPhone,"(18, 1)",supports-live-delivery,
iPhone,"(18, 1)",supports-location-sharing,
iPhone,"(18, 1)",supports-manatee-activity-sharing,
iPhone,"(18, 1)",supports-manatee-for-apple-cash,
iPhone,"(18, 1)",supports-maps-protocol-v5,
iPhone,"(18, 1)",supports-maps-routing-path-leg,
iPhone,"(18, 1)",supports-maps-waypoint-route-sharing,
iPhone,"(18, 1)",supports-media-v2,
iPhone,"(18, 1)",supports-mirage,
iPhone,"(18, 1)",supports-modern-gft,
iPhone,"(18, 1)",supports-original-timestamp-v1,
iPhone,"(18, 1)",supports-people-ranging-v1,
iPhone,"(18, 1)",supports-people-request-messages,
iPhone,"(18, 1)",supports-people-request-messages-v2,
iPhone,"(18, 1)",supports-people-request-messages-v3,
iPhone,"(18, 1)",supports-photos-extension-v1,
iPhone,"(18, 1)",supports-photos-extension-v2,
iPhone,"(18, 1)",supports-protobuf-payload-data-v2,
iPhone,"(18, 1)",supports-recurring-payment-bubbles,
iPhone,"(18, 1)",supports-region-for-apple-cash,
iPhone,"(18, 1)",supports-rem,
iPhone,"(18, 1)",supports-remote-atv-signin,
iPhone,"(18, 1)",supports-restricted-guest,
iPhone,"(18, 1)",supports-sa-v1,
iPhone,"(18, 1)",supports-screen-time-v2,
iPhone,"(18, 1)",supports-secure-loc-v1,
iPhone,"(18, 1)",supports-self-one-to-one-invites,
iPhone,"(18, 1)",supports-send-later-messages,
iPhone,"(18, 1)",supports-sender-key-v1,
iPhone,"(18, 1)",supports-shared-exp,
iPhone,"(18, 1)",supports-sos-alerting,True
iPhone,"(18, 1)",supports-ssrc,
iPhone,"(18, 1)",supports-st-er,
iPhone,"(18, 1)",supports-st-v1,
iPhone,"(18, 1)",supports-stewie,True
iPhone,"(18, 1)",supports-stick-moji-backs,
iPhone,"(18, 1)",supports-sticker-editing,
iPhone,"(18, 1)",supports-update-attachments-v1,
iPhone,"(18, 1)",supports-uwb,True
iPhone,"(18, 1)",supports-zelkova,True
iPhone,"(18, 2)",device-key-signature,
iPhone,"(18, 2)",ec-version,1.0
iPhone,"(18, 2)",is-c2k-equipment,
iPhone,"(18, 2)",is-green-tea,
iPhone,"(18, 2)",is-web-client,
iPhone,"(18, 2)",kt-version,5.0
iPhone,"(18, 2)",nicknames-version,
iPhone,"(18, 2)",optionally-receive-typing-indicators,
iPhone,"(18, 2)",prefers-sdr,
iPhone,"(18, 2)",sender-key-message-version,
iPhone,"(18, 2)",show-peer-errors,
iPhone,"(18, 2)",supports-ack-v1,
iPhone,"(18, 2)",supports-activity-sharing-v1,True
iPhone,"(18, 2)",supports-animoji-v2,
iPhone,"(18, 2)",supports-askto,
iPhone,"(18, 2)",supports-audio-messaging-v2,
iPhone,"(18, 2)",supports-autoloopvideo-v1,
iPhone,"(18, 2)",supports-avless,
iPhone,"(18, 2)",supports-be-v1,
iPhone,"(18, 2)",supports-beacon-sharing-v2,
iPhone,"(18, 2)",supports-beacon-sharing-v3,
iPhone,"(18, 2)",supports-beneficiary-invites,
iPhone,"(18, 2)",supports-ca-v1,
iPhone,"(18, 2)",supports-certified-delivery-v1,
iPhone,"(18, 2)",supports-co,
iPhone,"(18, 2)",supports-cross-platform-sharing,
iPhone,"(18, 2)",supports-dq-nr,
iPhone,"(18, 2)",supports-emoji-images,
iPhone,"(18, 2)",supports-emoji-stickers,
iPhone,"(18, 2)",supports-emoji-tapbacks,
iPhone,"(18, 2)",supports-family-invite-message-bubble,
iPhone,"(18, 2)",supports-findmy-plugin-messages,
iPhone,"(18, 2)",supports-fm-fence-v1,True
iPhone,"(18, 2)",supports-fmd-v2,
iPhone,"(18, 2)",supports-fsm-v1,
iPhone,"(18, 2)",supports-fsm-v2,
iPhone,"(18, 2)",supports-fsm-v3,
iPhone,"(18, 2)",supports-gft-calls,
iPhone,"(18, 2)",supports-gft-errors,
iPhone,"(18, 2)",supports-gft-relay,
iPhone,"(18, 2)",supports-group-photo-refresh-version,
iPhone,"(18, 2)",supports-harmony,
iPhone,"(18, 2)",supports-hdr,
iPhone,"(18, 2)",supports-heif,True
iPhone,"(18, 2)",supports-hi-res-vid,
iPhone,"(18, 2)",supports-high-quality-photo-file-sizes,
iPhone,"(18, 2)",supports-hk-resident,
iPhone,"(18, 2)",supports-hybrid-groups-v1,
iPhone,"(18, 2)",supports-ii-v1,
iPhone,"(18, 2)",supports-impact-v1,
iPhone,"(18, 2)",supports-incoming-fmd-v1,
iPhone,"(18, 2)",supports-inline-attachments,
iPhone,"(18, 2)",supports-keep-receipts,
iPhone,"(18, 2)",supports-key-sharing,
iPhone,"(18, 2)",supports-live-delivery,
iPhone,"(18, 2)",supports-location-sharing,
iPhone,"(18, 2)",supports-manatee-activity-sharing,
iPhone,"(18, 2)",supports-manatee-for-apple-cash,
iPhone,"(18, 2)",supports-maps-protocol-v5,
iPhone,"(18, 2)",supports-maps-routing-path-leg,
iPhone,"(18, 2)",supports-maps-waypoint-route-sharing,
iPhone,"(18, 2)",supports-media-v2,
iPhone,"(18, 2)",supports-mirage,
iPhone,"(18, 2)",supports-modern-gft,
iPhone,"(18, 2)",supports-original-timestamp-v1,
iPhone,"(18, 2)",supports-people-ranging-v1,
iPhone,"(18, 2)",supports-people-request-messages,
iPhone,"(18, 2)",supports-people-request-messages-v2,
iPhone,"(18, 2)",supports-people-request-messages-v3,
iPhone,"(18, 2)",supports-photos-extension-v1,
iPhone,"(18, 2)",supports-photos-extension-v2,
iPhone,"(18, 2)",supports-protobuf-payload-data-v2,
iPhone,"(18, 2)",supports-recovery-contact-upsell,
iPhone,"(18, 2)",supports-recurring-payment-bubbles,
iPhone,"(18, 2)",supports-region-for-apple-cash,
iPhone,"(18, 2)",supports-rem,
iPhone,"(18, 2)",supports-remote-atv-signin,
iPhone,"(18, 2)",supports-restricted-guest,
iPhone,"(18, 2)",supports-sa-v1,
iPhone,"(18, 2)",supports-screen-time-v2,
iPhone,"(18, 2)",supports-secure-loc-v1,
iPhone,"(18, 2)",supports-self-one-to-one-invites,
iPhone,"(18, 2)",supports-send-later-messages,
iPhone,"(18, 2)",supports-sender-key-v1,
iPhone,"(18, 2)",supports-shared-exp,
iPhone,"(18, 2)",supports-sos-alerting,True
iPhone,"(18, 2)",supports-ssrc,
iPhone,"(18, 2)",supports-st-er,
iPhone,"(18, 2)",supports-st-v1,
iPhone,"(18, 2)",supports-stewie,True
iPhone,"(18, 2)",supports-stick-moji-backs,
iPhone,"(18, 2)",supports-sticker-editing,
iPhone,"(18, 2)",supports-update-attachments-v1,
iPhone,"(18, 2)",supports-uwb,True
iPhone,"(18, 2)",supports-zelkova,True
iPhone,"(18, 3)",device-key-signature,
iPhone,"(18, 3)",ec-version,1.0
iPhone,"(18, 3)",is-c2k-equipment,
iPhone,"(18, 3)",is-green-tea,
iPhone,"(18, 3)",is-web-client,
iPhone,"(18, 3)",kt-version,5.0
iPhone,"(18, 3)",nicknames-version,
iPhone,"(18, 3)",optionally-receive-typing-indicators,
iPhone,"(18, 3)",prefers-sdr,
iPhone,"(18, 3)",sender-key-message-version,
iPhone,"(18, 3)",show-peer-errors,
iPhone,"(18, 3)",supports-ack-v1,
iPhone,"(18, 3)",supports-activity-sharing-v1,True
iPhone,"(18, 3)",supports-animoji-v2,
iPhone,"(18, 3)",supports-askto,
iPhone,"(18, 3)",supports-audio-messaging-v2,
iPhone,"(18, 3)",supports-autoloopvideo-v1,
iPhone,"(18, 3)",supports-avless,
iPhone,"(18, 3)",supports-be-v1,
iPhone,"(18, 3)",supports-beacon-sharing-v2,
iPhone,"(18, 3)",supports-beacon-sharing-v3,
iPhone,"(18, 3)",supports-beneficiary-invites,
iPhone,"(18, 3)",supports-ca-v1,
iPhone,"(18, 3)",supports-certified-delivery-v1,
iPhone,"(18, 3)",supports-co,
iPhone,"(18, 3)",supports-cross-platform-sharing,
iPhone,"(18, 3)",supports-dq-nr,
iPhone,"(18, 3)",supports-emoji-images,
iPhone,"(18, 3)",supports-emoji-stickers,
iPhone,"(18, 3)",supports-emoji-tapbacks,
iPhone,"(18, 3)",supports-family-invite-message-bubble,
iPhone,"(18, 3)",supports-findmy-plugin-messages,
iPhone,"(18, 3)",supports-fm-fence-v1,True
iPhone,"(18, 3)",supports-fmd-v2,
iPhone,"(18, 3)",supports-fsm-v1,
iPhone,"(18, 3)",supports-fsm-v2,
iPhone,"(18, 3)",supports-fsm-v3,
iPhone,"(18, 3)",supports-gft-calls,
iPhone,"(18, 3)",supports-gft-errors,
iPhone,"(18, 3)",supports-gft-relay,
iPhone,"(18, 3)",supports-group-photo-refresh-version,
iPhone,"(18, 3)",supports-harmony,
iPhone,"(18, 3)",supports-hdr,
iPhone,"(18, 3)",supports-heif,True
iPhone,"(18, 3)",supports-hi-res-vid,
iPhone,"(18, 3)",supports-high-quality-photo-file-sizes,
iPhone,"(18, 3)",supports-hk-resident,
iPhone,"(18, 3)",supports-hybrid-groups-v1,
iPhone,"(18, 3)",supports-ii-v1,
iPhone,"(18, 3)",supports-impact-v1,
iPhone,"(18, 3)",supports-incoming-fmd-v1,
iPhone,"(18, 3)",supports-inline-attachments,
iPhone,"(18, 3)",supports-keep-receipts,
iPhone,"(18, 3)",supports-key-sharing,
iPhone,"(18, 3)",supports-live-delivery,
iPhone,"(18, 3)",supports-location-sharing,
iPhone,"(18, 3)",supports-manatee-activity-sharing,
iPhone,"(18, 3)",supports-manatee-for-apple-cash,
iPhone,"(18, 3)",supports-maps-protocol-v5,
iPhone,"(18, 3)",supports-maps-routing-path-leg,
iPhone,"(18, 3)",supports-maps-waypoint-route-sharing,
iPhone,"(18, 3)",supports-media-v2,
iPhone,"(18, 3)",supports-mirage,
iPhone,"(18, 3)",supports-modern-gft,
iPhone,"(18, 3)",supports-original-timestamp-v1,
iPhone,"(18, 3)",supports-people-ranging-v1,
iPhone,"(18, 3)",supports-people-request-messages,
iPhone,"(18, 3)",supports-people-request-messages-v2,
iPhone,"(18, 3)",supports-people-request-messages-v3,
iPhone,"(18, 3)",supports-photos-extension-v1,
iPhone,"(18, 3)",supports-photos-extension-v2,
iPhone,"(18, 3)",supports-protobuf-payload-data-v2,
iPhone,"(18, 3)",supports-recovery-contact-upsell,
iPhone,"(18, 3)",supports-recurring-payment-bubbles,
iPhone,"(18, 3)",supports-region-for-apple-cash,
iPhone,"(18, 3)",supports-rem,
iPhone,"(18, 3)",supports-remote-atv-signin,
iPhone,"(18, 3)",supports-restricted-guest,
iPhone,"(18, 3)",supports-sa-v1,
iPhone,"(18, 3)",supports-screen-time-v2,
iPhone,"(18, 3)",supports-secure-loc-v1,
iPhone,"(18, 3)",supports-self-one-to-one-invites,
iPhone,"(18, 3)",supports-send-later-messages,
iPhone,"(18, 3)",supports-sender-key-v1,
iPhone,"(18, 3)",supports-shared-exp,
iPhone,"(18, 3)",supports-sos-alerting,True
iPhone,"(18, 3)",supports-ssrc,
iPhone,"(18, 3)",supports-st-er,
iPhone,"(18, 3)",supports-st-v1,
iPhone,"(18, 3)",supports-stewie,True
iPhone,"(18, 3)",supports-stick-moji-backs,
iPhone,"(18, 3)",supports-sticker-editing,
iPhone,"(18, 3)",supports-update-attachments-v1,
iPhone,"(18, 3)",supports-uwb,True
iPhone,"(18, 3)",supports-zelkova,True
iPhone,"(18, 4)",device-key-signature,
iPhone,"(18, 4)",ec-version,1.0
iPhone,"(18, 4)",is-c2k-equipment,
iPhone,"(18, 4)",is-green-tea,
iPhone,"(18, 4)",is-web-client,
iPhone,"(18, 4)",kt-version,5.0
iPhone,"(18, 4)",nicknames-version,
iPhone,"(18, 4)",optionally-receive-typing-indicators,
iPhone,"(18, 4)",prefers-sdr,
iPhone,"(18, 4)",sender-key-message-version,
iPhone,"(18, 4)",show-peer-errors,
iPhone,"(18, 4)",supports-ack-v1,
iPhone,"(18, 4)",supports-activity-sharing-v1,True
iPhone,"(18, 4)",supports-animoji-v2,
iPhone,"(18, 4)",supports-askto,
iPhone,"(18, 4)",supports-audio-messaging-v2,
iPhone,"(18, 4)",supports-autoloopvideo-v1,
iPhone,"(18, 4)",supports-avless,
iPhone,"(18, 4)",supports-be-v1,
iPhone,"(18, 4)",supports-beacon-sharing-v2,
iPhone,"(18, 4)",supports-beacon-sharing-v3,
iPhone,"(18, 4)",supports-beneficiary-invites,
iPhone,"(18, 4)",supports-ca-v1,
iPhone,"(18, 4)",supports-certified-delivery-v1,
iPhone,"(18, 4)",supports-co,
iPhone,"(18, 4)",supports-cross-platform-sharing,
iPhone,"(18, 4)",supports-dq-nr,
iPhone,"(18, 4)",supports-emoji-images,
iPhone,"(18, 4)",supports-emoji-stickers,
iPhone,"(18, 4)",supports-emoji-tapbacks,
iPhone,"(18, 4)",supports-family-invite-message-bubble,
iPhone,"(18, 4)",supports-findmy-plugin-messages,
iPhone,"(18, 4)",supports-fm-fence-v1,True
iPhone,"(18, 4)",supports-fmd-v2,True
iPhone,"(18, 4)",supports-fsm-v1,
iPhone,"(18, 4)",supports-fsm-v2,
iPhone,"(18, 4)",supports-fsm-v3,
iPhone,"(18, 4)",supports-gft-calls,
iPhone,"(18, 4)",supports-gft-errors,
iPhone,"(18, 4)",supports-gft-relay,
iPhone,"(18, 4)",supports-group-photo-refresh-version,
iPhone,"(18, 4)",supports-harmony,
iPhone,"(18, 4)",supports-hdr,
iPhone,"(18, 4)",supports-heif,True
iPhone,"(18, 4)",supports-hi-res-vid,
iPhone,"(18, 4)",supports-high-quality-photo-file-sizes,
iPhone,"(18, 4)",supports-hk-resident,
iPhone,"(18, 4)",supports-hybrid-groups-v1,
iPhone,"(18, 4)",supports-ii-v1,
iPhone,"(18, 4)",supports-impact-v1,
iPhone,"(18, 4)",supports-incoming-fmd-v1,
iPhone,"(18, 4)",supports-inline-attachments,
iPhone,"(18, 4)",supports-keep-receipts,
iPhone,"(18, 4)",supports-key-sharing,
iPhone,"(18, 4)",supports-legacy-contact-invites-v1,
iPhone,"(18, 4)",supports-live-delivery,
iPhone,"(18, 4)",supports-location-sharing,
iPhone,"(18, 4)",supports-manatee-activity-sharing,
iPhone,"(18, 4)",supports-manatee-for-apple-cash,
iPhone,"(18, 4)",supports-maps-protocol-v5,
iPhone,"(18, 4)",supports-maps-routing-path-leg,
iPhone,"(18, 4)",supports-maps-waypoint-route-sharing,
iPhone,"(18, 4)",supports-media-v2,
iPhone,"(18, 4)",supports-mirage,
iPhone,"(18, 4)",supports-modern-gft,
iPhone,"(18, 4)",supports-original-timestamp-v1,
iPhone,"(18, 4)",supports-people-ranging-v1,
iPhone,"(18, 4)",supports-people-request-messages,
iPhone,"(18, 4)",supports-people-request-messages-v2,
iPhone,"(18, 4)",supports-people-request-messages-v3,
iPhone,"(18, 4)",supports-photos-extension-v1,
iPhone,"(18, 4)",supports-photos-extension-v2,
iPhone,"(18, 4)",supports-protobuf-payload-data-v2,
iPhone,"(18, 4)",supports-rbm-chatbot,
iPhone,"(18, 4)",supports-recovery-contact-upsell,
iPhone,"(18, 4)",supports-recurring-payment-bubbles,
iPhone,"(18, 4)",supports-region-for-apple-cash,
iPhone,"(18, 4)",supports-rem,
iPhone,"(18, 4)",supports-remote-atv-signin,
iPhone,"(18, 4)",supports-restricted-guest,
iPhone,"(18, 4)",supports-sa-v1,
iPhone,"(18, 4)",supports-screen-time-v2,
iPhone,"(18, 4)",supports-secure-loc-v1,
iPhone,"(18, 4)",supports-self-one-to-one-invites,
iPhone,"(18, 4)",supports-send-later-messages,
iPhone,"(18, 4)",supports-sender-key-self-check,
iPhone,"(18, 4)",supports-sender-key-v1,
iPhone,"(18, 4)",supports-shared-exp,
iPhone,"(18, 4)",supports-sos-alerting,True
iPhone,"(18, 4)",supports-ssrc,
iPhone,"(18, 4)",supports-st-er,
iPhone,"(18, 4)",supports-st-v1,
iPhone,"(18, 4)",supports-stewie,True
iPhone,"(18, 4)",supports-stick-moji-backs,
iPhone,"(18, 4)",supports-sticker-editing,
iPhone,"(18, 4)",supports-update-attachments-v1,
iPhone,"(18, 4)",supports-user-driven-call-activation,
iPhone,"(18, 4)",supports-uwb,True
iPhone,"(18, 4)",supports-zelkova,True
iPhone,"(18, 5)",device-key-signature,
iPhone,"(18, 5)",ec-version,1.0
iPhone,"(18, 5)",is-c2k-equipment,
iPhone,"(18, 5)",is-green-tea,
iPhone,"(18, 5)",is-web-client,
iPhone,"(18, 5)",kt-version,5.0
iPhone,"(18, 5)",nicknames-version,
iPhone,"(18, 5)",optionally-receive-typing-indicators,
iPhone,"(18, 5)",prefers-sdr,
iPhone,"(18, 5)",sender-key-message-version,
iPhone,"(18, 5)",show-peer-errors,
iPhone,"(18, 5)",supports-ack-v1,
iPhone,"(18, 5)",supports-activity-sharing-v1,True
iPhone,"(18, 5)",supports-animoji-v2,
iPhone,"(18, 5)",supports-askto,
iPhone,"(18, 5)",supports-audio-messaging-v2,
iPhone,"(18, 5)",supports-autoloopvideo-v1,
iPhone,"(18, 5)",supports-avless,
iPhone,"(18, 5)",supports-be-v1,
iPhone,"(18, 5)",supports-beacon-sharing-v2,
iPhone,"(18, 5)",supports-beacon-sharing-v3,
iPhone,"(18, 5)",supports-beneficiary-invites,
iPhone,"(18, 5)",supports-ca-v1,
iPhone,"(18, 5)",supports-certified-delivery-v1,
iPhone,"(18, 5)",supports-co,
iPhone,"(18, 5)",supports-cross-platform-sharing,
iPhone,"(18, 5)",supports-dq-nr,
iPhone,"(18, 5)",supports-emoji-images,
iPhone,"(18, 5)",supports-emoji-stickers,
iPhone,"(18, 5)",supports-emoji-tapbacks,
iPhone,"(18, 5)",supports-family-invite-message-bubble,
iPhone,"(18, 5)",supports-findmy-plugin-messages,
iPhone,"(18, 5)",supports-fm-fence-v1,True
iPhone,"(18, 5)",supports-fmd-v2,True
iPhone,"(18, 5)",supports-fsm-v1,
iPhone,"(18, 5)",supports-fsm-v2,
iPhone,"(18, 5)",supports-fsm-v3,
iPhone,"(18, 5)",supports-gft-calls,
iPhone,"(18, 5)",supports-gft-errors,
iPhone,"(18, 5)",supports-gft-relay,
iPhone,"(18, 5)",supports-group-photo-refresh-version,
iPhone,"(18, 5)",supports-harmony,
iPhone,"(18, 5)",supports-hdr,
iPhone,"(18, 5)",supports-heif,True
iPhone,"(18, 5)",supports-hi-res-vid,
iPhone,"(18, 5)",supports-high-quality-photo-file-sizes,
iPhone,"(18, 5)",supports-hk-resident,
iPhone,"(18, 5)",supports-hybrid-groups-v1,
iPhone,"(18, 5)",supports-ii-v1,
iPhone,"(18, 5)",supports-impact-v1,
iPhone,"(18, 5)",supports-incoming-fmd-v1,
iPhone,"(18, 5)",supports-inline-attachments,
iPhone,"(18, 5)",supports-keep-receipts,
iPhone,"(18, 5)",supports-key-sharing,
iPhone,"(18, 5)",supports-legacy-contact-invites-v1,
iPhone,"(18, 5)",supports-live-delivery,
iPhone,"(18, 5)",supports-location-sharing,
iPhone,"(18, 5)",supports-manatee-activity-sharing,
iPhone,"(18, 5)",supports-manatee-for-apple-cash,
iPhone,"(18, 5)",supports-maps-protocol-v5,
iPhone,"(18, 5)",supports-maps-routing-path-leg,
iPhone,"(18, 5)",supports-maps-waypoint-route-sharing,
iPhone,"(18, 5)",supports-media-v2,
iPhone,"(18, 5)",supports-mirage,
iPhone,"(18, 5)",supports-modern-gft,
iPhone,"(18, 5)",supports-original-timestamp-v1,
iPhone,"(18, 5)",supports-people-ranging-v1,
iPhone,"(18, 5)",supports-people-request-messages,
iPhone,"(18, 5)",supports-people-request-messages-v2,
iPhone,"(18, 5)",supports-people-request-messages-v3,
iPhone,"(18, 5)",supports-photos-extension-v1,
iPhone,"(18, 5)",supports-photos-extension-v2,
iPhone,"(18, 5)",supports-protobuf-payload-data-v2,
iPhone,"(18, 5)",supports-rbm-chatbot,
iPhone,"(18, 5)",supports-recovery-contact-upsell,
iPhone,"(18, 5)",supports-recurring-payment-bubbles,
iPhone,"(18, 5)",supports-region-for-apple-cash,
iPhone,"(18, 5)",supports-rem,
iPhone,"(18, 5)",supports-remote-atv-signin,
iPhone,"(18, 5)",supports-restricted-guest,
iPhone,"(18, 5)",supports-sa-v1,
iPhone,"(18, 5)",supports-screen-time-v2,
iPhone,"(18, 5)",supports-secure-loc-v1,
iPhone,"(18, 5)",supports-self-one-to-one-invites,
iPhone,"(18, 5)",supports-send-later-messages,
iPhone,"(18, 5)",supports-sender-key-self-check,
iPhone,"(18, 5)",supports-sender-key-v1,
iPhone,"(18, 5)",supports-shared-exp,
iPhone,"(18, 5)",supports-sos-alerting,True
iPhone,"(18, 5)",supports-ssrc,
iPhone,"(18, 5)",supports-st-er,
iPhone,"(18, 5)",supports-st-v1,
iPhone,"(18, 5)",supports-stewie,True
iPhone,"(18, 5)",supports-stick-moji-backs,
iPhone,"(18, 5)",supports-sticker-editing,
iPhone,"(18, 5)",supports-update-attachments-v1,
iPhone,"(18, 5)",supports-user-driven-call-activation,
iPhone,"(18, 5)",supports-uwb,True
iPhone,"(18, 5)",supports-zelkova,True
iPhone,"(18, 6)",device-key-signature,
iPhone,"(18, 6)",ec-version,1.0
iPhone,"(18, 6)",is-c2k-equipment,
iPhone,"(18, 6)",is-green-tea,
iPhone,"(18, 6)",is-web-client,
iPhone,"(18, 6)",kt-version,5.0
iPhone,"(18, 6)",nicknames-version,
iPhone,"(18, 6)",optionally-receive-typing-indicators,
iPhone,"(18, 6)",prefers-sdr,
iPhone,"(18, 6)",sender-key-message-version,
iPhone,"(18, 6)",show-peer-errors,
iPhone,"(18, 6)",supports-ack-v1,
iPhone,"(18, 6)",supports-activity-sharing-v1,True
iPhone,"(18, 6)",supports-animoji-v2,
iPhone,"(18, 6)",supports-askto,
iPhone,"(18, 6)",supports-audio-messaging-v2,
iPhone,"(18, 6)",supports-autoloopvideo-v1,
iPhone,"(18, 6)",supports-avless,
iPhone,"(18, 6)",supports-be-v1,
iPhone,"(18, 6)",supports-beacon-sharing-v2,
iPhone,"(18, 6)",supports-beacon-sharing-v3,
iPhone,"(18, 6)",supports-beneficiary-invites,
iPhone,"(18, 6)",supports-ca-v1,
iPhone,"(18, 6)",supports-certified-delivery-v1,
iPhone,"(18, 6)",supports-co,
iPhone,"(18, 6)",supports-cross-platform-sharing,
iPhone,"(18, 6)",supports-dq-nr,
iPhone,"(18, 6)",supports-emoji-images,
iPhone,"(18, 6)",supports-emoji-stickers,
iPhone,"(18, 6)",supports-emoji-tapbacks,
iPhone,"(18, 6)",supports-family-invite-message-bubble,
iPhone,"(18, 6)",supports-findmy-plugin-messages,
iPhone,"(18, 6)",supports-fm-fence-v1,True
iPhone,"(18, 6)",supports-fmd-v2,True
iPhone,"(18, 6)",supports-fsm-v1,
iPhone,"(18, 6)",supports-fsm-v2,
iPhone,"(18, 6)",supports-fsm-v3,
iPhone,"(18, 6)",supports-gft-calls,
iPhone,"(18, 6)",supports-gft-errors,
iPhone,"(18, 6)",supports-gft-relay,
iPhone,"(18, 6)",supports-group-photo-refresh-version,
iPhone,"(18, 6)",supports-harmony,
iPhone,"(18, 6)",supports-hdr,
iPhone,"(18, 6)",supports-heif,True
iPhone,"(18, 6)",supports-hi-res-vid,
iPhone,"(18, 6)",supports-high-quality-photo-file-sizes,
iPhone,"(18, 6)",supports-hk-resident,
iPhone,"(18, 6)",supports-hybrid-groups-v1,
iPhone,"(18, 6)",supports-ii-v1,
iPhone,"(18, 6)",supports-impact-v1,
iPhone,"(18, 6)",supports-incoming-fmd-v1,
iPhone,"(18, 6)",supports-inline-attachments,
iPhone,"(18, 6)",supports-keep-receipts,
iPhone,"(18, 6)",supports-key-sharing,
iPhone,"(18, 6)",supports-legacy-contact-invites-v1,
iPhone,"(18, 6)",supports-live-delivery,
iPhone,"(18, 6)",supports-location-sharing,
iPhone,"(18, 6)",supports-manatee-activity-sharing,
iPhone,"(18, 6)",supports-manatee-for-apple-cash,
iPhone,"(18, 6)",supports-maps-protocol-v5,
iPhone,"(18, 6)",supports-maps-routing-path-leg,
iPhone,"(18, 6)",supports-maps-waypoint-route-sharing,
iPhone,"(18, 6)",supports-media-v2,
iPhone,"(18, 6)",supports-mirage,
iPhone,"(18, 6)",supports-modern-gft,
iPhone,"(18, 6)",supports-original-timestamp-v1,
iPhone,"(18, 6)",supports-people-ranging-v1,
iPhone,"(18, 6)",supports-people-request-messages,
iPhone,"(18, 6)",supports-people-request-messages-v2,
iPhone,"(18, 6)",supports-people-request-messages-v3,
iPhone,"(18, 6)",supports-photos-extension-v1,
iPhone,"(18, 6)",supports-photos-extension-v2,
iPhone,"(18, 6)",supports-protobuf-payload-data-v2,
iPhone,"(18, 6)",supports-qta,
iPhone,"(18, 6)",supports-rbm-chatbot,
iPhone,"(18, 6)",supports-recovery-contact-upsell,
iPhone,"(18, 6)",supports-recurring-payment-bubbles,
iPhone,"(18, 6)",supports-region-for-apple-cash,
iPhone,"(18, 6)",supports-rem,
iPhone,"(18, 6)",supports-remote-atv-signin,
iPhone,"(18, 6)",supports-restricted-guest,
iPhone,"(18, 6)",supports-sa-v1,
iPhone,"(18, 6)",supports-screen-time-v2,
iPhone,"(18, 6)",supports-secure-loc-v1,
iPhone,"(18, 6)",supports-self-one-to-one-invites,
iPhone,"(18, 6)",supports-send-later-messages,
iPhone,"(18, 6)",supports-sender-key-self-check,
iPhone,"(18, 6)",supports-sender-key-v1,
iPhone,"(18, 6)",supports-shared-exp,
iPhone,"(18, 6)",supports-sos-alerting,True
iPhone,"(18, 6)",supports-ssrc,
iPhone,"(18, 6)",supports-st-er,
iPhone,"(18, 6)",supports-st-v1,
iPhone,"(18, 6)",supports-stewie,True
iPhone,"(18, 6)",supports-stick-moji-backs,
iPhone,"(18, 6)",supports-sticker-editing,
iPhone,"(18, 6)",supports-update-attachments-v1,
iPhone,"(18, 6)",supports-user-driven-call-activation,
iPhone,"(18, 6)",supports-uwb,True
iPhone,"(18, 6)",supports-zelkova,True
iPhone,"(26, 0)",device-key-signature,
iPhone,"(26, 0)",ec-version,1.0
iPhone,"(26, 0)",is-c2k-equipment,
iPhone,"(26, 0)",is-green-tea,
iPhone,"(26, 0)",is-web-client,
iPhone,"(26, 0)",kt-version,5.0
iPhone,"(26, 0)",nicknames-version,
iPhone,"(26, 0)",optionally-receive-typing-indicators,
iPhone,"(26, 0)",prefers-sdr,
iPhone,"(26, 0)",sender-key-message-version,
iPhone,"(26, 0)",show-peer-errors,
iPhone,"(26, 0)",supports-ack-v1,
iPhone,"(26, 0)",supports-activity-sharing-v1,True
iPhone,"(26, 0)",supports-adaptive-temperature-automations,
iPhone,"(26, 0)",supports-animoji-v2,
iPhone,"(26, 0)",supports-aot,
iPhone,"(26, 0)",supports-askto,
iPhone,"(26, 0)",supports-askto-v2,
iPhone,"(26, 0)",supports-audio-messaging-v2,
iPhone,"(26, 0)",supports-autoloopvideo-v1,
iPhone,"(26, 0)",supports-avless,
iPhone,"(26, 0)",supports-be-v1,
iPhone,"(26, 0)",supports-beacon-sharing-v2,
iPhone,"(26, 0)",supports-beacon-sharing-v3,
iPhone,"(26, 0)",supports-beneficiary-invites,
iPhone,"(26, 0)",supports-ca-v1,
iPhone,"(26, 0)",supports-calls-25,
iPhone,"(26, 0)",supports-certified-delivery-v1,
iPhone,"(26, 0)",supports-ckv-enforcement,
iPhone,"(26, 0)",supports-co,
iPhone,"(26, 0)",supports-cross-platform-sharing,
iPhone,"(26, 0)",supports-dq-nr,
iPhone,"(26, 0)",supports-emoji-images,
iPhone,"(26, 0)",supports-emoji-stickers,
iPhone,"(26, 0)",supports-emoji-tapbacks,
iPhone,"(26, 0)",supports-family-invite-message-bubble,
iPhone,"(26, 0)",supports-findmy-plugin-messages,
iPhone,"(26, 0)",supports-fm-fence-v1,True
iPhone,"(26, 0)",supports-fmd-v2,True
iPhone,"(26, 0)",supports-fsm-v1,
iPhone,"(26, 0)",supports-fsm-v2,
iPhone,"(26, 0)",supports-fsm-v3,
iPhone,"(26, 0)",supports-gft-calls,
iPhone,"(26, 0)",supports-gft-errors,
iPhone,"(26, 0)",supports-gft-relay,
iPhone,"(26, 0)",supports-group-apple-cash,
iPhone,"(26, 0)",supports-group-photo-refresh-version,
iPhone,"(26, 0)",supports-gti,
iPhone,"(26, 0)",supports-harmony,
iPhone,"(26, 0)",supports-hdr,
iPhone,"(26, 0)",supports-heif,True
iPhone,"(26, 0)",supports-hi-res-vid,
iPhone,"(26, 0)",supports-high-quality-photo-file-sizes,
iPhone,"(26, 0)",supports-hk-resident,
iPhone,"(26, 0)",supports-hybrid-groups-v1,
iPhone,"(26, 0)",supports-ii-v1,
iPhone,"(26, 0)",supports-impact-v1,
iPhone,"(26, 0)",supports-incoming-fmd-v1,
iPhone,"(26, 0)",supports-inline-attachments,
iPhone,"(26, 0)",supports-introductions-v1,
iPhone,"(26, 0)",supports-keep-receipts,
iPhone,"(26, 0)",supports-key-sharing,
iPhone,"(26, 0)",supports-legacy-contact-invites-v1,
iPhone,"(26, 0)",supports-legacy-contact-invites-v2,
iPhone,"(26, 0)",supports-legacy-contact-invites-v3,
iPhone,"(26, 0)",supports-live-delivery,
iPhone,"(26, 0)",supports-live-translation,
iPhone,"(26, 0)",supports-location-sharing,
iPhone,"(26, 0)",supports-lqm-hq,
iPhone,"(26, 0)",supports-manatee-activity-sharing,
iPhone,"(26, 0)",supports-manatee-for-apple-cash,
iPhone,"(26, 0)",supports-maps-protocol-v5,
iPhone,"(26, 0)",supports-maps-routing-path-leg,
iPhone,"(26, 0)",supports-maps-waypoint-route-sharing,
iPhone,"(26, 0)",supports-maps-wgs84-elevation-model,
iPhone,"(26, 0)",supports-media-v2,
iPhone,"(26, 0)",supports-mirage,
iPhone,"(26, 0)",supports-modern-gft,
iPhone,"(26, 0)",supports-nearby-facetime,
iPhone,"(26, 0)",supports-original-timestamp-v1,
iPhone,"(26, 0)",supports-people-ranging-v1,
iPhone,"(26, 0)",supports-people-request-messages,
iPhone,"(26, 0)",supports-people-request-messages-v2,
iPhone,"(26, 0)",supports-people-request-messages-v3,
iPhone,"(26, 0)",supports-photos-extension-v1,
iPhone,"(26, 0)",supports-photos-extension-v2,
iPhone,"(26, 0)",supports-polls,
iPhone,"(26, 0)",supports-protobuf-payload-data-v2,
iPhone,"(26, 0)",supports-qta,
iPhone,"(26, 0)",supports-queue-one-read-receipts,
iPhone,"(26, 0)",supports-rbm-chatbot,
iPhone,"(26, 0)",supports-recovery-contact-upsell,
iPhone,"(26, 0)",supports-recurring-payment-bubbles,
iPhone,"(26, 0)",supports-region-for-apple-cash,
iPhone,"(26, 0)",supports-rem,
iPhone,"(26, 0)",supports-remote-atv-signin,
iPhone,"(26, 0)",supports-restricted-guest,
iPhone,"(26, 0)",supports-sa-v1,
iPhone,"(26, 0)",supports-screen-time-v2,
iPhone,"(26, 0)",supports-secure-loc-v1,
iPhone,"(26, 0)",supports-self-one-to-one-invites,
iPhone,"(26, 0)",supports-send-later-messages,
iPhone,"(26, 0)",supports-sender-key-self-check,
iPhone,"(26, 0)",supports-sender-key-v1,
iPhone,"(26, 0)",supports-shared-exp,
iPhone,"(26, 0)",supports-sos-alerting,True
iPhone,"(26, 0)",supports-ssrc,
iPhone,"(26, 0)",supports-st-er,
iPhone,"(26, 0)",supports-st-v1,
iPhone,"(26, 0)",supports-stewie,True
iPhone,"(26, 0)",supports-stick-moji-backs,
iPhone,"(26, 0)",supports-sticker-editing,
iPhone,"(26, 0)",supports-transcript-backgrounds,
iPhone,"(26, 0)",supports-update-attachments-v1,
iPhone,"(26, 0)",supports-uriless-membership-updates,
iPhone,"(26, 0)",supports-user-driven-call-activation,
iPhone,"(26, 0)",supports-uwb,True
iPhone,"(26, 0)",supports-zelkova,True
iPhone,"(26, 0, 1)",device-key-signature,
iPhone,"(26, 0, 1)",ec-version,1.0
iPhone,"(26, 0, 1)",is-c2k-equipment,
iPhone,"(26, 0, 1)",is-green-tea,
iPhone,"(26, 0, 1)",is-web-client,
iPhone,"(26, 0, 1)",kt-version,5.0
iPhone,"(26, 0, 1)",nicknames-version,
iPhone,"(26, 0, 1)",optionally-receive-typing-indicators,
iPhone,"(26, 0, 1)",prefers-sdr,
iPhone,"(26, 0, 1)",sender-key-message-version,
iPhone,"(26, 0, 1)",show-peer-errors,
iPhone,"(26, 0, 1)",supports-ack-v1,
iPhone,"(26, 0, 1)",supports-activity-sharing-v1,True
iPhone,"(26, 0, 1)",supports-adaptive-temperature-automations,
iPhone,"(26, 0, 1)",supports-animoji-v2,
iPhone,"(26, 0, 1)",supports-aot,
iPhone,"(26, 0, 1)",supports-askto,
iPhone,"(26, 0, 1)",supports-askto-v2,
iPhone,"(26, 0, 1)",supports-audio-messaging-v2,
iPhone,"(26, 0, 1)",supports-autoloopvideo-v1,
iPhone,"(26, 0, 1)",supports-avless,
iPhone,"(26, 0, 1)",supports-be-v1,
iPhone,"(26, 0, 1)",supports-beacon-sharing-v2,
iPhone,"(26, 0, 1)",supports-beacon-sharing-v3,
iPhone,"(26, 0, 1)",supports-beneficiary-invites,
iPhone,"(26, 0, 1)",supports-ca-v1,
iPhone,"(26, 0, 1)",supports-calls-25,
iPhone,"(26, 0, 1)",supports-certified-delivery-v1,
iPhone,"(26, 0, 1)",supports-ckv-enforcement,
iPhone,"(26, 0, 1)",supports-co,
iPhone,"(26, 0, 1)",supports-cross-platform-sharing,
iPhone,"(26, 0, 1)",supports-dq-nr,
iPhone,"(26, 0, 1)",supports-emoji-images,
iPhone,"(26, 0, 1)",supports-emoji-stickers,
iPhone,"(26, 0, 1)",supports-emoji-tapbacks,
iPhone,"(26, 0, 1)",supports-family-invite-message-bubble,
iPhone,"(26, 0, 1)",supports-findmy-plugin-messages,
iPhone,"(26, 0, 1)",supports-fm-fence-v1,True
iPhone,"(26, 0, 1)",supports-fmd-v2,True
iPhone,"(26, 0, 1)",supports-fsm-v1,
iPhone,"(26, 0, 1)",supports-fsm-v2,
iPhone,"(26, 0, 1)",supports-fsm-v3,
iPhone,"(26, 0, 1)",supports-gft-calls,
iPhone,"(26, 0, 1)",supports-gft-errors,
iPhone,"(26, 0, 1)",supports-gft-relay,
iPhone,"(26, 0, 1)",supports-group-apple-cash,
iPhone,"(26, 0, 1)",supports-group-photo-refresh-version,
iPhone,"(26, 0, 1)",supports-gti,
iPhone,"(26, 0, 1)",supports-harmony,
iPhone,"(26, 0, 1)",supports-hdr,
iPhone,"(26, 0, 1)",supports-heif,True
iPhone,"(26, 0, 1)",supports-hi-res-vid,
iPhone,"(26, 0, 1)",supports-high-quality-photo-file-sizes,
iPhone,"(26, 0, 1)",supports-hk-resident,
iPhone,"(26, 0, 1)",supports-hybrid-groups-v1,
iPhone,"(26, 0, 1)",supports-ii-v1,
iPhone,"(26, 0, 1)",supports-impact-v1,
iPhone,"(26, 0, 1)",supports-incoming-fmd-v1,
iPhone,"(26, 0, 1)",supports-inline-attachments,
iPhone,"(26, 0, 1)",supports-introductions-v1,
iPhone,"(26, 0, 1)",supports-keep-receipts,
iPhone,"(26, 0, 1)",supports-key-sharing,
iPhone,"(26, 0, 1)",supports-legacy-contact-invites-v1,
iPhone,"(26, 0, 1)",supports-legacy-contact-invites-v2,
iPhone,"(26, 0, 1)",supports-legacy-contact-invites-v3,
iPhone,"(26, 0, 1)",supports-live-delivery,
iPhone,"(26, 0, 1)",supports-live-translation,
iPhone,"(26, 0, 1)",supports-location-sharing,
iPhone,"(26, 0, 1)",supports-lqm-hq,
iPhone,"(26, 0, 1)",supports-manatee-activity-sharing,
iPhone,"(26, 0, 1)",supports-manatee-for-apple-cash,
iPhone,"(26, 0, 1)",supports-maps-protocol-v5,
iPhone,"(26, 0, 1)",supports-maps-routing-path-leg,
iPhone,"(26, 0, 1)",supports-maps-waypoint-route-sharing,
iPhone,"(26, 0, 1)",supports-maps-wgs84-elevation-model,
iPhone,"(26, 0, 1)",supports-media-v2,
iPhone,"(26, 0, 1)",supports-mirage,
iPhone,"(26, 0, 1)",supports-modern-gft,
iPhone,"(26, 0, 1)",supports-nearby-facetime,
iPhone,"(26, 0, 1)",supports-original-timestamp-v1,
iPhone,"(26, 0, 1)",supports-people-ranging-v1,
iPhone,"(26, 0, 1)",supports-people-request-messages,
iPhone,"(26, 0, 1)",supports-people-request-messages-v2,
iPhone,"(26, 0, 1)",supports-people-request-messages-v3,
iPhone,"(26, 0, 1)",supports-photos-extension-v1,
iPhone,"(26, 0, 1)",supports-photos-extension-v2,
iPhone,"(26, 0, 1)",supports-polls,
iPhone,"(26, 0, 1)",supports-protobuf-payload-data-v2,
iPhone,"(26, 0, 1)",supports-qta,
iPhone,"(26, 0, 1)",supports-queue-one-read-receipts,
iPhone,"(26, 0, 1)",supports-rbm-chatbot,
iPhone,"(26, 0, 1)",supports-recovery-contact-upsell,
iPhone,"(26, 0, 1)",supports-recurring-payment-bubbles,
iPhone,"(26, 0, 1)",supports-region-for-apple-cash,
iPhone,"(26, 0, 1)",supports-rem,
iPhone,"(26, 0, 1)",supports-remote-atv-signin,
iPhone,"(26, 0, 1)",supports-restricted-guest,
iPhone,"(26, 0, 1)",supports-sa-v1,
iPhone,"(26, 0, 1)",supports-screen-time-v2,
iPhone,"(26, 0, 1)",supports-secure-loc-v1,
iPhone,"(26, 0, 1)",supports-self-one-to-one-invites,
iPhone,"(26, 0, 1)",supports-send-later-messages,
iPhone,"(26, 0, 1)",supports-sender-key-self-check,
iPhone,"(26, 0, 1)",supports-sender-key-v1,
iPhone,"(26, 0, 1)",supports-shared-exp,
iPhone,"(26, 0, 1)",supports-sos-alerting,True
iPhone,"(26, 0, 1)",supports-ssrc,
iPhone,"(26, 0, 1)",supports-st-er,
iPhone,"(26, 0, 1)",supports-st-v1,
iPhone,"(26, 0, 1)",supports-stewie,True
iPhone,"(26, 0, 1)",supports-stick-moji-backs,
iPhone,"(26, 0, 1)",supports-sticker-editing,
iPhone,"(26, 0, 1)",supports-transcript-backgrounds,
iPhone,"(26, 0, 1)",supports-update-attachments-v1,
iPhone,"(26, 0, 1)",supports-uriless-membership-updates,
iPhone,"(26, 0, 1)",supports-user-driven-call-activation,
iPhone,"(26, 0, 1)",supports-uwb,True
iPhone,"(26, 0, 1)",supports-zelkova,True
iPhone,"(26, 1)",device-key-signature,
iPhone,"(26, 1)",ec-version,1.0
iPhone,"(26, 1)",is-c2k-equipment,
iPhone,"(26, 1)",is-green-tea,
iPhone,"(26, 1)",is-web-client,
iPhone,"(26, 1)",kt-version,5.0
iPhone,"(26, 1)",nicknames-version,
iPhone,"(26, 1)",optionally-receive-typing-indicators,
iPhone,"(26, 1)",prefers-sdr,
iPhone,"(26, 1)",sender-key-message-version,
iPhone,"(26, 1)",show-peer-errors,
iPhone,"(26, 1)",supports-ack-v1,
iPhone,"(26, 1)",supports-activity-sharing-v1,True
iPhone,"(26, 1)",supports-adaptive-temperature-automations,
iPhone,"(26, 1)",supports-animoji-v2,
iPhone,"(26, 1)",supports-aot,
iPhone,"(26, 1)",supports-askto,
iPhone,"(26, 1)",supports-askto-responseUI,
iPhone,"(26, 1)",supports-askto-v2,
iPhone,"(26, 1)",supports-audio-messaging-v2,
iPhone,"(26, 1)",supports-autoloopvideo-v1,
iPhone,"(26, 1)",supports-avless,
iPhone,"(26, 1)",supports-be-v1,
iPhone,"(26, 1)",supports-beacon-sharing-v2,
iPhone,"(26, 1)",supports-beacon-sharing-v3,
iPhone,"(26, 1)",supports-beneficiary-invites,
iPhone,"(26, 1)",supports-ca-v1,
iPhone,"(26, 1)",supports-calls-25,
iPhone,"(26, 1)",supports-certified-delivery-v1,
iPhone,"(26, 1)",supports-ckv-enforcement,
iPhone,"(26, 1)",supports-co,
iPhone,"(26, 1)",supports-cross-platform-sharing,
iPhone,"(26, 1)",supports-dq-nr,
iPhone,"(26, 1)",supports-emoji-images,
iPhone,"(26, 1)",supports-emoji-stickers,
iPhone,"(26, 1)",supports-emoji-tapbacks,
iPhone,"(26, 1)",supports-family-invite-message-bubble,
iPhone,"(26, 1)",supports-findmy-plugin-messages,
iPhone,"(26, 1)",supports-fm-fence-v1,True
iPhone,"(26, 1)",supports-fmd-v2,True
iPhone,"(26, 1)",supports-fsm-v1,
iPhone,"(26, 1)",supports-fsm-v2,
iPhone,"(26, 1)",supports-fsm-v3,
iPhone,"(26, 1)",supports-gft-calls,
iPhone,"(26, 1)",supports-gft-errors,
iPhone,"(26, 1)",supports-gft-relay,
iPhone,"(26, 1)",supports-group-apple-cash,
iPhone,"(26, 1)",supports-group-photo-refresh-version,
iPhone,"(26, 1)",supports-gti,
iPhone,"(26, 1)",supports-harmony,
iPhone,"(26, 1)",supports-hdr,
iPhone,"(26, 1)",supports-heif,True
iPhone,"(26, 1)",supports-hi-res-vid,
iPhone,"(26, 1)",supports-high-quality-photo-file-sizes,
iPhone,"(26, 1)",supports-hk-resident,
iPhone,"(26, 1)",supports-hybrid-groups-v1,
iPhone,"(26, 1)",supports-ii-v1,
iPhone,"(26, 1)",supports-impact-v1,
iPhone,"(26, 1)",supports-incoming-fmd-v1,
iPhone,"(26, 1)",supports-inline-attachments,
iPhone,"(26, 1)",supports-introductions-v1,
iPhone,"(26, 1)",supports-keep-receipts,
iPhone,"(26, 1)",supports-key-sharing,
iPhone,"(26, 1)",supports-legacy-contact-invites-v1,
iPhone,"(26, 1)",supports-legacy-contact-invites-v2,
iPhone,"(26, 1)",supports-legacy-contact-invites-v3,
iPhone,"(26, 1)",supports-live-delivery,
iPhone,"(26, 1)",supports-live-translation,
iPhone,"(26, 1)",supports-location-sharing,
iPhone,"(26, 1)",supports-lqm-hq,
iPhone,"(26, 1)",supports-manatee-activity-sharing,
iPhone,"(26, 1)",supports-manatee-for-apple-cash,
iPhone,"(26, 1)",supports-maps-protocol-v5,
iPhone,"(26, 1)",supports-maps-routing-path-leg,
iPhone,"(26, 1)",supports-maps-waypoint-route-sharing,
iPhone,"(26, 1)",supports-maps-wgs84-elevation-model,
iPhone,"(26, 1)",supports-media-v2,
iPhone,"(26, 1)",supports-mirage,
iPhone,"(26, 1)",supports-modern-gft,
iPhone,"(26, 1)",supports-nearby-facetime,
iPhone,"(26, 1)",supports-original-timestamp-v1,
iPhone,"(26, 1)",supports-people-ranging-v1,
iPhone,"(26, 1)",supports-people-request-messages,
iPhone,"(26, 1)",supports-people-request-messages-v2,
iPhone,"(26, 1)",supports-people-request-messages-v3,
iPhone,"(26, 1)",supports-photos-extension-v1,
iPhone,"(26, 1)",supports-photos-extension-v2,
iPhone,"(26, 1)",supports-polls,
iPhone,"(26, 1)",supports-protobuf-payload-data-v2,
iPhone,"(26, 1)",supports-qta,
iPhone,"(26, 1)",supports-queue-one-read-receipts,
iPhone,"(26, 1)",supports-queue-one-read-receipts-v2,
iPhone,"(26, 1)",supports-rbm-chatbot,
iPhone,"(26, 1)",supports-recovery-contact-upsell,
iPhone,"(26, 1)",supports-recurring-payment-bubbles,
iPhone,"(26, 1)",supports-region-for-apple-cash,
iPhone,"(26, 1)",supports-rem,
iPhone,"(26, 1)",supports-remote-atv-signin,
iPhone,"(26, 1)",supports-restricted-guest,
iPhone,"(26, 1)",supports-sa-v1,
iPhone,"(26, 1)",supports-screen-time-v2,
iPhone,"(26, 1)",supports-secure-loc-v1,
iPhone,"(26, 1)",supports-self-one-to-one-invites,
iPhone,"(26, 1)",supports-send-later-messages,
iPhone,"(26, 1)",supports-sender-key-self-check,
iPhone,"(26, 1)",supports-sender-key-v1,
iPhone,"(26, 1)",supports-shared-exp,
iPhone,"(26, 1)",supports-sos-alerting,True
iPhone,"(26, 1)",supports-ssrc,
iPhone,"(26, 1)",supports-st-er,
iPhone,"(26, 1)",supports-st-v1,
iPhone,"(26, 1)",supports-stewie,True
iPhone,"(26, 1)",supports-stick-moji-backs,
iPhone,"(26, 1)",supports-sticker-editing,
iPhone,"(26, 1)",supports-transcript-backgrounds,
iPhone,"(26, 1)",supports-update-attachments-v1,
iPhone,"(26, 1)",supports-uriless-membership-updates,
iPhone,"(26, 1)",supports-user-driven-call-activation,
iPhone,"(26, 1)",supports-uwb,True
iPhone,"(26, 1)",supports-zelkova,True
iPhone,"(26, 2)",device-key-signature,
iPhone,"(26, 2)",ec-version,1.0
iPhone,"(26, 2)",is-c2k-equipment,
iPhone,"(26, 2)",is-green-tea,
iPhone,"(26, 2)",is-web-client,
iPhone,"(26, 2)",kt-version,5.0
iPhone,"(26, 2)",nicknames-version,
iPhone,"(26, 2)",optionally-receive-typing-indicators,
iPhone,"(26, 2)",prefers-sdr,
iPhone,"(26, 2)",sender-key-message-version,
iPhone,"(26, 2)",show-peer-errors,
iPhone,"(26, 2)",supports-ack-v1,
iPhone,"(26, 2)",supports-activity-sharing-v1,True
iPhone,"(26, 2)",supports-adaptive-temperature-automations,
iPhone,"(26, 2)",supports-animoji-v2,
iPhone,"(26, 2)",supports-aot,
iPhone,"(26, 2)",supports-askto,
iPhone,"(26, 2)",supports-askto-responseUI,
iPhone,"(26, 2)",supports-askto-v2,
iPhone,"(26, 2)",supports-audio-messaging-v2,
iPhone,"(26, 2)",supports-autoloopvideo-v1,
iPhone,"(26, 2)",supports-avless,
iPhone,"(26, 2)",supports-be-v1,
iPhone,"(26, 2)",supports-beacon-sharing-v2,
iPhone,"(26, 2)",supports-beacon-sharing-v3,
iPhone,"(26, 2)",supports-beneficiary-invites,
iPhone,"(26, 2)",supports-ca-v1,
iPhone,"(26, 2)",supports-calls-25,
iPhone,"(26, 2)",supports-certified-delivery-v1,
iPhone,"(26, 2)",supports-ckv-enforcement,
iPhone,"(26, 2)",supports-co,
iPhone,"(26, 2)",supports-cross-platform-sharing,
iPhone,"(26, 2)",supports-dq-nr,
iPhone,"(26, 2)",supports-emoji-images,
iPhone,"(26, 2)",supports-emoji-stickers,
iPhone,"(26, 2)",supports-emoji-tapbacks,
iPhone,"(26, 2)",supports-family-invite-message-bubble,
iPhone,"(26, 2)",supports-findmy-plugin-messages,
iPhone,"(26, 2)",supports-fm-fence-v1,True
iPhone,"(26, 2)",supports-fmd-v2,True
iPhone,"(26, 2)",supports-fsm-v1,
iPhone,"(26, 2)",supports-fsm-v2,
iPhone,"(26, 2)",supports-fsm-v3,
iPhone,"(26, 2)",supports-gft-calls,
iPhone,"(26, 2)",supports-gft-errors,
iPhone,"(26, 2)",supports-gft-relay,
iPhone,"(26, 2)",supports-group-apple-cash,
iPhone,"(26, 2)",supports-group-photo-refresh-version,
iPhone,"(26, 2)",supports-gti,
iPhone,"(26, 2)",supports-harmony,
iPhone,"(26, 2)",supports-hdr,
iPhone,"(26, 2)",supports-heif,True
iPhone,"(26, 2)",supports-hi-res-vid,
iPhone,"(26, 2)",supports-high-quality-photo-file-sizes,
iPhone,"(26, 2)",supports-hk-resident,
iPhone,"(26, 2)",supports-hybrid-groups-v1,
iPhone,"(26, 2)",supports-ii-v1,
iPhone,"(26, 2)",supports-impact-v1,
iPhone,"(26, 2)",supports-incoming-fmd-v1,
iPhone,"(26, 2)",supports-inline-attachments,
iPhone,"(26, 2)",supports-introductions-v1,
iPhone,"(26, 2)",supports-keep-receipts,
iPhone,"(26, 2)",supports-key-sharing,
iPhone,"(26, 2)",supports-legacy-contact-invites-v1,
iPhone,"(26, 2)",supports-legacy-contact-invites-v2,
iPhone,"(26, 2)",supports-legacy-contact-invites-v3,
iPhone,"(26, 2)",supports-live-delivery,
iPhone,"(26, 2)",supports-live-translation,
iPhone,"(26, 2)",supports-location-sharing,
iPhone,"(26, 2)",supports-lqm-hq,
iPhone,"(26, 2)",supports-manatee-activity-sharing,
iPhone,"(26, 2)",supports-manatee-for-apple-cash,
iPhone,"(26, 2)",supports-maps-protocol-v5,
iPhone,"(26, 2)",supports-maps-routing-path-leg,
iPhone,"(26, 2)",supports-maps-waypoint-route-sharing,
iPhone,"(26, 2)",supports-maps-wgs84-elevation-model,
iPhone,"(26, 2)",supports-media-v2,
iPhone,"(26, 2)",supports-mirage,
iPhone,"(26, 2)",supports-modern-gft,
iPhone,"(26, 2)",supports-nearby-facetime,
iPhone,"(26, 2)",supports-original-timestamp-v1,
iPhone,"(26, 2)",supports-people-ranging-v1,
iPhone,"(26, 2)",supports-people-request-messages,
iPhone,"(26, 2)",supports-people-request-messages-v2,
iPhone,"(26, 2)",supports-people-request-messages-v3,
iPhone,"(26, 2)",supports-photos-extension-v1,
iPhone,"(26, 2)",supports-photos-extension-v2,
iPhone,"(26, 2)",supports-polls,
iPhone,"(26, 2)",supports-protobuf-payload-data-v2,
iPhone,"(26, 2)",supports-qta,
iPhone,"(26, 2)",supports-queue-one-read-receipts-v3,
iPhone,"(26, 2)",supports-rbm-chatbot,
iPhone,"(26, 2)",supports-recovery-contact-upsell,
iPhone,"(26, 2)",supports-recurring-payment-bubbles,
iPhone,"(26, 2)",supports-region-for-apple-cash,
iPhone,"(26, 2)",supports-rem,
iPhone,"(26, 2)",supports-remote-atv-signin,
iPhone,"(26, 2)",supports-restricted-guest,
iPhone,"(26, 2)",supports-sa-v1,
iPhone,"(26, 2)",supports-screen-time-v2,
iPhone,"(26, 2)",supports-secure-loc-v1,
iPhone,"(26, 2)",supports-self-one-to-one-invites,
iPhone,"(26, 2)",supports-send-later-messages,
iPhone,"(26, 2)",supports-sender-key-self-check,
iPhone,"(26, 2)",supports-sender-key-v1,
iPhone,"(26, 2)",supports-shared-exp,
iPhone,"(26, 2)",supports-significant-app-update,
iPhone,"(26, 2)",supports-sos-alerting,True
iPhone,"(26, 2)",supports-ssrc,
iPhone,"(26, 2)",supports-st-er,
iPhone,"(26, 2)",supports-st-v1,
iPhone,"(26, 2)",supports-stewie,True
iPhone,"(26, 2)",supports-stick-moji-backs,
iPhone,"(26, 2)",supports-sticker-editing,
iPhone,"(26, 2)",supports-transcript-backgrounds,
iPhone,"(26, 2)",supports-update-attachments-v1,
iPhone,"(26, 2)",supports-uriless-membership-updates,
iPhone,"(26, 2)",supports-user-driven-call-activation,
iPhone,"(26, 2)",supports-uwb,True
iPhone,"(26, 2)",supports-zelkova,True
iPhone,"(26, 3)",device-key-signature,
iPhone,"(26, 3)",ec-version,1.0
iPhone,"(26, 3)",is-c2k-equipment,
iPhone,"(26, 3)",is-green-tea,
iPhone,"(26, 3)",is-web-client,
iPhone,"(26, 3)",kt-version,5.0
iPhone,"(26, 3)",nicknames-version,
iPhone,"(26, 3)",optionally-receive-typing-indicators,
iPhone,"(26, 3)",prefers-sdr,
iPhone,"(26, 3)",sender-key-message-version,
iPhone,"(26, 3)",show-peer-errors,
iPhone,"(26, 3)",supports-ack-v1,
iPhone,"(26, 3)",supports-activity-sharing-v1,True
iPhone,"(26, 3)",supports-adaptive-temperature-automations,
iPhone,"(26, 3)",supports-animoji-v2,
iPhone,"(26, 3)",supports-aot,
iPhone,"(26, 3)",supports-askto,
iPhone,"(26, 3)",supports-askto-responseUI,
iPhone,"(26, 3)",supports-askto-v2,
iPhone,"(26, 3)",supports-audio-messaging-v2,
iPhone,"(26, 3)",supports-autoloopvideo-v1,
iPhone,"(26, 3)",supports-avless,
iPhone,"(26, 3)",supports-be-v1,
iPhone,"(26, 3)",supports-beacon-sharing-v2,
iPhone,"(26, 3)",supports-beacon-sharing-v3,
iPhone,"(26, 3)",supports-beneficiary-invites,
iPhone,"(26, 3)",supports-ca-v1,
iPhone,"(26, 3)",supports-calls-25,
iPhone,"(26, 3)",supports-certified-delivery-v1,
iPhone,"(26, 3)",supports-ckv-enforcement,
iPhone,"(26, 3)",supports-co,
iPhone,"(26, 3)",supports-cross-platform-sharing,
iPhone,"(26, 3)",supports-dq-nr,
iPhone,"(26, 3)",supports-emoji-images,
iPhone,"(26, 3)",supports-emoji-stickers,
iPhone,"(26, 3)",supports-emoji-tapbacks,
iPhone,"(26, 3)",supports-family-invite-message-bubble,
iPhone,"(26, 3)",supports-findmy-plugin-messages,
iPhone,"(26, 3)",supports-fm-fence-v1,True
iPhone,"(26, 3)",supports-fmd-v2,True
iPhone,"(26, 3)",supports-fsm-v1,
iPhone,"(26, 3)",supports-fsm-v2,
iPhone,"(26, 3)",supports-fsm-v3,
iPhone,"(26, 3)",supports-gft-calls,
iPhone,"(26, 3)",supports-gft-errors,
iPhone,"(26, 3)",supports-gft-relay,
iPhone,"(26, 3)",supports-group-apple-cash,
iPhone,"(26, 3)",supports-group-photo-refresh-version,
iPhone,"(26, 3)",supports-gti,
iPhone,"(26, 3)",supports-harmony,
iPhone,"(26, 3)",supports-hdr,
iPhone,"(26, 3)",supports-heif,True
iPhone,"(26, 3)",supports-hi-res-vid,
iPhone,"(26, 3)",supports-high-quality-photo-file-sizes,
iPhone,"(26, 3)",supports-hk-resident,
iPhone,"(26, 3)",supports-hybrid-groups-v1,
iPhone,"(26, 3)",supports-ii-v1,
iPhone,"(26, 3)",supports-impact-v1,
iPhone,"(26, 3)",supports-incoming-fmd-v1,
iPhone,"(26, 3)",supports-inline-attachments,
iPhone,"(26, 3)",supports-introductions-v1,
iPhone,"(26, 3)",supports-keep-receipts,
iPhone,"(26, 3)",supports-key-sharing,
iPhone,"(26, 3)",supports-legacy-contact-invites-v1,
iPhone,"(26, 3)",supports-legacy-contact-invites-v2,
iPhone,"(26, 3)",supports-legacy-contact-invites-v3,
iPhone,"(26, 3)",supports-live-delivery,
iPhone,"(26, 3)",supports-live-translation,
iPhone,"(26, 3)",supports-location-sharing,
iPhone,"(26, 3)",supports-lqm-hq,
iPhone,"(26, 3)",supports-manatee-activity-sharing,
iPhone,"(26, 3)",supports-manatee-for-apple-cash,
iPhone,"(26, 3)",supports-maps-protocol-v5,
iPhone,"(26, 3)",supports-maps-routing-path-leg,
iPhone,"(26, 3)",supports-maps-waypoint-route-sharing,
iPhone,"(26, 3)",supports-maps-wgs84-elevation-model,
iPhone,"(26, 3)",supports-media-v2,
iPhone,"(26, 3)",supports-mirage,
iPhone,"(26, 3)",supports-modern-gft,
iPhone,"(26, 3)",supports-nearby-facetime,
iPhone,"(26, 3)",supports-original-timestamp-v1,
iPhone,"(26, 3)",supports-people-ranging-v1,
iPhone,"(26, 3)",supports-people-request-messages,
iPhone,"(26, 3)",supports-people-request-messages-v2,
iPhone,"(26, 3)",supports-people-request-messages-v3,
iPhone,"(26, 3)",supports-photos-extension-v1,
iPhone,"(26, 3)",supports-photos-extension-v2,
iPhone,"(26, 3)",supports-polls,
iPhone,"(26, 3)",supports-protobuf-payload-data-v2,
iPhone,"(26, 3)",supports-qta,
iPhone,"(26, 3)",supports-queue-one-read-receipts-v3,
iPhone,"(26, 3)",supports-rbm-chatbot,
iPhone,"(26, 3)",supports-recovery-contact-upsell,
iPhone,"(26, 3)",supports-recurring-payment-bubbles,
iPhone,"(26, 3)",supports-region-for-apple-cash,
iPhone,"(26, 3)",supports-rem,
iPhone,"(26, 3)",supports-remote-atv-signin,
iPhone,"(26, 3)",supports-restricted-guest,
iPhone,"(26, 3)",supports-sa-v1,
iPhone,"(26, 3)",supports-screen-time-v2,
iPhone,"(26, 3)",supports-secure-loc-v1,
iPhone,"(26, 3)",supports-self-one-to-one-invites,
iPhone,"(26, 3)",supports-send-later-messages,
iPhone,"(26, 3)",supports-sender-key-self-check,
iPhone,"(26, 3)",supports-sender-key-v1,
iPhone,"(26, 3)",supports-shared-exp,
iPhone,"(26, 3)",supports-significant-app-update,
iPhone,"(26, 3)",supports-sos-alerting,True
iPhone,"(26, 3)",supports-ssrc,
iPhone,"(26, 3)",supports-st-er,
iPhone,"(26, 3)",supports-st-v1,
iPhone,"(26, 3)",supports-stewie,False
iPhone,"(26, 3)",supports-stick-moji-backs,
iPhone,"(26, 3)",supports-sticker-editing,
iPhone,"(26, 3)",supports-transcript-backgrounds,
iPhone,"(26, 3)",supports-update-attachments-v1,
iPhone,"(26, 3)",supports-uriless-membership-updates,
iPhone,"(26, 3)",supports-user-driven-call-activation,
iPhone,"(26, 3)",supports-uwb,True
iPhone,"(26, 3)",supports-zelkova,True
