device_type,device_model,os_version,name,typed_value
iPhone,"iPhone14,4",15.5,show-peer-errors,
iPhone,"iPhone14,4",15.5,is-c2k-equipment,
iPhone,"iPhone14,4",15.5,supports-inline-attachments,
iPhone,"iPhone14,4",15.5,supports-keep-receipts,
iPhone,"iPhone14,4",15.5,supports-location-sharing,
iPhone,"iPhone14,4",15.5,supports-media-v2,
iPhone,"iPhone14,4",15.5,supports-st-v1,
iPhone,"iPhone14,4",15.5,supports-ca-v1,
iPhone,"iPhone14,4",15.5,supports-be-v1,
iPhone,"iPhone14,4",15.5,supports-ack-v1,
iPhone,"iPhone14,4",15.5,supports-fsm-v1,
iPhone,"iPhone14,4",15.5,supports-fsm-v2,
iPhone,"iPhone14,4",15.5,supports-fsm-v3,
iPhone,"iPhone14,4",15.5,supports-ii-v1,
iPhone,"iPhone14,4",15.5,supports-impact-v1,
iPhone,"iPhone14,4",15.5,supports-update-attachments-v1,
iPhone,"iPhone14,4",15.5,supports-autoloopvideo-v1,
iPhone,"iPhone14,4",15.5,supports-photos-extension-v1,
iPhone,"iPhone14,4",15.5,supports-photos-extension-v2,
iPhone,"iPhone14,4",15.5,supports-screen-time-v2,
iPhone,"iPhone14,4",15.5,supports-live-delivery,
iPhone,"iPhone14,4",15.5,supports-audio-messaging-v2,
iPhone,"iPhone14,4",15.5,supports-animoji-v2,
iPhone,"iPhone14,4",15.5,supports-certified-delivery-v1,
iPhone,"iPhone14,4",15.5,supports-original-timestamp-v1,
iPhone,"iPhone14,4",15.5,supports-incoming-fmd-v1,
iPhone,"iPhone14,4",15.5,optionally-receive-typing-indicators,
iPhone,"iPhone14,4",15.5,nicknames-version,
iPhone,"iPhone14,4",15.5,kt-version,4.0
iPhone,"iPhone14,4",15.5,device-key-signature,
iPhone,"iPhone14,4",15.5,ec-version,1.0
iPhone,"iPhone14,4",15.5,supports-protobuf-payload-data-v2,
iPhone,"iPhone14,4",15.5,supports-heif,True
iPhone,"iPhone14,4",15.5,supports-hdr,
iPhone,"iPhone14,4",15.5,prefers-sdr,
iPhone,"iPhone14,4",15.5,supports-modern-gft,
iPhone,"iPhone14,4",15.5,supports-co,
iPhone,"iPhone14,4",15.5,is-green-tea,
iPhone,"iPhone14,4",15.5,supports-sa-v1,
iPhone,"iPhone14,4",15.5,supports-dq-nr,
iPhone,"iPhone14,4",15.5,supports-st-er,
iPhone,"iPhone14,4",15.5,supports-key-sharing,
iPhone,"iPhone14,4",15.5,supports-harmony,
iPhone,"iPhone14,4",15.5,supports-activity-sharing-v1,True
iPhone,"iPhone14,4",15.5,supports-manatee-for-apple-cash,
iPhone,"iPhone14,4",15.5,supports-region-for-apple-cash,
iPhone,"iPhone14,4",15.5,supports-fmd-v2,
iPhone,"iPhone14,4",15.5,supports-fm-fence-v1,True
iPhone,"iPhone14,4",15.5,supports-secure-loc-v1,
iPhone,"iPhone14,4",15.5,supports-uwb,True
iPhone,"iPhone14,4",15.5,supports-gft-errors,
iPhone,"iPhone14,4",15.5,supports-gft-calls,
iPhone,"iPhone14,4",15.5,supports-hk-resident,
iPhone,"iPhone14,4",15.5,supports-maps-routing-path-leg,
iPhone,"iPhone14,4",15.5,supports-beacon-sharing-v2,
iPhone,"iPhone14,4",15.5,is-web-client,
iPhone,"iPhone14,4",15.5,supports-beneficiary-invites,
iPhone,"iPhone12,3",26.3,show-peer-errors,
iPhone,"iPhone12,5",26.3,show-peer-errors,
iPhone,"iPhone12,3",26.3,is-c2k-equipment,
iPhone,"iPhone12,5",26.3,is-c2k-equipment,
iPhone,"iPhone12,3",26.3,supports-inline-attachments,
iPhone,"iPhone12,5",26.3,supports-inline-attachments,
iPhone,"iPhone12,3",26.3,supports-keep-receipts,
iPhone,"iPhone12,5",26.3,supports-keep-receipts,
iPhone,"iPhone12,3",26.3,supports-location-sharing,
iPhone,"iPhone12,5",26.3,supports-location-sharing,
iPhone,"iPhone12,3",26.3,supports-media-v2,
iPhone,"iPhone12,5",26.3,supports-media-v2,
iPhone,"iPhone12,3",26.3,supports-st-v1,
iPhone,"iPhone12,5",26.3,supports-st-v1,
iPhone,"iPhone12,3",26.3,supports-ca-v1,
iPhone,"iPhone12,5",26.3,supports-ca-v1,
iPhone,"iPhone12,3",26.3,supports-be-v1,
iPhone,"iPhone12,5",26.3,supports-be-v1,
iPhone,"iPhone12,3",26.3,supports-ack-v1,
iPhone,"iPhone12,5",26.3,supports-ack-v1,
iPhone,"iPhone12,3",26.3,supports-fsm-v1,
iPhone,"iPhone12,5",26.3,supports-fsm-v1,
iPhone,"iPhone12,3",26.3,supports-fsm-v2,
iPhone,"iPhone12,5",26.3,supports-fsm-v2,
iPhone,"iPhone12,3",26.3,supports-fsm-v3,
iPhone,"iPhone12,5",26.3,supports-fsm-v3,
iPhone,"iPhone12,3",26.3,supports-ii-v1,
iPhone,"iPhone12,5",26.3,supports-ii-v1,
iPhone,"iPhone12,3",26.3,supports-impact-v1,
iPhone,"iPhone12,5",26.3,supports-impact-v1,
iPhone,"iPhone12,3",26.3,supports-update-attachments-v1,
iPhone,"iPhone12,5",26.3,supports-update-attachments-v1,
iPhone,"iPhone12,3",26.3,supports-autoloopvideo-v1,
iPhone,"iPhone12,5",26.3,supports-autoloopvideo-v1,
iPhone,"iPhone12,3",26.3,supports-photos-extension-v1,
iPhone,"iPhone12,5",26.3,supports-photos-extension-v1,
iPhone,"iPhone12,3",26.3,supports-photos-extension-v2,
iPhone,"iPhone12,5",26.3,supports-photos-extension-v2,
iPhone,"iPhone12,3",26.3,supports-screen-time-v2,
iPhone,"iPhone12,5",26.3,supports-screen-time-v2,
iPhone,"iPhone12,3",26.3,supports-live-delivery,
iPhone,"iPhone12,5",26.3,supports-live-delivery,
iPhone,"iPhone12,3",26.3,supports-audio-messaging-v2,
iPhone,"iPhone12,5",26.3,supports-audio-messaging-v2,
iPhone,"iPhone12,3",26.3,supports-animoji-v2,
iPhone,"iPhone12,5",26.3,supports-animoji-v2,
iPhone,"iPhone12,3",26.3,supports-certified-delivery-v1,
iPhone,"iPhone12,5",26.3,supports-certified-delivery-v1,
iPhone,"iPhone12,3",26.3,supports-original-timestamp-v1,
iPhone,"iPhone12,5",26.3,supports-original-timestamp-v1,
iPhone,"iPhone12,3",26.3,supports-incoming-fmd-v1,
iPhone,"iPhone12,5",26.3,supports-incoming-fmd-v1,
iPhone,"iPhone12,3",26.3,optionally-receive-typing-indicators,
iPhone,"iPhone12,5",26.3,optionally-receive-typing-indicators,
iPhone,"iPhone12,3",26.3,nicknames-version,
iPhone,"iPhone12,5",26.3,nicknames-version,
iPhone,"iPhone12,3",26.3,kt-version,5.0
iPhone,"iPhone12,5",26.3,kt-version,5.0
iPhone,"iPhone12,3",26.3,device-key-signature,
iPhone,"iPhone12,5",26.3,device-key-signature,
iPhone,"iPhone12,3",26.3,ec-version,1.0
iPhone,"iPhone12,5",26.3,ec-version,1.0
iPhone,"iPhone12,3",26.3,supports-protobuf-payload-data-v2,
iPhone,"iPhone12,5",26.3,supports-protobuf-payload-data-v2,
iPhone,"iPhone12,3",26.3,supports-heif,True
iPhone,"iPhone12,5",26.3,supports-heif,True
iPhone,"iPhone12,3",26.3,supports-hdr,
iPhone,"iPhone12,5",26.3,supports-hdr,
iPhone,"iPhone12,3",26.3,prefers-sdr,
iPhone,"iPhone12,5",26.3,prefers-sdr,
iPhone,"iPhone12,3",26.3,supports-qta,
iPhone,"iPhone12,5",26.3,supports-qta,
iPhone,"iPhone12,3",26.3,supports-modern-gft,
iPhone,"iPhone12,5",26.3,supports-modern-gft,
iPhone,"iPhone12,3",26.3,supports-co,
iPhone,"iPhone12,5",26.3,supports-co,
iPhone,"iPhone12,3",26.3,is-green-tea,
iPhone,"iPhone12,5",26.3,is-green-tea,
iPhone,"iPhone12,3",26.3,supports-sa-v1,
iPhone,"iPhone12,5",26.3,supports-sa-v1,
iPhone,"iPhone12,3",26.3,supports-dq-nr,
iPhone,"iPhone12,5",26.3,supports-dq-nr,
iPhone,"iPhone12,3",26.3,supports-rem,
iPhone,"iPhone12,5",26.3,supports-rem,
iPhone,"iPhone12,3",26.3,supports-shared-exp,
iPhone,"iPhone12,5",26.3,supports-shared-exp,
iPhone,"iPhone12,3",26.3,supports-st-er,
iPhone,"iPhone12,5",26.3,supports-st-er,
iPhone,"iPhone12,3",26.3,supports-family-invite-message-bubble,
iPhone,"iPhone12,5",26.3,supports-family-invite-message-bubble,
iPhone,"iPhone12,3",26.3,supports-maps-protocol-v5,
iPhone,"iPhone12,5",26.3,supports-maps-protocol-v5,
iPhone,"iPhone12,3",26.3,supports-hi-res-vid,
iPhone,"iPhone12,5",26.3,supports-hi-res-vid,
iPhone,"iPhone12,3",26.3,supports-live-translation,
iPhone,"iPhone12,5",26.3,supports-live-translation,
iPhone,"iPhone12,3",26.3,supports-mirage,
iPhone,"iPhone12,5",26.3,supports-mirage,
iPhone,"iPhone12,3",26.3,supports-nearby-facetime,
iPhone,"iPhone12,5",26.3,supports-nearby-facetime,
iPhone,"iPhone12,3",26.3,supports-emoji-stickers,
iPhone,"iPhone12,5",26.3,supports-emoji-stickers,
iPhone,"iPhone12,3",26.3,supports-sticker-editing,
iPhone,"iPhone12,5",26.3,supports-sticker-editing,
iPhone,"iPhone12,3",26.3,supports-transcript-backgrounds,
iPhone,"iPhone12,5",26.3,supports-transcript-backgrounds,
iPhone,"iPhone12,3",26.3,supports-polls,
iPhone,"iPhone12,5",26.3,supports-polls,
iPhone,"iPhone12,3",26.3,supports-lqm-hq,
iPhone,"iPhone12,5",26.3,supports-lqm-hq,
iPhone,"iPhone12,3",26.3,supports-group-apple-cash,
iPhone,"iPhone12,5",26.3,supports-group-apple-cash,
iPhone,"iPhone12,3",26.3,supports-ckv-enforcement,
iPhone,"iPhone12,5",26.3,supports-ckv-enforcement,
iPhone,"iPhone12,3",26.3,supports-gti,
iPhone,"iPhone12,5",26.3,supports-gti,
iPhone,"iPhone12,3",26.3,supports-aot,
iPhone,"iPhone12,5",26.3,supports-aot,
iPhone,"iPhone12,3",26.3,supports-key-sharing,
iPhone,"iPhone12,5",26.3,supports-key-sharing,
iPhone,"iPhone12,3",26.3,supports-harmony,
iPhone,"iPhone12,5",26.3,supports-harmony,
iPhone,"iPhone12,3",26.3,supports-activity-sharing-v1,True
iPhone,"iPhone12,5",26.3,supports-activity-sharing-v1,True
iPhone,"iPhone12,3",26.3,supports-manatee-for-apple-cash,
iPhone,"iPhone12,5",26.3,supports-manatee-for-apple-cash,
iPhone,"iPhone12,3",26.3,supports-region-for-apple-cash,
iPhone,"iPhone12,5",26.3,supports-region-for-apple-cash,
iPhone,"iPhone12,3",26.3,supports-fmd-v2,True
iPhone,"iPhone12,5",26.3,supports-fmd-v2,True
iPhone,"iPhone12,3",26.3,supports-fm-fence-v1,True
iPhone,"iPhone12,5",26.3,supports-fm-fence-v1,True
iPhone,"iPhone12,3",26.3,supports-secure-loc-v1,
iPhone,"iPhone12,5",26.3,supports-secure-loc-v1,
iPhone,"iPhone12,3",26.3,supports-zelkova,True
iPhone,"iPhone12,5",26.3,supports-zelkova,True
iPhone,"iPhone12,3",26.3,supports-people-ranging-v1,
iPhone,"iPhone12,5",26.3,supports-people-ranging-v1,
iPhone,"iPhone12,3",26.3,supports-beacon-sharing-v3,
iPhone,"iPhone12,5",26.3,supports-beacon-sharing-v3,
iPhone,"iPhone12,3",26.3,supports-manatee-activity-sharing,
iPhone,"iPhone12,5",26.3,supports-manatee-activity-sharing,
iPhone,"iPhone12,3",26.3,supports-queue-one-read-receipts-v3,
iPhone,"iPhone12,5",26.3,supports-queue-one-read-receipts-v3,
iPhone,"iPhone12,3",26.3,supports-uwb,True
iPhone,"iPhone12,5",26.3,supports-uwb,True
iPhone,"iPhone12,3",26.3,supports-gft-errors,
iPhone,"iPhone12,5",26.3,supports-gft-errors,
iPhone,"iPhone12,3",26.3,supports-gft-calls,
iPhone,"iPhone12,5",26.3,supports-gft-calls,
iPhone,"iPhone12,3",26.3,supports-hk-resident,
iPhone,"iPhone12,5",26.3,supports-hk-resident,
iPhone,"iPhone12,3",26.3,supports-maps-routing-path-leg,
iPhone,"iPhone12,5",26.3,supports-maps-routing-path-leg,
iPhone,"iPhone12,3",26.3,supports-maps-wgs84-elevation-model,
iPhone,"iPhone12,5",26.3,supports-maps-wgs84-elevation-model,
iPhone,"iPhone12,3",26.3,supports-beacon-sharing-v2,
iPhone,"iPhone12,5",26.3,supports-beacon-sharing-v2,
iPhone,"iPhone12,3",26.3,is-web-client,
iPhone,"iPhone12,5",26.3,is-web-client,
iPhone,"iPhone12,3",26.3,supports-beneficiary-invites,
iPhone,"iPhone12,5",26.3,supports-beneficiary-invites,
iPhone,"iPhone12,3",26.3,supports-people-request-messages,
iPhone,"iPhone12,5",26.3,supports-people-request-messages,
iPhone,"iPhone12,3",26.3,supports-avless,
iPhone,"iPhone12,5",26.3,supports-avless,
iPhone,"iPhone12,3",26.3,supports-maps-waypoint-route-sharing,
iPhone,"iPhone12,5",26.3,supports-maps-waypoint-route-sharing,
iPhone,"iPhone12,3",26.3,supports-cross-platform-sharing,
iPhone,"iPhone12,5",26.3,supports-cross-platform-sharing,
iPhone,"iPhone12,3",26.3,supports-self-one-to-one-invites,
iPhone,"iPhone12,5",26.3,supports-self-one-to-one-invites,
iPhone,"iPhone12,3",26.3,supports-people-request-messages-v2,
iPhone,"iPhone12,5",26.3,supports-people-request-messages-v2,
iPhone,"iPhone12,3",26.3,supports-askto,
iPhone,"iPhone12,5",26.3,supports-askto,
iPhone,"iPhone12,3",26.3,supports-askto-v2,
iPhone,"iPhone12,5",26.3,supports-askto-v2,
iPhone,"iPhone12,3",26.3,supports-askto-responseUI,
iPhone,"iPhone12,5",26.3,supports-askto-responseUI,
iPhone,"iPhone12,3",26.3,supports-significant-app-update,
iPhone,"iPhone12,5",26.3,supports-significant-app-update,
iPhone,"iPhone12,3",26.3,supports-hybrid-groups-v1,
iPhone,"iPhone12,5",26.3,supports-hybrid-groups-v1,
iPhone,"iPhone12,3",26.3,supports-findmy-plugin-messages,
iPhone,"iPhone12,5",26.3,supports-findmy-plugin-messages,
iPhone,"iPhone12,3",26.3,supports-sos-alerting,True
iPhone,"iPhone12,5",26.3,supports-sos-alerting,True
iPhone,"iPhone12,3",26.3,supports-people-request-messages-v3,
iPhone,"iPhone12,5",26.3,supports-people-request-messages-v3,
iPhone,"iPhone12,3",26.3,supports-recurring-payment-bubbles,
iPhone,"iPhone12,5",26.3,supports-recurring-payment-bubbles,
iPhone,"iPhone12,3",26.3,supports-gft-relay,
iPhone,"iPhone12,5",26.3,supports-gft-relay,
iPhone,"iPhone12,3",26.3,supports-group-photo-refresh-version,
iPhone,"iPhone12,5",26.3,supports-group-photo-refresh-version,
iPhone,"iPhone12,3",26.3,supports-ssrc,
iPhone,"iPhone12,5",26.3,supports-ssrc,
iPhone,"iPhone12,3",26.3,supports-emoji-tapbacks,
iPhone,"iPhone12,5",26.3,supports-emoji-tapbacks,
iPhone,"iPhone12,3",26.3,supports-send-later-messages,
iPhone,"iPhone12,5",26.3,supports-send-later-messages,
iPhone,"iPhone12,3",26.3,supports-restricted-guest,
iPhone,"iPhone12,5",26.3,supports-restricted-guest,
iPhone,"iPhone12,3",26.3,supports-adaptive-temperature-automations,
iPhone,"iPhone12,5",26.3,supports-adaptive-temperature-automations,
iPhone,"iPhone12,3",26.3,supports-emoji-images,
iPhone,"iPhone12,5",26.3,supports-emoji-images,
iPhone,"iPhone12,3",26.3,supports-stick-moji-backs,
iPhone,"iPhone12,5",26.3,supports-stick-moji-backs,
iPhone,"iPhone12,3",26.3,supports-high-quality-photo-file-sizes,
iPhone,"iPhone12,5",26.3,supports-high-quality-photo-file-sizes,
iPhone,"iPhone12,3",26.3,supports-stewie,False
iPhone,"iPhone12,5",26.3,supports-stewie,False
iPhone,"iPhone12,3",26.3,sender-key-message-version,
iPhone,"iPhone12,5",26.3,sender-key-message-version,
iPhone,"iPhone12,3",26.3,supports-remote-atv-signin,
iPhone,"iPhone12,5",26.3,supports-remote-atv-signin,
iPhone,"iPhone12,3",26.3,supports-sender-key-v1,
iPhone,"iPhone12,5",26.3,supports-sender-key-v1,
iPhone,"iPhone12,3",26.3,supports-uriless-membership-updates,
iPhone,"iPhone12,5",26.3,supports-uriless-membership-updates,
iPhone,"iPhone12,3",26.3,supports-sender-key-self-check,
iPhone,"iPhone12,5",26.3,supports-sender-key-self-check,
iPhone,"iPhone12,3",26.3,supports-recovery-contact-upsell,
iPhone,"iPhone12,5",26.3,supports-recovery-contact-upsell,
iPhone,"iPhone12,3",26.3,supports-user-driven-call-activation,
iPhone,"iPhone12,5",26.3,supports-user-driven-call-activation,
iPhone,"iPhone12,3",26.3,supports-legacy-contact-invites-v1,
iPhone,"iPhone12,5",26.3,supports-legacy-contact-invites-v1,
iPhone,"iPhone12,3",26.3,supports-legacy-contact-invites-v2,
iPhone,"iPhone12,5",26.3,supports-legacy-contact-invites-v2,
iPhone,"iPhone12,3",26.3,supports-legacy-contact-invites-v3,
iPhone,"iPhone12,5",26.3,supports-legacy-contact-invites-v3,
iPhone,"iPhone12,3",26.3,supports-calls-25,
iPhone,"iPhone12,5",26.3,supports-calls-25,
iPhone,"iPhone12,3",26.3,supports-introductions-v1,
iPhone,"iPhone12,5",26.3,supports-introductions-v1,
iPhone,"iPhone12,3",26.3,supports-rbm-chatbot,
iPhone,"iPhone12,5",26.3,supports-rbm-chatbot,
iPhone,"iPhone14,4",15.6,show-peer-errors,
iPhone,"iPhone14,4",15.6,is-c2k-equipment,
iPhone,"iPhone14,4",15.6,supports-inline-attachments,
iPhone,"iPhone14,4",15.6,supports-keep-receipts,
iPhone,"iPhone14,4",15.6,supports-location-sharing,
iPhone,"iPhone14,4",15.6,supports-media-v2,
iPhone,"iPhone14,4",15.6,supports-st-v1,
iPhone,"iPhone14,4",15.6,supports-ca-v1,
iPhone,"iPhone14,4",15.6,supports-be-v1,
iPhone,"iPhone14,4",15.6,supports-ack-v1,
iPhone,"iPhone14,4",15.6,supports-fsm-v1,
iPhone,"iPhone14,4",15.6,supports-fsm-v2,
iPhone,"iPhone14,4",15.6,supports-fsm-v3,
iPhone,"iPhone14,4",15.6,supports-ii-v1,
iPhone,"iPhone14,4",15.6,supports-impact-v1,
iPhone,"iPhone14,4",15.6,supports-update-attachments-v1,
iPhone,"iPhone14,4",15.6,supports-autoloopvideo-v1,
iPhone,"iPhone14,4",15.6,supports-photos-extension-v1,
iPhone,"iPhone14,4",15.6,supports-photos-extension-v2,
iPhone,"iPhone14,4",15.6,supports-screen-time-v2,
iPhone,"iPhone14,4",15.6,supports-live-delivery,
iPhone,"iPhone14,4",15.6,supports-audio-messaging-v2,
iPhone,"iPhone14,4",15.6,supports-animoji-v2,
iPhone,"iPhone14,4",15.6,supports-certified-delivery-v1,
iPhone,"iPhone14,4",15.6,supports-original-timestamp-v1,
iPhone,"iPhone14,4",15.6,supports-incoming-fmd-v1,
iPhone,"iPhone14,4",15.6,optionally-receive-typing-indicators,
iPhone,"iPhone14,4",15.6,nicknames-version,
iPhone,"iPhone14,4",15.6,kt-version,4.0
iPhone,"iPhone14,4",15.6,device-key-signature,
iPhone,"iPhone14,4",15.6,ec-version,1.0
iPhone,"iPhone14,4",15.6,supports-protobuf-payload-data-v2,
iPhone,"iPhone14,4",15.6,supports-heif,True
iPhone,"iPhone14,4",15.6,supports-hdr,
iPhone,"iPhone14,4",15.6,prefers-sdr,
iPhone,"iPhone14,4",15.6,supports-modern-gft,
iPhone,"iPhone14,4",15.6,supports-co,
iPhone,"iPhone14,4",15.6,is-green-tea,
iPhone,"iPhone14,4",15.6,supports-sa-v1,
iPhone,"iPhone14,4",15.6,supports-dq-nr,
iPhone,"iPhone14,4",15.6,supports-st-er,
iPhone,"iPhone14,4",15.6,supports-key-sharing,
iPhone,"iPhone14,4",15.6,supports-harmony,
iPhone,"iPhone14,4",15.6,supports-activity-sharing-v1,True
iPhone,"iPhone14,4",15.6,supports-manatee-for-apple-cash,
iPhone,"iPhone14,4",15.6,supports-region-for-apple-cash,
iPhone,"iPhone14,4",15.6,supports-fmd-v2,
iPhone,"iPhone14,4",15.6,supports-fm-fence-v1,True
iPhone,"iPhone14,4",15.6,supports-secure-loc-v1,
iPhone,"iPhone14,4",15.6,supports-uwb,True
iPhone,"iPhone14,4",15.6,supports-gft-errors,
iPhone,"iPhone14,4",15.6,supports-gft-calls,
iPhone,"iPhone14,4",15.6,supports-hk-resident,
iPhone,"iPhone14,4",15.6,supports-maps-routing-path-leg,
iPhone,"iPhone14,4",15.6,supports-beacon-sharing-v2,
iPhone,"iPhone14,4",15.6,is-web-client,
iPhone,"iPhone14,4",15.6,supports-beneficiary-invites,
iPad,iPad_Spring_2019,26.3,show-peer-errors,
iPad,iPad_Spring_2019,26.3,is-c2k-equipment,
iPad,iPad_Spring_2019,26.3,supports-inline-attachments,
iPad,iPad_Spring_2019,26.3,supports-keep-receipts,
iPad,iPad_Spring_2019,26.3,supports-location-sharing,
iPad,iPad_Spring_2019,26.3,supports-media-v2,
iPad,iPad_Spring_2019,26.3,supports-st-v1,
iPad,iPad_Spring_2019,26.3,supports-ca-v1,
iPad,iPad_Spring_2019,26.3,supports-be-v1,
iPad,iPad_Spring_2019,26.3,supports-ack-v1,
iPad,iPad_Spring_2019,26.3,supports-fsm-v1,
iPad,iPad_Spring_2019,26.3,supports-fsm-v2,
iPad,iPad_Spring_2019,26.3,supports-fsm-v3,
iPad,iPad_Spring_2019,26.3,supports-ii-v1,
iPad,iPad_Spring_2019,26.3,supports-impact-v1,
iPad,iPad_Spring_2019,26.3,supports-update-attachments-v1,
iPad,iPad_Spring_2019,26.3,supports-autoloopvideo-v1,
iPad,iPad_Spring_2019,26.3,supports-photos-extension-v1,
iPad,iPad_Spring_2019,26.3,supports-photos-extension-v2,
iPad,iPad_Spring_2019,26.3,supports-screen-time-v2,
iPad,iPad_Spring_2019,26.3,supports-live-delivery,
iPad,iPad_Spring_2019,26.3,supports-audio-messaging-v2,
iPad,iPad_Spring_2019,26.3,supports-animoji-v2,
iPad,iPad_Spring_2019,26.3,supports-certified-delivery-v1,
iPad,iPad_Spring_2019,26.3,supports-original-timestamp-v1,
iPad,iPad_Spring_2019,26.3,supports-incoming-fmd-v1,
iPad,iPad_Spring_2019,26.3,optionally-receive-typing-indicators,
iPad,iPad_Spring_2019,26.3,nicknames-version,
iPad,iPad_Spring_2019,26.3,kt-version,5.0
iPad,iPad_Spring_2019,26.3,device-key-signature,
iPad,iPad_Spring_2019,26.3,ec-version,1.0
iPad,iPad_Spring_2019,26.3,supports-protobuf-payload-data-v2,
iPad,iPad_Spring_2019,26.3,supports-heif,True
iPad,iPad_Spring_2019,26.3,supports-hdr,
iPad,iPad_Spring_2019,26.3,prefers-sdr,
iPad,iPad_Spring_2019,26.3,supports-qta,
iPad,iPad_Spring_2019,26.3,supports-modern-gft,
iPad,iPad_Spring_2019,26.3,supports-co,
iPad,iPad_Spring_2019,26.3,is-green-tea,
iPad,iPad_Spring_2019,26.3,supports-sa-v1,
iPad,iPad_Spring_2019,26.3,supports-dq-nr,
iPad,iPad_Spring_2019,26.3,supports-rem,
iPad,iPad_Spring_2019,26.3,supports-shared-exp,
iPad,iPad_Spring_2019,26.3,supports-st-er,
iPad,iPad_Spring_2019,26.3,supports-family-invite-message-bubble,
iPad,iPad_Spring_2019,26.3,supports-maps-protocol-v5,
iPad,iPad_Spring_2019,26.3,supports-hi-res-vid,
iPad,iPad_Spring_2019,26.3,supports-live-translation,
iPad,iPad_Spring_2019,26.3,supports-mirage,
iPad,iPad_Spring_2019,26.3,supports-nearby-facetime,
iPad,iPad_Spring_2019,26.3,supports-emoji-stickers,
iPad,iPad_Spring_2019,26.3,supports-sticker-editing,
iPad,iPad_Spring_2019,26.3,supports-transcript-backgrounds,
iPad,iPad_Spring_2019,26.3,supports-polls,
iPad,iPad_Spring_2019,26.3,supports-lqm-hq,
iPad,iPad_Spring_2019,26.3,supports-group-apple-cash,
iPad,iPad_Spring_2019,26.3,supports-ckv-enforcement,
iPad,iPad_Spring_2019,26.3,supports-gti,
iPad,iPad_Spring_2019,26.3,supports-aot,
iPad,iPad_Spring_2019,26.3,supports-key-sharing,
iPad,iPad_Spring_2019,26.3,supports-harmony,
iPad,iPad_Spring_2019,26.3,supports-activity-sharing-v1,
iPad,iPad_Spring_2019,26.3,supports-manatee-for-apple-cash,
iPad,iPad_Spring_2019,26.3,supports-region-for-apple-cash,
iPad,iPad_Spring_2019,26.3,supports-fmd-v2,True
iPad,iPad_Spring_2019,26.3,supports-fm-fence-v1,True
iPad,iPad_Spring_2019,26.3,supports-secure-loc-v1,
iPad,iPad_Spring_2019,26.3,supports-zelkova,True
iPad,iPad_Spring_2019,26.3,supports-people-ranging-v1,
iPad,iPad_Spring_2019,26.3,supports-beacon-sharing-v3,
iPad,iPad_Spring_2019,26.3,supports-manatee-activity-sharing,
iPad,iPad_Spring_2019,26.3,supports-queue-one-read-receipts-v3,
iPad,iPad_Spring_2019,26.3,supports-uwb,False
iPad,iPad_Spring_2019,26.3,supports-gft-errors,
iPad,iPad_Spring_2019,26.3,supports-gft-calls,
iPad,iPad_Spring_2019,26.3,supports-hk-resident,
iPad,iPad_Spring_2019,26.3,supports-maps-routing-path-leg,
iPad,iPad_Spring_2019,26.3,supports-maps-wgs84-elevation-model,
iPad,iPad_Spring_2019,26.3,supports-beacon-sharing-v2,
iPad,iPad_Spring_2019,26.3,is-web-client,
iPad,iPad_Spring_2019,26.3,supports-beneficiary-invites,
iPad,iPad_Spring_2019,26.3,supports-people-request-messages,
iPad,iPad_Spring_2019,26.3,supports-avless,
iPad,iPad_Spring_2019,26.3,supports-maps-waypoint-route-sharing,
iPad,iPad_Spring_2019,26.3,supports-cross-platform-sharing,
iPad,iPad_Spring_2019,26.3,supports-self-one-to-one-invites,
iPad,iPad_Spring_2019,26.3,supports-people-request-messages-v2,
iPad,iPad_Spring_2019,26.3,supports-askto,
iPad,iPad_Spring_2019,26.3,supports-askto-v2,
iPad,iPad_Spring_2019,26.3,supports-askto-responseUI,
iPad,iPad_Spring_2019,26.3,supports-significant-app-update,
iPad,iPad_Spring_2019,26.3,supports-hybrid-groups-v1,
iPad,iPad_Spring_2019,26.3,supports-findmy-plugin-messages,
iPad,iPad_Spring_2019,26.3,supports-sos-alerting,
iPad,iPad_Spring_2019,26.3,supports-people-request-messages-v3,
iPad,iPad_Spring_2019,26.3,supports-recurring-payment-bubbles,
iPad,iPad_Spring_2019,26.3,supports-gft-relay,
iPad,iPad_Spring_2019,26.3,supports-group-photo-refresh-version,
iPad,iPad_Spring_2019,26.3,supports-ssrc,
iPad,iPad_Spring_2019,26.3,supports-emoji-tapbacks,
iPad,iPad_Spring_2019,26.3,supports-send-later-messages,
iPad,iPad_Spring_2019,26.3,supports-restricted-guest,
iPad,iPad_Spring_2019,26.3,supports-adaptive-temperature-automations,
iPad,iPad_Spring_2019,26.3,supports-emoji-images,
iPad,iPad_Spring_2019,26.3,supports-stick-moji-backs,
iPad,iPad_Spring_2019,26.3,supports-high-quality-photo-file-sizes,
iPad,iPad_Spring_2019,26.3,supports-stewie,False
iPad,iPad_Spring_2019,26.3,sender-key-message-version,
iPad,iPad_Spring_2019,26.3,supports-remote-atv-signin,
iPad,iPad_Spring_2019,26.3,supports-sender-key-v1,
iPad,iPad_Spring_2019,26.3,supports-uriless-membership-updates,
iPad,iPad_Spring_2019,26.3,supports-sender-key-self-check,
iPad,iPad_Spring_2019,26.3,supports-recovery-contact-upsell,
iPad,iPad_Spring_2019,26.3,supports-user-driven-call-activation,
iPad,iPad_Spring_2019,26.3,supports-legacy-contact-invites-v1,
iPad,iPad_Spring_2019,26.3,supports-legacy-contact-invites-v2,
iPad,iPad_Spring_2019,26.3,supports-legacy-contact-invites-v3,
iPad,iPad_Spring_2019,26.3,supports-calls-25,
iPad,iPad_Spring_2019,26.3,supports-introductions-v1,
iPad,iPad_Spring_2019,26.3,supports-rbm-chatbot,
iPhone,"iPhone16,2",26.3,show-peer-errors,
iPhone,"iPhone16,2",26.3,is-c2k-equipment,
iPhone,"iPhone16,2",26.3,supports-inline-attachments,
iPhone,"iPhone16,2",26.3,supports-keep-receipts,
iPhone,"iPhone16,2",26.3,supports-location-sharing,
iPhone,"iPhone16,2",26.3,supports-media-v2,
iPhone,"iPhone16,2",26.3,supports-st-v1,
iPhone,"iPhone16,2",26.3,supports-ca-v1,
iPhone,"iPhone16,2",26.3,supports-be-v1,
iPhone,"iPhone16,2",26.3,supports-ack-v1,
iPhone,"iPhone16,2",26.3,supports-fsm-v1,
iPhone,"iPhone16,2",26.3,supports-fsm-v2,
iPhone,"iPhone16,2",26.3,supports-fsm-v3,
iPhone,"iPhone16,2",26.3,supports-ii-v1,
iPhone,"iPhone16,2",26.3,supports-impact-v1,
iPhone,"iPhone16,2",26.3,supports-update-attachments-v1,
iPhone,"iPhone16,2",26.3,supports-autoloopvideo-v1,
iPhone,"iPhone16,2",26.3,supports-photos-extension-v1,
iPhone,"iPhone16,2",26.3,supports-photos-extension-v2,
iPhone,"iPhone16,2",26.3,supports-screen-time-v2,
iPhone,"iPhone16,2",26.3,supports-live-delivery,
iPhone,"iPhone16,2",26.3,supports-audio-messaging-v2,
iPhone,"iPhone16,2",26.3,supports-animoji-v2,
iPhone,"iPhone16,2",26.3,supports-certified-delivery-v1,
iPhone,"iPhone16,2",26.3,supports-original-timestamp-v1,
iPhone,"iPhone16,2",26.3,supports-incoming-fmd-v1,
iPhone,"iPhone16,2",26.3,optionally-receive-typing-indicators,
iPhone,"iPhone16,2",26.3,nicknames-version,
iPhone,"iPhone16,2",26.3,kt-version,5.0
iPhone,"iPhone16,2",26.3,device-key-signature,
iPhone,"iPhone16,2",26.3,ec-version,1.0
iPhone,"iPhone16,2",26.3,supports-protobuf-payload-data-v2,
iPhone,"iPhone16,2",26.3,supports-heif,True
iPhone,"iPhone16,2",26.3,supports-hdr,
iPhone,"iPhone16,2",26.3,prefers-sdr,
iPhone,"iPhone16,2",26.3,supports-qta,
iPhone,"iPhone16,2",26.3,supports-modern-gft,
iPhone,"iPhone16,2",26.3,supports-co,
iPhone,"iPhone16,2",26.3,is-green-tea,
iPhone,"iPhone16,2",26.3,supports-sa-v1,
iPhone,"iPhone16,2",26.3,supports-dq-nr,
iPhone,"iPhone16,2",26.3,supports-rem,
iPhone,"iPhone16,2",26.3,supports-shared-exp,
iPhone,"iPhone16,2",26.3,supports-st-er,
iPhone,"iPhone16,2",26.3,supports-family-invite-message-bubble,
iPhone,"iPhone16,2",26.3,supports-maps-protocol-v5,
iPhone,"iPhone16,2",26.3,supports-hi-res-vid,
iPhone,"iPhone16,2",26.3,supports-live-translation,
iPhone,"iPhone16,2",26.3,supports-mirage,
iPhone,"iPhone16,2",26.3,supports-nearby-facetime,
iPhone,"iPhone16,2",26.3,supports-emoji-stickers,
iPhone,"iPhone16,2",26.3,supports-sticker-editing,
iPhone,"iPhone16,2",26.3,supports-transcript-backgrounds,
iPhone,"iPhone16,2",26.3,supports-polls,
iPhone,"iPhone16,2",26.3,supports-lqm-hq,
iPhone,"iPhone16,2",26.3,supports-group-apple-cash,
iPhone,"iPhone16,2",26.3,supports-ckv-enforcement,
iPhone,"iPhone16,2",26.3,supports-gti,
iPhone,"iPhone16,2",26.3,supports-aot,
iPhone,"iPhone16,2",26.3,supports-key-sharing,
iPhone,"iPhone16,2",26.3,supports-harmony,
iPhone,"iPhone16,2",26.3,supports-activity-sharing-v1,True
iPhone,"iPhone16,2",26.3,supports-manatee-for-apple-cash,
iPhone,"iPhone16,2",26.3,supports-region-for-apple-cash,
iPhone,"iPhone16,2",26.3,supports-fmd-v2,True
iPhone,"iPhone16,2",26.3,supports-fm-fence-v1,True
iPhone,"iPhone16,2",26.3,supports-secure-loc-v1,
iPhone,"iPhone16,2",26.3,supports-zelkova,True
iPhone,"iPhone16,2",26.3,supports-people-ranging-v1,
iPhone,"iPhone16,2",26.3,supports-beacon-sharing-v3,
iPhone,"iPhone16,2",26.3,supports-manatee-activity-sharing,
iPhone,"iPhone16,2",26.3,supports-queue-one-read-receipts-v3,
iPhone,"iPhone16,2",26.3,supports-uwb,True
iPhone,"iPhone16,2",26.3,supports-gft-errors,
iPhone,"iPhone16,2",26.3,supports-gft-calls,
iPhone,"iPhone16,2",26.3,supports-hk-resident,
iPhone,"iPhone16,2",26.3,supports-maps-routing-path-leg,
iPhone,"iPhone16,2",26.3,supports-maps-wgs84-elevation-model,
iPhone,"iPhone16,2",26.3,supports-beacon-sharing-v2,
iPhone,"iPhone16,2",26.3,is-web-client,
iPhone,"iPhone16,2",26.3,supports-beneficiary-invites,
iPhone,"iPhone16,2",26.3,supports-people-request-messages,
iPhone,"iPhone16,2",26.3,supports-avless,
iPhone,"iPhone16,2",26.3,supports-maps-waypoint-route-sharing,
iPhone,"iPhone16,2",26.3,supports-cross-platform-sharing,
iPhone,"iPhone16,2",26.3,supports-self-one-to-one-invites,
iPhone,"iPhone16,2",26.3,supports-people-request-messages-v2,
iPhone,"iPhone16,2",26.3,supports-askto,
iPhone,"iPhone16,2",26.3,supports-askto-v2,
iPhone,"iPhone16,2",26.3,supports-askto-responseUI,
iPhone,"iPhone16,2",26.3,supports-significant-app-update,
iPhone,"iPhone16,2",26.3,supports-hybrid-groups-v1,
iPhone,"iPhone16,2",26.3,supports-findmy-plugin-messages,
iPhone,"iPhone16,2",26.3,supports-sos-alerting,True
iPhone,"iPhone16,2",26.3,supports-people-request-messages-v3,
iPhone,"iPhone16,2",26.3,supports-recurring-payment-bubbles,
iPhone,"iPhone16,2",26.3,supports-gft-relay,
iPhone,"iPhone16,2",26.3,supports-group-photo-refresh-version,
iPhone,"iPhone16,2",26.3,supports-ssrc,
iPhone,"iPhone16,2",26.3,supports-emoji-tapbacks,
iPhone,"iPhone16,2",26.3,supports-send-later-messages,
iPhone,"iPhone16,2",26.3,supports-restricted-guest,
iPhone,"iPhone16,2",26.3,supports-adaptive-temperature-automations,
iPhone,"iPhone16,2",26.3,supports-emoji-images,
iPhone,"iPhone16,2",26.3,supports-stick-moji-backs,
iPhone,"iPhone16,2",26.3,supports-high-quality-photo-file-sizes,
iPhone,"iPhone16,2",26.3,supports-stewie,True
iPhone,"iPhone16,2",26.3,sender-key-message-version,
iPhone,"iPhone16,2",26.3,supports-remote-atv-signin,
iPhone,"iPhone16,2",26.3,supports-sender-key-v1,
iPhone,"iPhone16,2",26.3,supports-uriless-membership-updates,
iPhone,"iPhone16,2",26.3,supports-sender-key-self-check,
iPhone,"iPhone16,2",26.3,supports-recovery-contact-upsell,
iPhone,"iPhone16,2",26.3,supports-user-driven-call-activation,
iPhone,"iPhone16,2",26.3,supports-legacy-contact-invites-v1,
iPhone,"iPhone16,2",26.3,supports-legacy-contact-invites-v2,
iPhone,"iPhone16,2",26.3,supports-legacy-contact-invites-v3,
iPhone,"iPhone16,2",26.3,supports-calls-25,
iPhone,"iPhone16,2",26.3,supports-introductions-v1,
iPhone,"iPhone16,2",26.3,supports-rbm-chatbot,
iPhone,"iPhone14,3",26.3,show-peer-errors,
iPhone,"iPhone14,3",26.3,is-c2k-equipment,
iPhone,"iPhone14,3",26.3,supports-inline-attachments,
iPhone,"iPhone14,3",26.3,supports-keep-receipts,
iPhone,"iPhone14,3",26.3,supports-location-sharing,
iPhone,"iPhone14,3",26.3,supports-media-v2,
iPhone,"iPhone14,3",26.3,supports-st-v1,
iPhone,"iPhone14,3",26.3,supports-ca-v1,
iPhone,"iPhone14,3",26.3,supports-be-v1,
iPhone,"iPhone14,3",26.3,supports-ack-v1,
iPhone,"iPhone14,3",26.3,supports-fsm-v1,
iPhone,"iPhone14,3",26.3,supports-fsm-v2,
iPhone,"iPhone14,3",26.3,supports-fsm-v3,
iPhone,"iPhone14,3",26.3,supports-ii-v1,
iPhone,"iPhone14,3",26.3,supports-impact-v1,
iPhone,"iPhone14,3",26.3,supports-update-attachments-v1,
iPhone,"iPhone14,3",26.3,supports-autoloopvideo-v1,
iPhone,"iPhone14,3",26.3,supports-photos-extension-v1,
iPhone,"iPhone14,3",26.3,supports-photos-extension-v2,
iPhone,"iPhone14,3",26.3,supports-screen-time-v2,
iPhone,"iPhone14,3",26.3,supports-live-delivery,
iPhone,"iPhone14,3",26.3,supports-audio-messaging-v2,
iPhone,"iPhone14,3",26.3,supports-animoji-v2,
iPhone,"iPhone14,3",26.3,supports-certified-delivery-v1,
iPhone,"iPhone14,3",26.3,supports-original-timestamp-v1,
iPhone,"iPhone14,3",26.3,supports-incoming-fmd-v1,
iPhone,"iPhone14,3",26.3,optionally-receive-typing-indicators,
iPhone,"iPhone14,3",26.3,nicknames-version,
iPhone,"iPhone14,3",26.3,kt-version,5.0
iPhone,"iPhone14,3",26.3,device-key-signature,
iPhone,"iPhone14,3",26.3,ec-version,1.0
iPhone,"iPhone14,3",26.3,supports-protobuf-payload-data-v2,
iPhone,"iPhone14,3",26.3,supports-heif,True
iPhone,"iPhone14,3",26.3,supports-hdr,
iPhone,"iPhone14,3",26.3,prefers-sdr,
iPhone,"iPhone14,3",26.3,supports-qta,
iPhone,"iPhone14,3",26.3,supports-modern-gft,
iPhone,"iPhone14,3",26.3,supports-co,
iPhone,"iPhone14,3",26.3,is-green-tea,
iPhone,"iPhone14,3",26.3,supports-sa-v1,
iPhone,"iPhone14,3",26.3,supports-dq-nr,
iPhone,"iPhone14,3",26.3,supports-rem,
iPhone,"iPhone14,3",26.3,supports-shared-exp,
iPhone,"iPhone14,3",26.3,supports-st-er,
iPhone,"iPhone14,3",26.3,supports-family-invite-message-bubble,
iPhone,"iPhone14,3",26.3,supports-maps-protocol-v5,
iPhone,"iPhone14,3",26.3,supports-hi-res-vid,
iPhone,"iPhone14,3",26.3,supports-live-translation,
iPhone,"iPhone14,3",26.3,supports-mirage,
iPhone,"iPhone14,3",26.3,supports-nearby-facetime,
iPhone,"iPhone14,3",26.3,supports-emoji-stickers,
iPhone,"iPhone14,3",26.3,supports-sticker-editing,
iPhone,"iPhone14,3",26.3,supports-transcript-backgrounds,
iPhone,"iPhone14,3",26.3,supports-polls,
iPhone,"iPhone14,3",26.3,supports-lqm-hq,
iPhone,"iPhone14,3",26.3,supports-group-apple-cash,
iPhone,"iPhone14,3",26.3,supports-ckv-enforcement,
iPhone,"iPhone14,3",26.3,supports-gti,
iPhone,"iPhone14,3",26.3,supports-aot,
iPhone,"iPhone14,3",26.3,supports-key-sharing,
iPhone,"iPhone14,3",26.3,supports-harmony,
iPhone,"iPhone14,3",26.3,supports-activity-sharing-v1,True
iPhone,"iPhone14,3",26.3,supports-manatee-for-apple-cash,
iPhone,"iPhone14,3",26.3,supports-region-for-apple-cash,
iPhone,"iPhone14,3",26.3,supports-fmd-v2,True
iPhone,"iPhone14,3",26.3,supports-fm-fence-v1,True
iPhone,"iPhone14,3",26.3,supports-secure-loc-v1,
iPhone,"iPhone14,3",26.3,supports-zelkova,True
iPhone,"iPhone14,3",26.3,supports-people-ranging-v1,
iPhone,"iPhone14,3",26.3,supports-beacon-sharing-v3,
iPhone,"iPhone14,3",26.3,supports-manatee-activity-sharing,
iPhone,"iPhone14,3",26.3,supports-queue-one-read-receipts-v3,
iPhone,"iPhone14,3",26.3,supports-uwb,True
iPhone,"iPhone14,3",26.3,supports-gft-errors,
iPhone,"iPhone14,3",26.3,supports-gft-calls,
iPhone,"iPhone14,3",26.3,supports-hk-resident,
iPhone,"iPhone14,3",26.3,supports-maps-routing-path-leg,
iPhone,"iPhone14,3",26.3,supports-maps-wgs84-elevation-model,
iPhone,"iPhone14,3",26.3,supports-beacon-sharing-v2,
iPhone,"iPhone14,3",26.3,is-web-client,
iPhone,"iPhone14,3",26.3,supports-beneficiary-invites,
iPhone,"iPhone14,3",26.3,supports-people-request-messages,
iPhone,"iPhone14,3",26.3,supports-avless,
iPhone,"iPhone14,3",26.3,supports-maps-waypoint-route-sharing,
iPhone,"iPhone14,3",26.3,supports-cross-platform-sharing,
iPhone,"iPhone14,3",26.3,supports-self-one-to-one-invites,
iPhone,"iPhone14,3",26.3,supports-people-request-messages-v2,
iPhone,"iPhone14,3",26.3,supports-askto,
iPhone,"iPhone14,3",26.3,supports-askto-v2,
iPhone,"iPhone14,3",26.3,supports-askto-responseUI,
iPhone,"iPhone14,3",26.3,supports-significant-app-update,
iPhone,"iPhone14,3",26.3,supports-hybrid-groups-v1,
iPhone,"iPhone14,3",26.3,supports-findmy-plugin-messages,
iPhone,"iPhone14,3",26.3,supports-sos-alerting,True
iPhone,"iPhone14,3",26.3,supports-people-request-messages-v3,
iPhone,"iPhone14,3",26.3,supports-recurring-payment-bubbles,
iPhone,"iPhone14,3",26.3,supports-gft-relay,
iPhone,"iPhone14,3",26.3,supports-group-photo-refresh-version,
iPhone,"iPhone14,3",26.3,supports-ssrc,
iPhone,"iPhone14,3",26.3,supports-emoji-tapbacks,
iPhone,"iPhone14,3",26.3,supports-send-later-messages,
iPhone,"iPhone14,3",26.3,supports-restricted-guest,
iPhone,"iPhone14,3",26.3,supports-adaptive-temperature-automations,
iPhone,"iPhone14,3",26.3,supports-emoji-images,
iPhone,"iPhone14,3",26.3,supports-stick-moji-backs,
iPhone,"iPhone14,3",26.3,supports-high-quality-photo-file-sizes,
iPhone,"iPhone14,3",26.3,supports-stewie,True
iPhone,"iPhone14,3",26.3,sender-key-message-version,
iPhone,"iPhone14,3",26.3,supports-remote-atv-signin,
iPhone,"iPhone14,3",26.3,supports-sender-key-v1,
iPhone,"iPhone14,3",26.3,supports-uriless-membership-updates,
iPhone,"iPhone14,3",26.3,supports-sender-key-self-check,
iPhone,"iPhone14,3",26.3,supports-recovery-contact-upsell,
iPhone,"iPhone14,3",26.3,supports-user-driven-call-activation,
iPhone,"iPhone14,3",26.3,supports-legacy-contact-invites-v1,
iPhone,"iPhone14,3",26.3,supports-legacy-contact-invites-v2,
iPhone,"iPhone14,3",26.3,supports-legacy-contact-invites-v3,
iPhone,"iPhone14,3",26.3,supports-calls-25,
iPhone,"iPhone14,3",26.3,supports-introductions-v1,
iPhone,"iPhone14,3",26.3,supports-rbm-chatbot,
iPad,iPad_Fall_2020,26.3,show-peer-errors,
iPad,iPad_Fall_2020,26.3,is-c2k-equipment,
iPad,iPad_Fall_2020,26.3,supports-inline-attachments,
iPad,iPad_Fall_2020,26.3,supports-keep-receipts,
iPad,iPad_Fall_2020,26.3,supports-location-sharing,
iPad,iPad_Fall_2020,26.3,supports-media-v2,
iPad,iPad_Fall_2020,26.3,supports-st-v1,
iPad,iPad_Fall_2020,26.3,supports-ca-v1,
iPad,iPad_Fall_2020,26.3,supports-be-v1,
iPad,iPad_Fall_2020,26.3,supports-ack-v1,
iPad,iPad_Fall_2020,26.3,supports-fsm-v1,
iPad,iPad_Fall_2020,26.3,supports-fsm-v2,
iPad,iPad_Fall_2020,26.3,supports-fsm-v3,
iPad,iPad_Fall_2020,26.3,supports-ii-v1,
iPad,iPad_Fall_2020,26.3,supports-impact-v1,
iPad,iPad_Fall_2020,26.3,supports-update-attachments-v1,
iPad,iPad_Fall_2020,26.3,supports-autoloopvideo-v1,
iPad,iPad_Fall_2020,26.3,supports-photos-extension-v1,
iPad,iPad_Fall_2020,26.3,supports-photos-extension-v2,
iPad,iPad_Fall_2020,26.3,supports-screen-time-v2,
iPad,iPad_Fall_2020,26.3,supports-live-delivery,
iPad,iPad_Fall_2020,26.3,supports-audio-messaging-v2,
iPad,iPad_Fall_2020,26.3,supports-animoji-v2,
iPad,iPad_Fall_2020,26.3,supports-certified-delivery-v1,
iPad,iPad_Fall_2020,26.3,supports-original-timestamp-v1,
iPad,iPad_Fall_2020,26.3,supports-incoming-fmd-v1,
iPad,iPad_Fall_2020,26.3,optionally-receive-typing-indicators,
iPad,iPad_Fall_2020,26.3,nicknames-version,
iPad,iPad_Fall_2020,26.3,kt-version,5.0
iPad,iPad_Fall_2020,26.3,device-key-signature,
iPad,iPad_Fall_2020,26.3,ec-version,1.0
iPad,iPad_Fall_2020,26.3,supports-protobuf-payload-data-v2,
iPad,iPad_Fall_2020,26.3,supports-heif,True
iPad,iPad_Fall_2020,26.3,supports-hdr,
iPad,iPad_Fall_2020,26.3,prefers-sdr,
iPad,iPad_Fall_2020,26.3,supports-qta,
iPad,iPad_Fall_2020,26.3,supports-modern-gft,
iPad,iPad_Fall_2020,26.3,supports-co,
iPad,iPad_Fall_2020,26.3,is-green-tea,
iPad,iPad_Fall_2020,26.3,supports-sa-v1,
iPad,iPad_Fall_2020,26.3,supports-dq-nr,
iPad,iPad_Fall_2020,26.3,supports-rem,
iPad,iPad_Fall_2020,26.3,supports-shared-exp,
iPad,iPad_Fall_2020,26.3,supports-st-er,
iPad,iPad_Fall_2020,26.3,supports-family-invite-message-bubble,
iPad,iPad_Fall_2020,26.3,supports-maps-protocol-v5,
iPad,iPad_Fall_2020,26.3,supports-hi-res-vid,
iPad,iPad_Fall_2020,26.3,supports-live-translation,
iPad,iPad_Fall_2020,26.3,supports-mirage,
iPad,iPad_Fall_2020,26.3,supports-nearby-facetime,
iPad,iPad_Fall_2020,26.3,supports-emoji-stickers,
iPad,iPad_Fall_2020,26.3,supports-sticker-editing,
iPad,iPad_Fall_2020,26.3,supports-transcript-backgrounds,
iPad,iPad_Fall_2020,26.3,supports-polls,
iPad,iPad_Fall_2020,26.3,supports-lqm-hq,
iPad,iPad_Fall_2020,26.3,supports-group-apple-cash,
iPad,iPad_Fall_2020,26.3,supports-ckv-enforcement,
iPad,iPad_Fall_2020,26.3,supports-gti,
iPad,iPad_Fall_2020,26.3,supports-aot,
iPad,iPad_Fall_2020,26.3,supports-key-sharing,
iPad,iPad_Fall_2020,26.3,supports-harmony,
iPad,iPad_Fall_2020,26.3,supports-activity-sharing-v1,
iPad,iPad_Fall_2020,26.3,supports-manatee-for-apple-cash,
iPad,iPad_Fall_2020,26.3,supports-region-for-apple-cash,
iPad,iPad_Fall_2020,26.3,supports-fmd-v2,True
iPad,iPad_Fall_2020,26.3,supports-fm-fence-v1,True
iPad,iPad_Fall_2020,26.3,supports-secure-loc-v1,
iPad,iPad_Fall_2020,26.3,supports-zelkova,True
iPad,iPad_Fall_2020,26.3,supports-people-ranging-v1,
iPad,iPad_Fall_2020,26.3,supports-beacon-sharing-v3,
iPad,iPad_Fall_2020,26.3,supports-manatee-activity-sharing,
iPad,iPad_Fall_2020,26.3,supports-queue-one-read-receipts-v3,
iPad,iPad_Fall_2020,26.3,supports-uwb,False
iPad,iPad_Fall_2020,26.3,supports-gft-errors,
iPad,iPad_Fall_2020,26.3,supports-gft-calls,
iPad,iPad_Fall_2020,26.3,supports-hk-resident,
iPad,iPad_Fall_2020,26.3,supports-maps-routing-path-leg,
iPad,iPad_Fall_2020,26.3,supports-maps-wgs84-elevation-model,
iPad,iPad_Fall_2020,26.3,supports-beacon-sharing-v2,
iPad,iPad_Fall_2020,26.3,is-web-client,
iPad,iPad_Fall_2020,26.3,supports-beneficiary-invites,
iPad,iPad_Fall_2020,26.3,supports-people-request-messages,
iPad,iPad_Fall_2020,26.3,supports-avless,
iPad,iPad_Fall_2020,26.3,supports-maps-waypoint-route-sharing,
iPad,iPad_Fall_2020,26.3,supports-cross-platform-sharing,
iPad,iPad_Fall_2020,26.3,supports-self-one-to-one-invites,
iPad,iPad_Fall_2020,26.3,supports-people-request-messages-v2,
iPad,iPad_Fall_2020,26.3,supports-askto,
iPad,iPad_Fall_2020,26.3,supports-askto-v2,
iPad,iPad_Fall_2020,26.3,supports-askto-responseUI,
iPad,iPad_Fall_2020,26.3,supports-significant-app-update,
iPad,iPad_Fall_2020,26.3,supports-hybrid-groups-v1,
iPad,iPad_Fall_2020,26.3,supports-findmy-plugin-messages,
iPad,iPad_Fall_2020,26.3,supports-sos-alerting,
iPad,iPad_Fall_2020,26.3,supports-people-request-messages-v3,
iPad,iPad_Fall_2020,26.3,supports-recurring-payment-bubbles,
iPad,iPad_Fall_2020,26.3,supports-gft-relay,
iPad,iPad_Fall_2020,26.3,supports-group-photo-refresh-version,
iPad,iPad_Fall_2020,26.3,supports-ssrc,
iPad,iPad_Fall_2020,26.3,supports-emoji-tapbacks,
iPad,iPad_Fall_2020,26.3,supports-send-later-messages,
iPad,iPad_Fall_2020,26.3,supports-restricted-guest,
iPad,iPad_Fall_2020,26.3,supports-adaptive-temperature-automations,
iPad,iPad_Fall_2020,26.3,supports-emoji-images,
iPad,iPad_Fall_2020,26.3,supports-stick-moji-backs,
iPad,iPad_Fall_2020,26.3,supports-high-quality-photo-file-sizes,
iPad,iPad_Fall_2020,26.3,supports-stewie,False
iPad,iPad_Fall_2020,26.3,sender-key-message-version,
iPad,iPad_Fall_2020,26.3,supports-remote-atv-signin,
iPad,iPad_Fall_2020,26.3,supports-sender-key-v1,
iPad,iPad_Fall_2020,26.3,supports-uriless-membership-updates,
iPad,iPad_Fall_2020,26.3,supports-sender-key-self-check,
iPad,iPad_Fall_2020,26.3,supports-recovery-contact-upsell,
iPad,iPad_Fall_2020,26.3,supports-user-driven-call-activation,
iPad,iPad_Fall_2020,26.3,supports-legacy-contact-invites-v1,
iPad,iPad_Fall_2020,26.3,supports-legacy-contact-invites-v2,
iPad,iPad_Fall_2020,26.3,supports-legacy-contact-invites-v3,
iPad,iPad_Fall_2020,26.3,supports-calls-25,
iPad,iPad_Fall_2020,26.3,supports-introductions-v1,
iPad,iPad_Fall_2020,26.3,supports-rbm-chatbot,
Mac,UniversalMac,14.0,show-peer-errors,
Mac,UniversalMac,14.0,is-c2k-equipment,False
Mac,UniversalMac,14.0,supports-inline-attachments,
Mac,UniversalMac,14.0,supports-keep-receipts,
Mac,UniversalMac,14.0,supports-location-sharing,
Mac,UniversalMac,14.0,supports-media-v2,
Mac,UniversalMac,14.0,supports-st-v1,
Mac,UniversalMac,14.0,supports-ca-v1,
Mac,UniversalMac,14.0,supports-be-v1,
Mac,UniversalMac,14.0,supports-ack-v1,
Mac,UniversalMac,14.0,supports-fsm-v1,
Mac,UniversalMac,14.0,supports-fsm-v2,
Mac,UniversalMac,14.0,supports-fsm-v3,
Mac,UniversalMac,14.0,supports-ii-v1,
Mac,UniversalMac,14.0,supports-impact-v1,
Mac,UniversalMac,14.0,supports-update-attachments-v1,
Mac,UniversalMac,14.0,supports-autoloopvideo-v1,
Mac,UniversalMac,14.0,supports-photos-extension-v1,
Mac,UniversalMac,14.0,supports-photos-extension-v2,
Mac,UniversalMac,14.0,supports-screen-time-v2,
Mac,UniversalMac,14.0,supports-live-delivery,
Mac,UniversalMac,14.0,supports-audio-messaging-v2,
Mac,UniversalMac,14.0,supports-animoji-v2,True
Mac,UniversalMac,14.0,supports-certified-delivery-v1,
Mac,UniversalMac,14.0,supports-original-timestamp-v1,
Mac,UniversalMac,14.0,supports-incoming-fmd-v1,
Mac,UniversalMac,14.0,optionally-receive-typing-indicators,
Mac,UniversalMac,14.0,nicknames-version,
Mac,UniversalMac,14.0,kt-version,5.0
Mac,UniversalMac,14.0,device-key-signature,
Mac,UniversalMac,14.0,ec-version,1.0
Mac,UniversalMac,14.0,supports-protobuf-payload-data-v2,
Mac,UniversalMac,14.0,supports-heif,True
Mac,UniversalMac,14.0,supports-hdr,True
Mac,UniversalMac,14.0,prefers-sdr,
Mac,UniversalMac,14.0,supports-modern-gft,
Mac,UniversalMac,14.0,supports-co,
Mac,UniversalMac,14.0,is-green-tea,
Mac,UniversalMac,14.0,supports-sa-v1,
Mac,UniversalMac,14.0,supports-dq-nr,
Mac,UniversalMac,14.0,supports-rem,
Mac,UniversalMac,14.0,supports-shared-exp,
Mac,UniversalMac,14.0,supports-st-er,
Mac,UniversalMac,14.0,supports-family-invite-message-bubble,
Mac,UniversalMac,14.0,supports-maps-protocol-v5,
Mac,UniversalMac,14.0,supports-hi-res-vid,
Mac,UniversalMac,14.0,supports-mirage,
Mac,UniversalMac,14.0,supports-emoji-stickers,
Mac,UniversalMac,14.0,supports-sticker-editing,
Mac,UniversalMac,14.0,supports-key-sharing,
Mac,UniversalMac,14.0,supports-harmony,False
Mac,UniversalMac,14.0,supports-fmd-v2,
Mac,UniversalMac,14.0,supports-fm-fence-v1,
Mac,UniversalMac,14.0,supports-secure-loc-v1,
Mac,UniversalMac,14.0,supports-zelkova,False
Mac,UniversalMac,14.0,supports-people-ranging-v1,
Mac,UniversalMac,14.0,supports-beacon-sharing-v3,
Mac,UniversalMac,14.0,supports-uwb,False
Mac,UniversalMac,14.0,supports-gft-errors,
Mac,UniversalMac,14.0,supports-gft-calls,
Mac,UniversalMac,14.0,supports-hk-resident,
Mac,UniversalMac,14.0,supports-maps-routing-path-leg,
Mac,UniversalMac,14.0,supports-beacon-sharing-v2,
Mac,UniversalMac,14.0,is-web-client,
Mac,UniversalMac,14.0,supports-beneficiary-invites,
Mac,UniversalMac,14.0,supports-people-request-messages,
Mac,UniversalMac,14.0,supports-avless,
Mac,UniversalMac,14.0,supports-maps-waypoint-route-sharing,
Mac,UniversalMac,14.0,supports-cross-platform-sharing,
Mac,UniversalMac,14.0,supports-self-one-to-one-invites,
Mac,UniversalMac,14.0,supports-people-request-messages-v2,
Mac,UniversalMac,14.0,supports-askto,
Mac,UniversalMac,14.0,supports-hybrid-groups-v1,
Mac,UniversalMac,14.0,supports-findmy-plugin-messages,
Mac,UniversalMac,14.0,supports-sos-alerting,
Mac,UniversalMac,14.0,supports-people-request-messages-v3,
Mac,UniversalMac,14.0,supports-recurring-payment-bubbles,
Mac,UniversalMac,14.0,supports-gft-relay,
iPad,iPad_Pro_Spring_2021,26.0,show-peer-errors,
iPad,iPad_Pro_Spring_2021,26.0,is-c2k-equipment,
iPad,iPad_Pro_Spring_2021,26.0,supports-inline-attachments,
iPad,iPad_Pro_Spring_2021,26.0,supports-keep-receipts,
iPad,iPad_Pro_Spring_2021,26.0,supports-location-sharing,
iPad,iPad_Pro_Spring_2021,26.0,supports-media-v2,
iPad,iPad_Pro_Spring_2021,26.0,supports-st-v1,
iPad,iPad_Pro_Spring_2021,26.0,supports-ca-v1,
iPad,iPad_Pro_Spring_2021,26.0,supports-be-v1,
iPad,iPad_Pro_Spring_2021,26.0,supports-ack-v1,
iPad,iPad_Pro_Spring_2021,26.0,supports-fsm-v1,
iPad,iPad_Pro_Spring_2021,26.0,supports-fsm-v2,
iPad,iPad_Pro_Spring_2021,26.0,supports-fsm-v3,
iPad,iPad_Pro_Spring_2021,26.0,supports-ii-v1,
iPad,iPad_Pro_Spring_2021,26.0,supports-impact-v1,
iPad,iPad_Pro_Spring_2021,26.0,supports-update-attachments-v1,
iPad,iPad_Pro_Spring_2021,26.0,supports-autoloopvideo-v1,
iPad,iPad_Pro_Spring_2021,26.0,supports-photos-extension-v1,
iPad,iPad_Pro_Spring_2021,26.0,supports-photos-extension-v2,
iPad,iPad_Pro_Spring_2021,26.0,supports-screen-time-v2,
iPad,iPad_Pro_Spring_2021,26.0,supports-live-delivery,
iPad,iPad_Pro_Spring_2021,26.0,supports-audio-messaging-v2,
iPad,iPad_Pro_Spring_2021,26.0,supports-animoji-v2,
iPad,iPad_Pro_Spring_2021,26.0,supports-certified-delivery-v1,
iPad,iPad_Pro_Spring_2021,26.0,supports-original-timestamp-v1,
iPad,iPad_Pro_Spring_2021,26.0,supports-incoming-fmd-v1,
iPad,iPad_Pro_Spring_2021,26.0,optionally-receive-typing-indicators,
iPad,iPad_Pro_Spring_2021,26.0,nicknames-version,
iPad,iPad_Pro_Spring_2021,26.0,kt-version,5.0
iPad,iPad_Pro_Spring_2021,26.0,device-key-signature,
iPad,iPad_Pro_Spring_2021,26.0,ec-version,1.0
iPad,iPad_Pro_Spring_2021,26.0,supports-protobuf-payload-data-v2,
iPad,iPad_Pro_Spring_2021,26.0,supports-heif,True
iPad,iPad_Pro_Spring_2021,26.0,supports-hdr,
iPad,iPad_Pro_Spring_2021,26.0,prefers-sdr,
iPad,iPad_Pro_Spring_2021,26.0,supports-qta,
iPad,iPad_Pro_Spring_2021,26.0,supports-modern-gft,
iPad,iPad_Pro_Spring_2021,26.0,supports-co,
iPad,iPad_Pro_Spring_2021,26.0,is-green-tea,
iPad,iPad_Pro_Spring_2021,26.0,supports-sa-v1,
iPad,iPad_Pro_Spring_2021,26.0,supports-dq-nr,
iPad,iPad_Pro_Spring_2021,26.0,supports-rem,
iPad,iPad_Pro_Spring_2021,26.0,supports-shared-exp,
iPad,iPad_Pro_Spring_2021,26.0,supports-st-er,
iPad,iPad_Pro_Spring_2021,26.0,supports-family-invite-message-bubble,
iPad,iPad_Pro_Spring_2021,26.0,supports-maps-protocol-v5,
iPad,iPad_Pro_Spring_2021,26.0,supports-hi-res-vid,
iPad,iPad_Pro_Spring_2021,26.0,supports-live-translation,
iPad,iPad_Pro_Spring_2021,26.0,supports-mirage,
iPad,iPad_Pro_Spring_2021,26.0,supports-nearby-facetime,
iPad,iPad_Pro_Spring_2021,26.0,supports-emoji-stickers,
iPad,iPad_Pro_Spring_2021,26.0,supports-sticker-editing,
iPad,iPad_Pro_Spring_2021,26.0,supports-transcript-backgrounds,
iPad,iPad_Pro_Spring_2021,26.0,supports-polls,
iPad,iPad_Pro_Spring_2021,26.0,supports-lqm-hq,
iPad,iPad_Pro_Spring_2021,26.0,supports-group-apple-cash,
iPad,iPad_Pro_Spring_2021,26.0,supports-ckv-enforcement,
iPad,iPad_Pro_Spring_2021,26.0,supports-gti,
iPad,iPad_Pro_Spring_2021,26.0,supports-aot,
iPad,iPad_Pro_Spring_2021,26.0,supports-key-sharing,
iPad,iPad_Pro_Spring_2021,26.0,supports-harmony,
iPad,iPad_Pro_Spring_2021,26.0,supports-activity-sharing-v1,
iPad,iPad_Pro_Spring_2021,26.0,supports-manatee-for-apple-cash,
iPad,iPad_Pro_Spring_2021,26.0,supports-region-for-apple-cash,
iPad,iPad_Pro_Spring_2021,26.0,supports-fmd-v2,True
iPad,iPad_Pro_Spring_2021,26.0,supports-fm-fence-v1,True
iPad,iPad_Pro_Spring_2021,26.0,supports-secure-loc-v1,
iPad,iPad_Pro_Spring_2021,26.0,supports-zelkova,True
iPad,iPad_Pro_Spring_2021,26.0,supports-people-ranging-v1,
iPad,iPad_Pro_Spring_2021,26.0,supports-beacon-sharing-v3,
iPad,iPad_Pro_Spring_2021,26.0,supports-manatee-activity-sharing,
iPad,iPad_Pro_Spring_2021,26.0,supports-queue-one-read-receipts,
iPad,iPad_Pro_Spring_2021,26.0,supports-uwb,False
iPad,iPad_Pro_Spring_2021,26.0,supports-gft-errors,
iPad,iPad_Pro_Spring_2021,26.0,supports-gft-calls,
iPad,iPad_Pro_Spring_2021,26.0,supports-hk-resident,
iPad,iPad_Pro_Spring_2021,26.0,supports-maps-routing-path-leg,
iPad,iPad_Pro_Spring_2021,26.0,supports-maps-wgs84-elevation-model,
iPad,iPad_Pro_Spring_2021,26.0,supports-beacon-sharing-v2,
iPad,iPad_Pro_Spring_2021,26.0,is-web-client,
iPad,iPad_Pro_Spring_2021,26.0,supports-beneficiary-invites,
iPad,iPad_Pro_Spring_2021,26.0,supports-people-request-messages,
iPad,iPad_Pro_Spring_2021,26.0,supports-avless,
iPad,iPad_Pro_Spring_2021,26.0,supports-maps-waypoint-route-sharing,
iPad,iPad_Pro_Spring_2021,26.0,supports-cross-platform-sharing,
iPad,iPad_Pro_Spring_2021,26.0,supports-self-one-to-one-invites,
iPad,iPad_Pro_Spring_2021,26.0,supports-people-request-messages-v2,
iPad,iPad_Pro_Spring_2021,26.0,supports-askto,
iPad,iPad_Pro_Spring_2021,26.0,supports-askto-v2,
iPad,iPad_Pro_Spring_2021,26.0,supports-hybrid-groups-v1,
iPad,iPad_Pro_Spring_2021,26.0,supports-findmy-plugin-messages,
iPad,iPad_Pro_Spring_2021,26.0,supports-sos-alerting,
iPad,iPad_Pro_Spring_2021,26.0,supports-people-request-messages-v3,
iPad,iPad_Pro_Spring_2021,26.0,supports-recurring-payment-bubbles,
iPad,iPad_Pro_Spring_2021,26.0,supports-gft-relay,
iPad,iPad_Pro_Spring_2021,26.0,supports-group-photo-refresh-version,
iPad,iPad_Pro_Spring_2021,26.0,supports-ssrc,
iPad,iPad_Pro_Spring_2021,26.0,supports-emoji-tapbacks,
iPad,iPad_Pro_Spring_2021,26.0,supports-send-later-messages,
iPad,iPad_Pro_Spring_2021,26.0,supports-restricted-guest,
iPad,iPad_Pro_Spring_2021,26.0,supports-adaptive-temperature-automations,
iPad,iPad_Pro_Spring_2021,26.0,supports-emoji-images,
iPad,iPad_Pro_Spring_2021,26.0,supports-stick-moji-backs,
iPad,iPad_Pro_Spring_2021,26.0,supports-high-quality-photo-file-sizes,
iPad,iPad_Pro_Spring_2021,26.0,supports-stewie,False
iPad,iPad_Pro_Spring_2021,26.0,sender-key-message-version,
iPad,iPad_Pro_Spring_2021,26.0,supports-remote-atv-signin,
iPad,iPad_Pro_Spring_2021,26.0,supports-sender-key-v1,
iPad,iPad_Pro_Spring_2021,26.0,supports-uriless-membership-updates,
iPad,iPad_Pro_Spring_2021,26.0,supports-sender-key-self-check,
iPad,iPad_Pro_Spring_2021,26.0,supports-recovery-contact-upsell,
iPad,iPad_Pro_Spring_2021,26.0,supports-user-driven-call-activation,
iPad,iPad_Pro_Spring_2021,26.0,supports-legacy-contact-invites-v1,
iPad,iPad_Pro_Spring_2021,26.0,supports-legacy-contact-invites-v2,
iPad,iPad_Pro_Spring_2021,26.0,supports-legacy-contact-invites-v3,
iPad,iPad_Pro_Spring_2021,26.0,supports-calls-25,
iPad,iPad_Pro_Spring_2021,26.0,supports-introductions-v1,
iPad,iPad_Pro_Spring_2021,26.0,supports-rbm-chatbot,
iPad,iPad_Pro_Spring_2021,15.0,show-peer-errors,
iPad,iPad_Pro_Spring_2021,15.0,is-c2k-equipment,
iPad,iPad_Pro_Spring_2021,15.0,supports-inline-attachments,
iPad,iPad_Pro_Spring_2021,15.0,supports-keep-receipts,
iPad,iPad_Pro_Spring_2021,15.0,supports-location-sharing,
iPad,iPad_Pro_Spring_2021,15.0,supports-media-v2,
iPad,iPad_Pro_Spring_2021,15.0,supports-st-v1,
iPad,iPad_Pro_Spring_2021,15.0,supports-ca-v1,
iPad,iPad_Pro_Spring_2021,15.0,supports-be-v1,
iPad,iPad_Pro_Spring_2021,15.0,supports-ack-v1,
iPad,iPad_Pro_Spring_2021,15.0,supports-fsm-v1,
iPad,iPad_Pro_Spring_2021,15.0,supports-fsm-v2,
iPad,iPad_Pro_Spring_2021,15.0,supports-fsm-v3,
iPad,iPad_Pro_Spring_2021,15.0,supports-ii-v1,
iPad,iPad_Pro_Spring_2021,15.0,supports-impact-v1,
iPad,iPad_Pro_Spring_2021,15.0,supports-update-attachments-v1,
iPad,iPad_Pro_Spring_2021,15.0,supports-autoloopvideo-v1,
iPad,iPad_Pro_Spring_2021,15.0,supports-photos-extension-v1,
iPad,iPad_Pro_Spring_2021,15.0,supports-photos-extension-v2,
iPad,iPad_Pro_Spring_2021,15.0,supports-screen-time-v2,
iPad,iPad_Pro_Spring_2021,15.0,supports-live-delivery,
iPad,iPad_Pro_Spring_2021,15.0,supports-audio-messaging-v2,
iPad,iPad_Pro_Spring_2021,15.0,supports-animoji-v2,
iPad,iPad_Pro_Spring_2021,15.0,supports-certified-delivery-v1,
iPad,iPad_Pro_Spring_2021,15.0,supports-original-timestamp-v1,
iPad,iPad_Pro_Spring_2021,15.0,supports-incoming-fmd-v1,
iPad,iPad_Pro_Spring_2021,15.0,optionally-receive-typing-indicators,
iPad,iPad_Pro_Spring_2021,15.0,nicknames-version,
iPad,iPad_Pro_Spring_2021,15.0,kt-version,4.0
iPad,iPad_Pro_Spring_2021,15.0,ec-version,1.0
iPad,iPad_Pro_Spring_2021,15.0,supports-protobuf-payload-data-v2,
iPad,iPad_Pro_Spring_2021,15.0,supports-heif,True
iPad,iPad_Pro_Spring_2021,15.0,supports-hdr,
iPad,iPad_Pro_Spring_2021,15.0,prefers-sdr,
iPad,iPad_Pro_Spring_2021,15.0,supports-modern-gft,
iPad,iPad_Pro_Spring_2021,15.0,supports-co,
iPad,iPad_Pro_Spring_2021,15.0,is-green-tea,
iPad,iPad_Pro_Spring_2021,15.0,supports-sa-v1,
iPad,iPad_Pro_Spring_2021,15.0,supports-dq-nr,
iPad,iPad_Pro_Spring_2021,15.0,supports-key-sharing,
iPad,iPad_Pro_Spring_2021,15.0,supports-harmony,
iPad,iPad_Pro_Spring_2021,15.0,supports-activity-sharing-v1,
iPad,iPad_Pro_Spring_2021,15.0,supports-manatee-for-apple-cash,
iPad,iPad_Pro_Spring_2021,15.0,supports-region-for-apple-cash,
iPad,iPad_Pro_Spring_2021,15.0,supports-fmd-v2,
iPad,iPad_Pro_Spring_2021,15.0,supports-fm-fence-v1,True
iPad,iPad_Pro_Spring_2021,15.0,supports-secure-loc-v1,
iPad,iPad_Pro_Spring_2021,15.0,supports-uwb,False
iPad,iPad_Pro_Spring_2021,15.0,supports-gft-errors,
iPad,iPad_Pro_Spring_2021,15.0,supports-gft-calls,
iPad,iPad_Pro_Spring_2021,15.0,supports-hk-resident,
iPad,iPad_Pro_Spring_2021,15.0,supports-maps-routing-path-leg,
iPad,iPad_Pro_Spring_2021,15.0,supports-beacon-sharing-v2,
iPhone,"iPhone14,4",16.3,show-peer-errors,
iPhone,"iPhone14,4",16.3,is-c2k-equipment,
iPhone,"iPhone14,4",16.3,supports-inline-attachments,
iPhone,"iPhone14,4",16.3,supports-keep-receipts,
iPhone,"iPhone14,4",16.3,supports-location-sharing,
iPhone,"iPhone14,4",16.3,supports-media-v2,
iPhone,"iPhone14,4",16.3,supports-st-v1,
iPhone,"iPhone14,4",16.3,supports-ca-v1,
iPhone,"iPhone14,4",16.3,supports-be-v1,
iPhone,"iPhone14,4",16.3,supports-ack-v1,
iPhone,"iPhone14,4",16.3,supports-fsm-v1,
iPhone,"iPhone14,4",16.3,supports-fsm-v2,
iPhone,"iPhone14,4",16.3,supports-fsm-v3,
iPhone,"iPhone14,4",16.3,supports-ii-v1,
iPhone,"iPhone14,4",16.3,supports-impact-v1,
iPhone,"iPhone14,4",16.3,supports-update-attachments-v1,
iPhone,"iPhone14,4",16.3,supports-autoloopvideo-v1,
iPhone,"iPhone14,4",16.3,supports-photos-extension-v1,
iPhone,"iPhone14,4",16.3,supports-photos-extension-v2,
iPhone,"iPhone14,4",16.3,supports-screen-time-v2,
iPhone,"iPhone14,4",16.3,supports-live-delivery,
iPhone,"iPhone14,4",16.3,supports-audio-messaging-v2,
iPhone,"iPhone14,4",16.3,supports-animoji-v2,
iPhone,"iPhone14,4",16.3,supports-certified-delivery-v1,
iPhone,"iPhone14,4",16.3,supports-original-timestamp-v1,
iPhone,"iPhone14,4",16.3,supports-incoming-fmd-v1,
iPhone,"iPhone14,4",16.3,optionally-receive-typing-indicators,
iPhone,"iPhone14,4",16.3,nicknames-version,
iPhone,"iPhone14,4",16.3,kt-version,5.0
iPhone,"iPhone14,4",16.3,device-key-signature,
iPhone,"iPhone14,4",16.3,ec-version,1.0
iPhone,"iPhone14,4",16.3,supports-protobuf-payload-data-v2,
iPhone,"iPhone14,4",16.3,supports-heif,True
iPhone,"iPhone14,4",16.3,supports-hdr,
iPhone,"iPhone14,4",16.3,prefers-sdr,
iPhone,"iPhone14,4",16.3,supports-modern-gft,
iPhone,"iPhone14,4",16.3,supports-co,
iPhone,"iPhone14,4",16.3,is-green-tea,
iPhone,"iPhone14,4",16.3,supports-sa-v1,
iPhone,"iPhone14,4",16.3,supports-dq-nr,
iPhone,"iPhone14,4",16.3,supports-rem,
iPhone,"iPhone14,4",16.3,supports-shared-exp,
iPhone,"iPhone14,4",16.3,supports-st-er,
iPhone,"iPhone14,4",16.3,supports-family-invite-message-bubble,
iPhone,"iPhone14,4",16.3,supports-maps-protocol-v5,
iPhone,"iPhone14,4",16.3,supports-mirage,
iPhone,"iPhone14,4",16.3,supports-key-sharing,
iPhone,"iPhone14,4",16.3,supports-harmony,
iPhone,"iPhone14,4",16.3,supports-activity-sharing-v1,True
iPhone,"iPhone14,4",16.3,supports-manatee-for-apple-cash,
iPhone,"iPhone14,4",16.3,supports-region-for-apple-cash,
iPhone,"iPhone14,4",16.3,supports-fmd-v2,
iPhone,"iPhone14,4",16.3,supports-fm-fence-v1,True
iPhone,"iPhone14,4",16.3,supports-secure-loc-v1,
iPhone,"iPhone14,4",16.3,supports-uwb,True
iPhone,"iPhone14,4",16.3,supports-gft-errors,
iPhone,"iPhone14,4",16.3,supports-gft-calls,
iPhone,"iPhone14,4",16.3,supports-hk-resident,
iPhone,"iPhone14,4",16.3,supports-maps-routing-path-leg,
iPhone,"iPhone14,4",16.3,supports-beacon-sharing-v2,
iPhone,"iPhone14,4",16.3,is-web-client,
iPhone,"iPhone14,4",16.3,supports-beneficiary-invites,
iPhone,"iPhone14,4",16.3,supports-people-request-messages,
iPhone,"iPhone14,4",16.3,supports-avless,
iPhone,"iPhone14,4",16.3,supports-maps-waypoint-route-sharing,
iPhone,"iPhone14,4",16.3,supports-cross-platform-sharing,
iPhone,"iPhone14,4",16.3,supports-self-one-to-one-invites,
iPhone,"iPhone14,4",16.3,supports-people-request-messages-v2,
iPad,iPad_64bit_TouchID_ASTC,12.0,show-peer-errors,
iPad,iPad_64bit_TouchID_ASTC,12.0,is-c2k-equipment,
iPad,iPad_64bit_TouchID_ASTC,12.0,supports-inline-attachments,
iPad,iPad_64bit_TouchID_ASTC,12.0,supports-keep-receipts,
iPad,iPad_64bit_TouchID_ASTC,12.0,supports-location-sharing,
iPad,iPad_64bit_TouchID_ASTC,12.0,supports-media-v2,
iPad,iPad_64bit_TouchID_ASTC,12.0,supports-st-v1,
iPad,iPad_64bit_TouchID_ASTC,12.0,supports-ca-v1,
iPad,iPad_64bit_TouchID_ASTC,12.0,supports-be-v1,
iPad,iPad_64bit_TouchID_ASTC,12.0,supports-ack-v1,
iPad,iPad_64bit_TouchID_ASTC,12.0,supports-fsm-v1,
iPad,iPad_64bit_TouchID_ASTC,12.0,supports-fsm-v2,
iPad,iPad_64bit_TouchID_ASTC,12.0,supports-fsm-v3,
iPad,iPad_64bit_TouchID_ASTC,12.0,supports-ii-v1,
iPad,iPad_64bit_TouchID_ASTC,12.0,supports-impact-v1,
iPad,iPad_64bit_TouchID_ASTC,12.0,supports-update-attachments-v1,
iPad,iPad_64bit_TouchID_ASTC,12.0,supports-autoloopvideo-v1,
iPad,iPad_64bit_TouchID_ASTC,12.0,supports-photos-extension-v1,
iPad,iPad_64bit_TouchID_ASTC,12.0,supports-activity-sharing-v1,
iPad,iPad_64bit_TouchID_ASTC,12.0,optionally-receive-typing-indicators,
iPhone,"iPhone17,5",26.3,show-peer-errors,
iPhone,"iPhone17,5",26.3,is-c2k-equipment,
iPhone,"iPhone17,5",26.3,supports-inline-attachments,
iPhone,"iPhone17,5",26.3,supports-keep-receipts,
iPhone,"iPhone17,5",26.3,supports-location-sharing,
iPhone,"iPhone17,5",26.3,supports-media-v2,
iPhone,"iPhone17,5",26.3,supports-st-v1,
iPhone,"iPhone17,5",26.3,supports-ca-v1,
iPhone,"iPhone17,5",26.3,supports-be-v1,
iPhone,"iPhone17,5",26.3,supports-ack-v1,
iPhone,"iPhone17,5",26.3,supports-fsm-v1,
iPhone,"iPhone17,5",26.3,supports-fsm-v2,
iPhone,"iPhone17,5",26.3,supports-fsm-v3,
iPhone,"iPhone17,5",26.3,supports-ii-v1,
iPhone,"iPhone17,5",26.3,supports-impact-v1,
iPhone,"iPhone17,5",26.3,supports-update-attachments-v1,
iPhone,"iPhone17,5",26.3,supports-autoloopvideo-v1,
iPhone,"iPhone17,5",26.3,supports-photos-extension-v1,
iPhone,"iPhone17,5",26.3,supports-photos-extension-v2,
iPhone,"iPhone17,5",26.3,supports-screen-time-v2,
iPhone,"iPhone17,5",26.3,supports-live-delivery,
iPhone,"iPhone17,5",26.3,supports-audio-messaging-v2,
iPhone,"iPhone17,5",26.3,supports-animoji-v2,
iPhone,"iPhone17,5",26.3,supports-certified-delivery-v1,
iPhone,"iPhone17,5",26.3,supports-original-timestamp-v1,
iPhone,"iPhone17,5",26.3,supports-incoming-fmd-v1,
iPhone,"iPhone17,5",26.3,optionally-receive-typing-indicators,
iPhone,"iPhone17,5",26.3,nicknames-version,
iPhone,"iPhone17,5",26.3,kt-version,5.0
iPhone,"iPhone17,5",26.3,device-key-signature,
iPhone,"iPhone17,5",26.3,ec-version,1.0
iPhone,"iPhone17,5",26.3,supports-protobuf-payload-data-v2,
iPhone,"iPhone17,5",26.3,supports-heif,True
iPhone,"iPhone17,5",26.3,supports-hdr,
iPhone,"iPhone17,5",26.3,prefers-sdr,
iPhone,"iPhone17,5",26.3,supports-qta,
iPhone,"iPhone17,5",26.3,supports-modern-gft,
iPhone,"iPhone17,5",26.3,supports-co,
iPhone,"iPhone17,5",26.3,is-green-tea,
iPhone,"iPhone17,5",26.3,supports-sa-v1,
iPhone,"iPhone17,5",26.3,supports-dq-nr,
iPhone,"iPhone17,5",26.3,supports-rem,
iPhone,"iPhone17,5",26.3,supports-shared-exp,
iPhone,"iPhone17,5",26.3,supports-st-er,
iPhone,"iPhone17,5",26.3,supports-family-invite-message-bubble,
iPhone,"iPhone17,5",26.3,supports-maps-protocol-v5,
iPhone,"iPhone17,5",26.3,supports-hi-res-vid,
iPhone,"iPhone17,5",26.3,supports-live-translation,
iPhone,"iPhone17,5",26.3,supports-mirage,
iPhone,"iPhone17,5",26.3,supports-nearby-facetime,
iPhone,"iPhone17,5",26.3,supports-emoji-stickers,
iPhone,"iPhone17,5",26.3,supports-sticker-editing,
iPhone,"iPhone17,5",26.3,supports-transcript-backgrounds,
iPhone,"iPhone17,5",26.3,supports-polls,
iPhone,"iPhone17,5",26.3,supports-lqm-hq,
iPhone,"iPhone17,5",26.3,supports-group-apple-cash,
iPhone,"iPhone17,5",26.3,supports-ckv-enforcement,
iPhone,"iPhone17,5",26.3,supports-gti,
iPhone,"iPhone17,5",26.3,supports-aot,
iPhone,"iPhone17,5",26.3,supports-key-sharing,
iPhone,"iPhone17,5",26.3,supports-harmony,
iPhone,"iPhone17,5",26.3,supports-activity-sharing-v1,True
iPhone,"iPhone17,5",26.3,supports-manatee-for-apple-cash,
iPhone,"iPhone17,5",26.3,supports-region-for-apple-cash,
iPhone,"iPhone17,5",26.3,supports-fmd-v2,True
iPhone,"iPhone17,5",26.3,supports-fm-fence-v1,True
iPhone,"iPhone17,5",26.3,supports-secure-loc-v1,
iPhone,"iPhone17,5",26.3,supports-zelkova,True
iPhone,"iPhone17,5",26.3,supports-people-ranging-v1,
iPhone,"iPhone17,5",26.3,supports-beacon-sharing-v3,
iPhone,"iPhone17,5",26.3,supports-manatee-activity-sharing,
iPhone,"iPhone17,5",26.3,supports-queue-one-read-receipts-v3,
iPhone,"iPhone17,5",26.3,supports-uwb,False
iPhone,"iPhone17,5",26.3,supports-gft-errors,
iPhone,"iPhone17,5",26.3,supports-gft-calls,
iPhone,"iPhone17,5",26.3,supports-hk-resident,
iPhone,"iPhone17,5",26.3,supports-maps-routing-path-leg,
iPhone,"iPhone17,5",26.3,supports-maps-wgs84-elevation-model,
iPhone,"iPhone17,5",26.3,supports-beacon-sharing-v2,
iPhone,"iPhone17,5",26.3,is-web-client,
iPhone,"iPhone17,5",26.3,supports-beneficiary-invites,
iPhone,"iPhone17,5",26.3,supports-people-request-messages,
iPhone,"iPhone17,5",26.3,supports-avless,
iPhone,"iPhone17,5",26.3,supports-maps-waypoint-route-sharing,
iPhone,"iPhone17,5",26.3,supports-cross-platform-sharing,
iPhone,"iPhone17,5",26.3,supports-self-one-to-one-invites,
iPhone,"iPhone17,5",26.3,supports-people-request-messages-v2,
iPhone,"iPhone17,5",26.3,supports-askto,
iPhone,"iPhone17,5",26.3,supports-askto-v2,
iPhone,"iPhone17,5",26.3,supports-askto-responseUI,
iPhone,"iPhone17,5",26.3,supports-significant-app-update,
iPhone,"iPhone17,5",26.3,supports-hybrid-groups-v1,
iPhone,"iPhone17,5",26.3,supports-findmy-plugin-messages,
iPhone,"iPhone17,5",26.3,supports-sos-alerting,True
iPhone,"iPhone17,5",26.3,supports-people-request-messages-v3,
iPhone,"iPhone17,5",26.3,supports-recurring-payment-bubbles,
iPhone,"iPhone17,5",26.3,supports-gft-relay,
iPhone,"iPhone17,5",26.3,supports-group-photo-refresh-version,
iPhone,"iPhone17,5",26.3,supports-ssrc,
iPhone,"iPhone17,5",26.3,supports-emoji-tapbacks,
iPhone,"iPhone17,5",26.3,supports-send-later-messages,
iPhone,"iPhone17,5",26.3,supports-restricted-guest,
iPhone,"iPhone17,5",26.3,supports-adaptive-temperature-automations,
iPhone,"iPhone17,5",26.3,supports-emoji-images,
iPhone,"iPhone17,5",26.3,supports-stick-moji-backs,
iPhone,"iPhone17,5",26.3,supports-high-quality-photo-file-sizes,
iPhone,"iPhone17,5",26.3,supports-stewie,True
iPhone,"iPhone17,5",26.3,sender-key-message-version,
iPhone,"iPhone17,5",26.3,supports-remote-atv-signin,
iPhone,"iPhone17,5",26.3,supports-sender-key-v1,
iPhone,"iPhone17,5",26.3,supports-uriless-membership-updates,
iPhone,"iPhone17,5",26.3,supports-sender-key-self-check,
iPhone,"iPhone17,5",26.3,supports-recovery-contact-upsell,
iPhone,"iPhone17,5",26.3,supports-user-driven-call-activation,
iPhone,"iPhone17,5",26.3,supports-legacy-contact-invites-v1,
iPhone,"iPhone17,5",26.3,supports-legacy-contact-invites-v2,
iPhone,"iPhone17,5",26.3,supports-legacy-contact-invites-v3,
iPhone,"iPhone17,5",26.3,supports-calls-25,
iPhone,"iPhone17,5",26.3,supports-introductions-v1,
iPhone,"iPhone17,5",26.3,supports-rbm-chatbot,
iPhone,"iPhone14,4",17.4,show-peer-errors,
iPhone,"iPhone14,4",17.4,is-c2k-equipment,
iPhone,"iPhone14,4",17.4,supports-inline-attachments,
iPhone,"iPhone14,4",17.4,supports-keep-receipts,
iPhone,"iPhone14,4",17.4,supports-location-sharing,
iPhone,"iPhone14,4",17.4,supports-media-v2,
iPhone,"iPhone14,4",17.4,supports-st-v1,
iPhone,"iPhone14,4",17.4,supports-ca-v1,
iPhone,"iPhone14,4",17.4,supports-be-v1,
iPhone,"iPhone14,4",17.4,supports-ack-v1,
iPhone,"iPhone14,4",17.4,supports-fsm-v1,
iPhone,"iPhone14,4",17.4,supports-fsm-v2,
iPhone,"iPhone14,4",17.4,supports-fsm-v3,
iPhone,"iPhone14,4",17.4,supports-ii-v1,
iPhone,"iPhone14,4",17.4,supports-impact-v1,
iPhone,"iPhone14,4",17.4,supports-update-attachments-v1,
iPhone,"iPhone14,4",17.4,supports-autoloopvideo-v1,
iPhone,"iPhone14,4",17.4,supports-photos-extension-v1,
iPhone,"iPhone14,4",17.4,supports-photos-extension-v2,
iPhone,"iPhone14,4",17.4,supports-screen-time-v2,
iPhone,"iPhone14,4",17.4,supports-live-delivery,
iPhone,"iPhone14,4",17.4,supports-audio-messaging-v2,
iPhone,"iPhone14,4",17.4,supports-animoji-v2,
iPhone,"iPhone14,4",17.4,supports-certified-delivery-v1,
iPhone,"iPhone14,4",17.4,supports-original-timestamp-v1,
iPhone,"iPhone14,4",17.4,supports-incoming-fmd-v1,
iPhone,"iPhone14,4",17.4,optionally-receive-typing-indicators,
iPhone,"iPhone14,4",17.4,nicknames-version,
iPhone,"iPhone14,4",17.4,kt-version,5.0
iPhone,"iPhone14,4",17.4,device-key-signature,
iPhone,"iPhone14,4",17.4,ec-version,1.0
iPhone,"iPhone14,4",17.4,supports-protobuf-payload-data-v2,
iPhone,"iPhone14,4",17.4,supports-heif,True
iPhone,"iPhone14,4",17.4,supports-hdr,
iPhone,"iPhone14,4",17.4,prefers-sdr,
iPhone,"iPhone14,4",17.4,supports-modern-gft,
iPhone,"iPhone14,4",17.4,supports-co,
iPhone,"iPhone14,4",17.4,is-green-tea,
iPhone,"iPhone14,4",17.4,supports-sa-v1,
iPhone,"iPhone14,4",17.4,supports-dq-nr,
iPhone,"iPhone14,4",17.4,supports-rem,
iPhone,"iPhone14,4",17.4,supports-shared-exp,
iPhone,"iPhone14,4",17.4,supports-st-er,
iPhone,"iPhone14,4",17.4,supports-family-invite-message-bubble,
iPhone,"iPhone14,4",17.4,supports-maps-protocol-v5,
iPhone,"iPhone14,4",17.4,supports-hi-res-vid,
iPhone,"iPhone14,4",17.4,supports-mirage,
iPhone,"iPhone14,4",17.4,supports-emoji-stickers,
iPhone,"iPhone14,4",17.4,supports-sticker-editing,
iPhone,"iPhone14,4",17.4,supports-key-sharing,
iPhone,"iPhone14,4",17.4,supports-harmony,
iPhone,"iPhone14,4",17.4,supports-activity-sharing-v1,True
iPhone,"iPhone14,4",17.4,supports-manatee-for-apple-cash,
iPhone,"iPhone14,4",17.4,supports-region-for-apple-cash,
iPhone,"iPhone14,4",17.4,supports-fmd-v2,
iPhone,"iPhone14,4",17.4,supports-fm-fence-v1,True
iPhone,"iPhone14,4",17.4,supports-secure-loc-v1,
iPhone,"iPhone14,4",17.4,supports-zelkova,True
iPhone,"iPhone14,4",17.4,supports-people-ranging-v1,
iPhone,"iPhone14,4",17.4,supports-beacon-sharing-v3,
iPhone,"iPhone14,4",17.4,supports-uwb,True
iPhone,"iPhone14,4",17.4,supports-gft-errors,
iPhone,"iPhone14,4",17.4,supports-gft-calls,
iPhone,"iPhone14,4",17.4,supports-hk-resident,
iPhone,"iPhone14,4",17.4,supports-maps-routing-path-leg,
iPhone,"iPhone14,4",17.4,supports-beacon-sharing-v2,
iPhone,"iPhone14,4",17.4,is-web-client,
iPhone,"iPhone14,4",17.4,supports-beneficiary-invites,
iPhone,"iPhone14,4",17.4,supports-people-request-messages,
iPhone,"iPhone14,4",17.4,supports-avless,
iPhone,"iPhone14,4",17.4,supports-maps-waypoint-route-sharing,
iPhone,"iPhone14,4",17.4,supports-cross-platform-sharing,
iPhone,"iPhone14,4",17.4,supports-self-one-to-one-invites,
iPhone,"iPhone14,4",17.4,supports-people-request-messages-v2,
iPhone,"iPhone14,4",17.4,supports-askto,
iPhone,"iPhone14,4",17.4,supports-hybrid-groups-v1,
iPhone,"iPhone14,4",17.4,supports-findmy-plugin-messages,
iPhone,"iPhone14,4",17.4,supports-sos-alerting,True
iPhone,"iPhone14,4",17.4,supports-people-request-messages-v3,
iPhone,"iPhone14,4",17.4,supports-recurring-payment-bubbles,
iPhone,"iPhone14,4",17.4,supports-gft-relay,
iPhone,"iPhone14,4",17.4,supports-group-photo-refresh-version,
iPhone,"iPhone13,4",26.3,show-peer-errors,
iPhone,"iPhone13,4",26.3,is-c2k-equipment,
iPhone,"iPhone13,4",26.3,supports-inline-attachments,
iPhone,"iPhone13,4",26.3,supports-keep-receipts,
iPhone,"iPhone13,4",26.3,supports-location-sharing,
iPhone,"iPhone13,4",26.3,supports-media-v2,
iPhone,"iPhone13,4",26.3,supports-st-v1,
iPhone,"iPhone13,4",26.3,supports-ca-v1,
iPhone,"iPhone13,4",26.3,supports-be-v1,
iPhone,"iPhone13,4",26.3,supports-ack-v1,
iPhone,"iPhone13,4",26.3,supports-fsm-v1,
iPhone,"iPhone13,4",26.3,supports-fsm-v2,
iPhone,"iPhone13,4",26.3,supports-fsm-v3,
iPhone,"iPhone13,4",26.3,supports-ii-v1,
iPhone,"iPhone13,4",26.3,supports-impact-v1,
iPhone,"iPhone13,4",26.3,supports-update-attachments-v1,
iPhone,"iPhone13,4",26.3,supports-autoloopvideo-v1,
iPhone,"iPhone13,4",26.3,supports-photos-extension-v1,
iPhone,"iPhone13,4",26.3,supports-photos-extension-v2,
iPhone,"iPhone13,4",26.3,supports-screen-time-v2,
iPhone,"iPhone13,4",26.3,supports-live-delivery,
iPhone,"iPhone13,4",26.3,supports-audio-messaging-v2,
iPhone,"iPhone13,4",26.3,supports-animoji-v2,
iPhone,"iPhone13,4",26.3,supports-certified-delivery-v1,
iPhone,"iPhone13,4",26.3,supports-original-timestamp-v1,
iPhone,"iPhone13,4",26.3,supports-incoming-fmd-v1,
iPhone,"iPhone13,4",26.3,optionally-receive-typing-indicators,
iPhone,"iPhone13,4",26.3,nicknames-version,
iPhone,"iPhone13,4",26.3,kt-version,5.0
iPhone,"iPhone13,4",26.3,device-key-signature,
iPhone,"iPhone13,4",26.3,ec-version,1.0
iPhone,"iPhone13,4",26.3,supports-protobuf-payload-data-v2,
iPhone,"iPhone13,4",26.3,supports-heif,True
iPhone,"iPhone13,4",26.3,supports-hdr,
iPhone,"iPhone13,4",26.3,prefers-sdr,
iPhone,"iPhone13,4",26.3,supports-qta,
iPhone,"iPhone13,4",26.3,supports-modern-gft,
iPhone,"iPhone13,4",26.3,supports-co,
iPhone,"iPhone13,4",26.3,is-green-tea,
iPhone,"iPhone13,4",26.3,supports-sa-v1,
iPhone,"iPhone13,4",26.3,supports-dq-nr,
iPhone,"iPhone13,4",26.3,supports-rem,
iPhone,"iPhone13,4",26.3,supports-shared-exp,
iPhone,"iPhone13,4",26.3,supports-st-er,
iPhone,"iPhone13,4",26.3,supports-family-invite-message-bubble,
iPhone,"iPhone13,4",26.3,supports-maps-protocol-v5,
iPhone,"iPhone13,4",26.3,supports-hi-res-vid,
iPhone,"iPhone13,4",26.3,supports-live-translation,
iPhone,"iPhone13,4",26.3,supports-mirage,
iPhone,"iPhone13,4",26.3,supports-nearby-facetime,
iPhone,"iPhone13,4",26.3,supports-emoji-stickers,
iPhone,"iPhone13,4",26.3,supports-sticker-editing,
iPhone,"iPhone13,4",26.3,supports-transcript-backgrounds,
iPhone,"iPhone13,4",26.3,supports-polls,
iPhone,"iPhone13,4",26.3,supports-lqm-hq,
iPhone,"iPhone13,4",26.3,supports-group-apple-cash,
iPhone,"iPhone13,4",26.3,supports-ckv-enforcement,
iPhone,"iPhone13,4",26.3,supports-gti,
iPhone,"iPhone13,4",26.3,supports-aot,
iPhone,"iPhone13,4",26.3,supports-key-sharing,
iPhone,"iPhone13,4",26.3,supports-harmony,
iPhone,"iPhone13,4",26.3,supports-activity-sharing-v1,True
iPhone,"iPhone13,4",26.3,supports-manatee-for-apple-cash,
iPhone,"iPhone13,4",26.3,supports-region-for-apple-cash,
iPhone,"iPhone13,4",26.3,supports-fmd-v2,True
iPhone,"iPhone13,4",26.3,supports-fm-fence-v1,True
iPhone,"iPhone13,4",26.3,supports-secure-loc-v1,
iPhone,"iPhone13,4",26.3,supports-zelkova,True
iPhone,"iPhone13,4",26.3,supports-people-ranging-v1,
iPhone,"iPhone13,4",26.3,supports-beacon-sharing-v3,
iPhone,"iPhone13,4",26.3,supports-manatee-activity-sharing,
iPhone,"iPhone13,4",26.3,supports-queue-one-read-receipts-v3,
iPhone,"iPhone13,4",26.3,supports-uwb,True
iPhone,"iPhone13,4",26.3,supports-gft-errors,
iPhone,"iPhone13,4",26.3,supports-gft-calls,
iPhone,"iPhone13,4",26.3,supports-hk-resident,
iPhone,"iPhone13,4",26.3,supports-maps-routing-path-leg,
iPhone,"iPhone13,4",26.3,supports-maps-wgs84-elevation-model,
iPhone,"iPhone13,4",26.3,supports-beacon-sharing-v2,
iPhone,"iPhone13,4",26.3,is-web-client,
iPhone,"iPhone13,4",26.3,supports-beneficiary-invites,
iPhone,"iPhone13,4",26.3,supports-people-request-messages,
iPhone,"iPhone13,4",26.3,supports-avless,
iPhone,"iPhone13,4",26.3,supports-maps-waypoint-route-sharing,
iPhone,"iPhone13,4",26.3,supports-cross-platform-sharing,
iPhone,"iPhone13,4",26.3,supports-self-one-to-one-invites,
iPhone,"iPhone13,4",26.3,supports-people-request-messages-v2,
iPhone,"iPhone13,4",26.3,supports-askto,
iPhone,"iPhone13,4",26.3,supports-askto-v2,
iPhone,"iPhone13,4",26.3,supports-askto-responseUI,
iPhone,"iPhone13,4",26.3,supports-significant-app-update,
iPhone,"iPhone13,4",26.3,supports-hybrid-groups-v1,
iPhone,"iPhone13,4",26.3,supports-findmy-plugin-messages,
iPhone,"iPhone13,4",26.3,supports-sos-alerting,True
iPhone,"iPhone13,4",26.3,supports-people-request-messages-v3,
iPhone,"iPhone13,4",26.3,supports-recurring-payment-bubbles,
iPhone,"iPhone13,4",26.3,supports-gft-relay,
iPhone,"iPhone13,4",26.3,supports-group-photo-refresh-version,
iPhone,"iPhone13,4",26.3,supports-ssrc,
iPhone,"iPhone13,4",26.3,supports-emoji-tapbacks,
iPhone,"iPhone13,4",26.3,supports-send-later-messages,
iPhone,"iPhone13,4",26.3,supports-restricted-guest,
iPhone,"iPhone13,4",26.3,supports-adaptive-temperature-automations,
iPhone,"iPhone13,4",26.3,supports-emoji-images,
iPhone,"iPhone13,4",26.3,supports-stick-moji-backs,
iPhone,"iPhone13,4",26.3,supports-high-quality-photo-file-sizes,
iPhone,"iPhone13,4",26.3,supports-stewie,False
iPhone,"iPhone13,4",26.3,sender-key-message-version,
iPhone,"iPhone13,4",26.3,supports-remote-atv-signin,
iPhone,"iPhone13,4",26.3,supports-sender-key-v1,
iPhone,"iPhone13,4",26.3,supports-uriless-membership-updates,
iPhone,"iPhone13,4",26.3,supports-sender-key-self-check,
iPhone,"iPhone13,4",26.3,supports-recovery-contact-upsell,
iPhone,"iPhone13,4",26.3,supports-user-driven-call-activation,
iPhone,"iPhone13,4",26.3,supports-legacy-contact-invites-v1,
iPhone,"iPhone13,4",26.3,supports-legacy-contact-invites-v2,
iPhone,"iPhone13,4",26.3,supports-legacy-contact-invites-v3,
iPhone,"iPhone13,4",26.3,supports-calls-25,
iPhone,"iPhone13,4",26.3,supports-introductions-v1,
iPhone,"iPhone13,4",26.3,supports-rbm-chatbot,
iPad,iPad_Fall_2022,26.3,show-peer-errors,
iPad,iPad_Fall_2022,26.3,is-c2k-equipment,
iPad,iPad_Fall_2022,26.3,supports-inline-attachments,
iPad,iPad_Fall_2022,26.3,supports-keep-receipts,
iPad,iPad_Fall_2022,26.3,supports-location-sharing,
iPad,iPad_Fall_2022,26.3,supports-media-v2,
iPad,iPad_Fall_2022,26.3,supports-st-v1,
iPad,iPad_Fall_2022,26.3,supports-ca-v1,
iPad,iPad_Fall_2022,26.3,supports-be-v1,
iPad,iPad_Fall_2022,26.3,supports-ack-v1,
iPad,iPad_Fall_2022,26.3,supports-fsm-v1,
iPad,iPad_Fall_2022,26.3,supports-fsm-v2,
iPad,iPad_Fall_2022,26.3,supports-fsm-v3,
iPad,iPad_Fall_2022,26.3,supports-ii-v1,
iPad,iPad_Fall_2022,26.3,supports-impact-v1,
iPad,iPad_Fall_2022,26.3,supports-update-attachments-v1,
iPad,iPad_Fall_2022,26.3,supports-autoloopvideo-v1,
iPad,iPad_Fall_2022,26.3,supports-photos-extension-v1,
iPad,iPad_Fall_2022,26.3,supports-photos-extension-v2,
iPad,iPad_Fall_2022,26.3,supports-screen-time-v2,
iPad,iPad_Fall_2022,26.3,supports-live-delivery,
iPad,iPad_Fall_2022,26.3,supports-audio-messaging-v2,
iPad,iPad_Fall_2022,26.3,supports-animoji-v2,
iPad,iPad_Fall_2022,26.3,supports-certified-delivery-v1,
iPad,iPad_Fall_2022,26.3,supports-original-timestamp-v1,
iPad,iPad_Fall_2022,26.3,supports-incoming-fmd-v1,
iPad,iPad_Fall_2022,26.3,optionally-receive-typing-indicators,
iPad,iPad_Fall_2022,26.3,nicknames-version,
iPad,iPad_Fall_2022,26.3,kt-version,5.0
iPad,iPad_Fall_2022,26.3,device-key-signature,
iPad,iPad_Fall_2022,26.3,ec-version,1.0
iPad,iPad_Fall_2022,26.3,supports-protobuf-payload-data-v2,
iPad,iPad_Fall_2022,26.3,supports-heif,True
iPad,iPad_Fall_2022,26.3,supports-hdr,
iPad,iPad_Fall_2022,26.3,prefers-sdr,
iPad,iPad_Fall_2022,26.3,supports-qta,
iPad,iPad_Fall_2022,26.3,supports-modern-gft,
iPad,iPad_Fall_2022,26.3,supports-co,
iPad,iPad_Fall_2022,26.3,is-green-tea,
iPad,iPad_Fall_2022,26.3,supports-sa-v1,
iPad,iPad_Fall_2022,26.3,supports-dq-nr,
iPad,iPad_Fall_2022,26.3,supports-rem,
iPad,iPad_Fall_2022,26.3,supports-shared-exp,
iPad,iPad_Fall_2022,26.3,supports-st-er,
iPad,iPad_Fall_2022,26.3,supports-family-invite-message-bubble,
iPad,iPad_Fall_2022,26.3,supports-maps-protocol-v5,
iPad,iPad_Fall_2022,26.3,supports-hi-res-vid,
iPad,iPad_Fall_2022,26.3,supports-live-translation,
iPad,iPad_Fall_2022,26.3,supports-mirage,
iPad,iPad_Fall_2022,26.3,supports-nearby-facetime,
iPad,iPad_Fall_2022,26.3,supports-emoji-stickers,
iPad,iPad_Fall_2022,26.3,supports-sticker-editing,
iPad,iPad_Fall_2022,26.3,supports-transcript-backgrounds,
iPad,iPad_Fall_2022,26.3,supports-polls,
iPad,iPad_Fall_2022,26.3,supports-lqm-hq,
iPad,iPad_Fall_2022,26.3,supports-group-apple-cash,
iPad,iPad_Fall_2022,26.3,supports-ckv-enforcement,
iPad,iPad_Fall_2022,26.3,supports-gti,
iPad,iPad_Fall_2022,26.3,supports-aot,
iPad,iPad_Fall_2022,26.3,supports-key-sharing,
iPad,iPad_Fall_2022,26.3,supports-harmony,
iPad,iPad_Fall_2022,26.3,supports-activity-sharing-v1,
iPad,iPad_Fall_2022,26.3,supports-manatee-for-apple-cash,
iPad,iPad_Fall_2022,26.3,supports-region-for-apple-cash,
iPad,iPad_Fall_2022,26.3,supports-fmd-v2,True
iPad,iPad_Fall_2022,26.3,supports-fm-fence-v1,True
iPad,iPad_Fall_2022,26.3,supports-secure-loc-v1,
iPad,iPad_Fall_2022,26.3,supports-zelkova,True
iPad,iPad_Fall_2022,26.3,supports-people-ranging-v1,
iPad,iPad_Fall_2022,26.3,supports-beacon-sharing-v3,
iPad,iPad_Fall_2022,26.3,supports-manatee-activity-sharing,
iPad,iPad_Fall_2022,26.3,supports-queue-one-read-receipts-v3,
iPad,iPad_Fall_2022,26.3,supports-uwb,False
iPad,iPad_Fall_2022,26.3,supports-gft-errors,
iPad,iPad_Fall_2022,26.3,supports-gft-calls,
iPad,iPad_Fall_2022,26.3,supports-hk-resident,
iPad,iPad_Fall_2022,26.3,supports-maps-routing-path-leg,
iPad,iPad_Fall_2022,26.3,supports-maps-wgs84-elevation-model,
iPad,iPad_Fall_2022,26.3,supports-beacon-sharing-v2,
iPad,iPad_Fall_2022,26.3,is-web-client,
iPad,iPad_Fall_2022,26.3,supports-beneficiary-invites,
iPad,iPad_Fall_2022,26.3,supports-people-request-messages,
iPad,iPad_Fall_2022,26.3,supports-avless,
iPad,iPad_Fall_2022,26.3,supports-maps-waypoint-route-sharing,
iPad,iPad_Fall_2022,26.3,supports-cross-platform-sharing,
iPad,iPad_Fall_2022,26.3,supports-self-one-to-one-invites,
iPad,iPad_Fall_2022,26.3,supports-people-request-messages-v2,
iPad,iPad_Fall_2022,26.3,supports-askto,
iPad,iPad_Fall_2022,26.3,supports-askto-v2,
iPad,iPad_Fall_2022,26.3,supports-askto-responseUI,
iPad,iPad_Fall_2022,26.3,supports-significant-app-update,
iPad,iPad_Fall_2022,26.3,supports-hybrid-groups-v1,
iPad,iPad_Fall_2022,26.3,supports-findmy-plugin-messages,
iPad,iPad_Fall_2022,26.3,supports-sos-alerting,
iPad,iPad_Fall_2022,26.3,supports-people-request-messages-v3,
iPad,iPad_Fall_2022,26.3,supports-recurring-payment-bubbles,
iPad,iPad_Fall_2022,26.3,supports-gft-relay,
iPad,iPad_Fall_2022,26.3,supports-group-photo-refresh-version,
iPad,iPad_Fall_2022,26.3,supports-ssrc,
iPad,iPad_Fall_2022,26.3,supports-emoji-tapbacks,
iPad,iPad_Fall_2022,26.3,supports-send-later-messages,
iPad,iPad_Fall_2022,26.3,supports-restricted-guest,
iPad,iPad_Fall_2022,26.3,supports-adaptive-temperature-automations,
iPad,iPad_Fall_2022,26.3,supports-emoji-images,
iPad,iPad_Fall_2022,26.3,supports-stick-moji-backs,
iPad,iPad_Fall_2022,26.3,supports-high-quality-photo-file-sizes,
iPad,iPad_Fall_2022,26.3,supports-stewie,False
iPad,iPad_Fall_2022,26.3,sender-key-message-version,
iPad,iPad_Fall_2022,26.3,supports-remote-atv-signin,
iPad,iPad_Fall_2022,26.3,supports-sender-key-v1,
iPad,iPad_Fall_2022,26.3,supports-uriless-membership-updates,
iPad,iPad_Fall_2022,26.3,supports-sender-key-self-check,
iPad,iPad_Fall_2022,26.3,supports-recovery-contact-upsell,
iPad,iPad_Fall_2022,26.3,supports-user-driven-call-activation,
iPad,iPad_Fall_2022,26.3,supports-legacy-contact-invites-v1,
iPad,iPad_Fall_2022,26.3,supports-legacy-contact-invites-v2,
iPad,iPad_Fall_2022,26.3,supports-legacy-contact-invites-v3,
iPad,iPad_Fall_2022,26.3,supports-calls-25,
iPad,iPad_Fall_2022,26.3,supports-introductions-v1,
iPad,iPad_Fall_2022,26.3,supports-rbm-chatbot,
iPad,iPad_Fall_2021,26.3,show-peer-errors,
iPad,iPad_Fall_2021,26.3,is-c2k-equipment,
iPad,iPad_Fall_2021,26.3,supports-inline-attachments,
iPad,iPad_Fall_2021,26.3,supports-keep-receipts,
iPad,iPad_Fall_2021,26.3,supports-location-sharing,
iPad,iPad_Fall_2021,26.3,supports-media-v2,
iPad,iPad_Fall_2021,26.3,supports-st-v1,
iPad,iPad_Fall_2021,26.3,supports-ca-v1,
iPad,iPad_Fall_2021,26.3,supports-be-v1,
iPad,iPad_Fall_2021,26.3,supports-ack-v1,
iPad,iPad_Fall_2021,26.3,supports-fsm-v1,
iPad,iPad_Fall_2021,26.3,supports-fsm-v2,
iPad,iPad_Fall_2021,26.3,supports-fsm-v3,
iPad,iPad_Fall_2021,26.3,supports-ii-v1,
iPad,iPad_Fall_2021,26.3,supports-impact-v1,
iPad,iPad_Fall_2021,26.3,supports-update-attachments-v1,
iPad,iPad_Fall_2021,26.3,supports-autoloopvideo-v1,
iPad,iPad_Fall_2021,26.3,supports-photos-extension-v1,
iPad,iPad_Fall_2021,26.3,supports-photos-extension-v2,
iPad,iPad_Fall_2021,26.3,supports-screen-time-v2,
iPad,iPad_Fall_2021,26.3,supports-live-delivery,
iPad,iPad_Fall_2021,26.3,supports-audio-messaging-v2,
iPad,iPad_Fall_2021,26.3,supports-animoji-v2,
iPad,iPad_Fall_2021,26.3,supports-certified-delivery-v1,
iPad,iPad_Fall_2021,26.3,supports-original-timestamp-v1,
iPad,iPad_Fall_2021,26.3,supports-incoming-fmd-v1,
iPad,iPad_Fall_2021,26.3,optionally-receive-typing-indicators,
iPad,iPad_Fall_2021,26.3,nicknames-version,
iPad,iPad_Fall_2021,26.3,kt-version,5.0
iPad,iPad_Fall_2021,26.3,device-key-signature,
iPad,iPad_Fall_2021,26.3,ec-version,1.0
iPad,iPad_Fall_2021,26.3,supports-protobuf-payload-data-v2,
iPad,iPad_Fall_2021,26.3,supports-heif,True
iPad,iPad_Fall_2021,26.3,supports-hdr,
iPad,iPad_Fall_2021,26.3,prefers-sdr,
iPad,iPad_Fall_2021,26.3,supports-qta,
iPad,iPad_Fall_2021,26.3,supports-modern-gft,
iPad,iPad_Fall_2021,26.3,supports-co,
iPad,iPad_Fall_2021,26.3,is-green-tea,
iPad,iPad_Fall_2021,26.3,supports-sa-v1,
iPad,iPad_Fall_2021,26.3,supports-dq-nr,
iPad,iPad_Fall_2021,26.3,supports-rem,
iPad,iPad_Fall_2021,26.3,supports-shared-exp,
iPad,iPad_Fall_2021,26.3,supports-st-er,
iPad,iPad_Fall_2021,26.3,supports-family-invite-message-bubble,
iPad,iPad_Fall_2021,26.3,supports-maps-protocol-v5,
iPad,iPad_Fall_2021,26.3,supports-hi-res-vid,
iPad,iPad_Fall_2021,26.3,supports-live-translation,
iPad,iPad_Fall_2021,26.3,supports-mirage,
iPad,iPad_Fall_2021,26.3,supports-nearby-facetime,
iPad,iPad_Fall_2021,26.3,supports-emoji-stickers,
iPad,iPad_Fall_2021,26.3,supports-sticker-editing,
iPad,iPad_Fall_2021,26.3,supports-transcript-backgrounds,
iPad,iPad_Fall_2021,26.3,supports-polls,
iPad,iPad_Fall_2021,26.3,supports-lqm-hq,
iPad,iPad_Fall_2021,26.3,supports-group-apple-cash,
iPad,iPad_Fall_2021,26.3,supports-ckv-enforcement,
iPad,iPad_Fall_2021,26.3,supports-gti,
iPad,iPad_Fall_2021,26.3,supports-aot,
iPad,iPad_Fall_2021,26.3,supports-key-sharing,
iPad,iPad_Fall_2021,26.3,supports-harmony,
iPad,iPad_Fall_2021,26.3,supports-activity-sharing-v1,
iPad,iPad_Fall_2021,26.3,supports-manatee-for-apple-cash,
iPad,iPad_Fall_2021,26.3,supports-region-for-apple-cash,
iPad,iPad_Fall_2021,26.3,supports-fmd-v2,True
iPad,iPad_Fall_2021,26.3,supports-fm-fence-v1,True
iPad,iPad_Fall_2021,26.3,supports-secure-loc-v1,
iPad,iPad_Fall_2021,26.3,supports-zelkova,True
iPad,iPad_Fall_2021,26.3,supports-people-ranging-v1,
iPad,iPad_Fall_2021,26.3,supports-beacon-sharing-v3,
iPad,iPad_Fall_2021,26.3,supports-manatee-activity-sharing,
iPad,iPad_Fall_2021,26.3,supports-queue-one-read-receipts-v3,
iPad,iPad_Fall_2021,26.3,supports-uwb,False
iPad,iPad_Fall_2021,26.3,supports-gft-errors,
iPad,iPad_Fall_2021,26.3,supports-gft-calls,
iPad,iPad_Fall_2021,26.3,supports-hk-resident,
iPad,iPad_Fall_2021,26.3,supports-maps-routing-path-leg,
iPad,iPad_Fall_2021,26.3,supports-maps-wgs84-elevation-model,
iPad,iPad_Fall_2021,26.3,supports-beacon-sharing-v2,
iPad,iPad_Fall_2021,26.3,is-web-client,
iPad,iPad_Fall_2021,26.3,supports-beneficiary-invites,
iPad,iPad_Fall_2021,26.3,supports-people-request-messages,
iPad,iPad_Fall_2021,26.3,supports-avless,
iPad,iPad_Fall_2021,26.3,supports-maps-waypoint-route-sharing,
iPad,iPad_Fall_2021,26.3,supports-cross-platform-sharing,
iPad,iPad_Fall_2021,26.3,supports-self-one-to-one-invites,
iPad,iPad_Fall_2021,26.3,supports-people-request-messages-v2,
iPad,iPad_Fall_2021,26.3,supports-askto,
iPad,iPad_Fall_2021,26.3,supports-askto-v2,
iPad,iPad_Fall_2021,26.3,supports-askto-responseUI,
iPad,iPad_Fall_2021,26.3,supports-significant-app-update,
iPad,iPad_Fall_2021,26.3,supports-hybrid-groups-v1,
iPad,iPad_Fall_2021,26.3,supports-findmy-plugin-messages,
iPad,iPad_Fall_2021,26.3,supports-sos-alerting,
iPad,iPad_Fall_2021,26.3,supports-people-request-messages-v3,
iPad,iPad_Fall_2021,26.3,supports-recurring-payment-bubbles,
iPad,iPad_Fall_2021,26.3,supports-gft-relay,
iPad,iPad_Fall_2021,26.3,supports-group-photo-refresh-version,
iPad,iPad_Fall_2021,26.3,supports-ssrc,
iPad,iPad_Fall_2021,26.3,supports-emoji-tapbacks,
iPad,iPad_Fall_2021,26.3,supports-send-later-messages,
iPad,iPad_Fall_2021,26.3,supports-restricted-guest,
iPad,iPad_Fall_2021,26.3,supports-adaptive-temperature-automations,
iPad,iPad_Fall_2021,26.3,supports-emoji-images,
iPad,iPad_Fall_2021,26.3,supports-stick-moji-backs,
iPad,iPad_Fall_2021,26.3,supports-high-quality-photo-file-sizes,
iPad,iPad_Fall_2021,26.3,supports-stewie,False
iPad,iPad_Fall_2021,26.3,sender-key-message-version,
iPad,iPad_Fall_2021,26.3,supports-remote-atv-signin,
iPad,iPad_Fall_2021,26.3,supports-sender-key-v1,
iPad,iPad_Fall_2021,26.3,supports-uriless-membership-updates,
iPad,iPad_Fall_2021,26.3,supports-sender-key-self-check,
iPad,iPad_Fall_2021,26.3,supports-recovery-contact-upsell,
iPad,iPad_Fall_2021,26.3,supports-user-driven-call-activation,
iPad,iPad_Fall_2021,26.3,supports-legacy-contact-invites-v1,
iPad,iPad_Fall_2021,26.3,supports-legacy-contact-invites-v2,
iPad,iPad_Fall_2021,26.3,supports-legacy-contact-invites-v3,
iPad,iPad_Fall_2021,26.3,supports-calls-25,
iPad,iPad_Fall_2021,26.3,supports-introductions-v1,
iPad,iPad_Fall_2021,26.3,supports-rbm-chatbot,
iPhone,"iPhone14,8",26.3,show-peer-errors,
iPhone,"iPhone14,8",26.3,is-c2k-equipment,
iPhone,"iPhone14,8",26.3,supports-inline-attachments,
iPhone,"iPhone14,8",26.3,supports-keep-receipts,
iPhone,"iPhone14,8",26.3,supports-location-sharing,
iPhone,"iPhone14,8",26.3,supports-media-v2,
iPhone,"iPhone14,8",26.3,supports-st-v1,
iPhone,"iPhone14,8",26.3,supports-ca-v1,
iPhone,"iPhone14,8",26.3,supports-be-v1,
iPhone,"iPhone14,8",26.3,supports-ack-v1,
iPhone,"iPhone14,8",26.3,supports-fsm-v1,
iPhone,"iPhone14,8",26.3,supports-fsm-v2,
iPhone,"iPhone14,8",26.3,supports-fsm-v3,
iPhone,"iPhone14,8",26.3,supports-ii-v1,
iPhone,"iPhone14,8",26.3,supports-impact-v1,
iPhone,"iPhone14,8",26.3,supports-update-attachments-v1,
iPhone,"iPhone14,8",26.3,supports-autoloopvideo-v1,
iPhone,"iPhone14,8",26.3,supports-photos-extension-v1,
iPhone,"iPhone14,8",26.3,supports-photos-extension-v2,
iPhone,"iPhone14,8",26.3,supports-screen-time-v2,
iPhone,"iPhone14,8",26.3,supports-live-delivery,
iPhone,"iPhone14,8",26.3,supports-audio-messaging-v2,
iPhone,"iPhone14,8",26.3,supports-animoji-v2,
iPhone,"iPhone14,8",26.3,supports-certified-delivery-v1,
iPhone,"iPhone14,8",26.3,supports-original-timestamp-v1,
iPhone,"iPhone14,8",26.3,supports-incoming-fmd-v1,
iPhone,"iPhone14,8",26.3,optionally-receive-typing-indicators,
iPhone,"iPhone14,8",26.3,nicknames-version,
iPhone,"iPhone14,8",26.3,kt-version,5.0
iPhone,"iPhone14,8",26.3,device-key-signature,
iPhone,"iPhone14,8",26.3,ec-version,1.0
iPhone,"iPhone14,8",26.3,supports-protobuf-payload-data-v2,
iPhone,"iPhone14,8",26.3,supports-heif,True
iPhone,"iPhone14,8",26.3,supports-hdr,
iPhone,"iPhone14,8",26.3,prefers-sdr,
iPhone,"iPhone14,8",26.3,supports-qta,
iPhone,"iPhone14,8",26.3,supports-modern-gft,
iPhone,"iPhone14,8",26.3,supports-co,
iPhone,"iPhone14,8",26.3,is-green-tea,
iPhone,"iPhone14,8",26.3,supports-sa-v1,
iPhone,"iPhone14,8",26.3,supports-dq-nr,
iPhone,"iPhone14,8",26.3,supports-rem,
iPhone,"iPhone14,8",26.3,supports-shared-exp,
iPhone,"iPhone14,8",26.3,supports-st-er,
iPhone,"iPhone14,8",26.3,supports-family-invite-message-bubble,
iPhone,"iPhone14,8",26.3,supports-maps-protocol-v5,
iPhone,"iPhone14,8",26.3,supports-hi-res-vid,
iPhone,"iPhone14,8",26.3,supports-live-translation,
iPhone,"iPhone14,8",26.3,supports-mirage,
iPhone,"iPhone14,8",26.3,supports-nearby-facetime,
iPhone,"iPhone14,8",26.3,supports-emoji-stickers,
iPhone,"iPhone14,8",26.3,supports-sticker-editing,
iPhone,"iPhone14,8",26.3,supports-transcript-backgrounds,
iPhone,"iPhone14,8",26.3,supports-polls,
iPhone,"iPhone14,8",26.3,supports-lqm-hq,
iPhone,"iPhone14,8",26.3,supports-group-apple-cash,
iPhone,"iPhone14,8",26.3,supports-ckv-enforcement,
iPhone,"iPhone14,8",26.3,supports-gti,
iPhone,"iPhone14,8",26.3,supports-aot,
iPhone,"iPhone14,8",26.3,supports-key-sharing,
iPhone,"iPhone14,8",26.3,supports-harmony,
iPhone,"iPhone14,8",26.3,supports-activity-sharing-v1,True
iPhone,"iPhone14,8",26.3,supports-manatee-for-apple-cash,
iPhone,"iPhone14,8",26.3,supports-region-for-apple-cash,
iPhone,"iPhone14,8",26.3,supports-fmd-v2,True
iPhone,"iPhone14,8",26.3,supports-fm-fence-v1,True
iPhone,"iPhone14,8",26.3,supports-secure-loc-v1,
iPhone,"iPhone14,8",26.3,supports-zelkova,True
iPhone,"iPhone14,8",26.3,supports-people-ranging-v1,
iPhone,"iPhone14,8",26.3,supports-beacon-sharing-v3,
iPhone,"iPhone14,8",26.3,supports-manatee-activity-sharing,
iPhone,"iPhone14,8",26.3,supports-queue-one-read-receipts-v3,
iPhone,"iPhone14,8",26.3,supports-uwb,True
iPhone,"iPhone14,8",26.3,supports-gft-errors,
iPhone,"iPhone14,8",26.3,supports-gft-calls,
iPhone,"iPhone14,8",26.3,supports-hk-resident,
iPhone,"iPhone14,8",26.3,supports-maps-routing-path-leg,
iPhone,"iPhone14,8",26.3,supports-maps-wgs84-elevation-model,
iPhone,"iPhone14,8",26.3,supports-beacon-sharing-v2,
iPhone,"iPhone14,8",26.3,is-web-client,
iPhone,"iPhone14,8",26.3,supports-beneficiary-invites,
iPhone,"iPhone14,8",26.3,supports-people-request-messages,
iPhone,"iPhone14,8",26.3,supports-avless,
iPhone,"iPhone14,8",26.3,supports-maps-waypoint-route-sharing,
iPhone,"iPhone14,8",26.3,supports-cross-platform-sharing,
iPhone,"iPhone14,8",26.3,supports-self-one-to-one-invites,
iPhone,"iPhone14,8",26.3,supports-people-request-messages-v2,
iPhone,"iPhone14,8",26.3,supports-askto,
iPhone,"iPhone14,8",26.3,supports-askto-v2,
iPhone,"iPhone14,8",26.3,supports-askto-responseUI,
iPhone,"iPhone14,8",26.3,supports-significant-app-update,
iPhone,"iPhone14,8",26.3,supports-hybrid-groups-v1,
iPhone,"iPhone14,8",26.3,supports-findmy-plugin-messages,
iPhone,"iPhone14,8",26.3,supports-sos-alerting,True
iPhone,"iPhone14,8",26.3,supports-people-request-messages-v3,
iPhone,"iPhone14,8",26.3,supports-recurring-payment-bubbles,
iPhone,"iPhone14,8",26.3,supports-gft-relay,
iPhone,"iPhone14,8",26.3,supports-group-photo-refresh-version,
iPhone,"iPhone14,8",26.3,supports-ssrc,
iPhone,"iPhone14,8",26.3,supports-emoji-tapbacks,
iPhone,"iPhone14,8",26.3,supports-send-later-messages,
iPhone,"iPhone14,8",26.3,supports-restricted-guest,
iPhone,"iPhone14,8",26.3,supports-adaptive-temperature-automations,
iPhone,"iPhone14,8",26.3,supports-emoji-images,
iPhone,"iPhone14,8",26.3,supports-stick-moji-backs,
iPhone,"iPhone14,8",26.3,supports-high-quality-photo-file-sizes,
iPhone,"iPhone14,8",26.3,supports-stewie,True
iPhone,"iPhone14,8",26.3,sender-key-message-version,
iPhone,"iPhone14,8",26.3,supports-remote-atv-signin,
iPhone,"iPhone14,8",26.3,supports-sender-key-v1,
iPhone,"iPhone14,8",26.3,supports-uriless-membership-updates,
iPhone,"iPhone14,8",26.3,supports-sender-key-self-check,
iPhone,"iPhone14,8",26.3,supports-recovery-contact-upsell,
iPhone,"iPhone14,8",26.3,supports-user-driven-call-activation,
iPhone,"iPhone14,8",26.3,supports-legacy-contact-invites-v1,
iPhone,"iPhone14,8",26.3,supports-legacy-contact-invites-v2,
iPhone,"iPhone14,8",26.3,supports-legacy-contact-invites-v3,
iPhone,"iPhone14,8",26.3,supports-calls-25,
iPhone,"iPhone14,8",26.3,supports-introductions-v1,
iPhone,"iPhone14,8",26.3,supports-rbm-chatbot,
iPhone,"iPhone14,4",26.2,show-peer-errors,
iPhone,"iPhone14,4",26.2,is-c2k-equipment,
iPhone,"iPhone14,4",26.2,supports-inline-attachments,
iPhone,"iPhone14,4",26.2,supports-keep-receipts,
iPhone,"iPhone14,4",26.2,supports-location-sharing,
iPhone,"iPhone14,4",26.2,supports-media-v2,
iPhone,"iPhone14,4",26.2,supports-st-v1,
iPhone,"iPhone14,4",26.2,supports-ca-v1,
iPhone,"iPhone14,4",26.2,supports-be-v1,
iPhone,"iPhone14,4",26.2,supports-ack-v1,
iPhone,"iPhone14,4",26.2,supports-fsm-v1,
iPhone,"iPhone14,4",26.2,supports-fsm-v2,
iPhone,"iPhone14,4",26.2,supports-fsm-v3,
iPhone,"iPhone14,4",26.2,supports-ii-v1,
iPhone,"iPhone14,4",26.2,supports-impact-v1,
iPhone,"iPhone14,4",26.2,supports-update-attachments-v1,
iPhone,"iPhone14,4",26.2,supports-autoloopvideo-v1,
iPhone,"iPhone14,4",26.2,supports-photos-extension-v1,
iPhone,"iPhone14,4",26.2,supports-photos-extension-v2,
iPhone,"iPhone14,4",26.2,supports-screen-time-v2,
iPhone,"iPhone14,4",26.2,supports-live-delivery,
iPhone,"iPhone14,4",26.2,supports-audio-messaging-v2,
iPhone,"iPhone14,4",26.2,supports-animoji-v2,
iPhone,"iPhone14,4",26.2,supports-certified-delivery-v1,
iPhone,"iPhone14,4",26.2,supports-original-timestamp-v1,
iPhone,"iPhone14,4",26.2,supports-incoming-fmd-v1,
iPhone,"iPhone14,4",26.2,optionally-receive-typing-indicators,
iPhone,"iPhone14,4",26.2,nicknames-version,
iPhone,"iPhone14,4",26.2,kt-version,5.0
iPhone,"iPhone14,4",26.2,device-key-signature,
iPhone,"iPhone14,4",26.2,ec-version,1.0
iPhone,"iPhone14,4",26.2,supports-protobuf-payload-data-v2,
iPhone,"iPhone14,4",26.2,supports-heif,True
iPhone,"iPhone14,4",26.2,supports-hdr,
iPhone,"iPhone14,4",26.2,prefers-sdr,
iPhone,"iPhone14,4",26.2,supports-qta,
iPhone,"iPhone14,4",26.2,supports-modern-gft,
iPhone,"iPhone14,4",26.2,supports-co,
iPhone,"iPhone14,4",26.2,is-green-tea,
iPhone,"iPhone14,4",26.2,supports-sa-v1,
iPhone,"iPhone14,4",26.2,supports-dq-nr,
iPhone,"iPhone14,4",26.2,supports-rem,
iPhone,"iPhone14,4",26.2,supports-shared-exp,
iPhone,"iPhone14,4",26.2,supports-st-er,
iPhone,"iPhone14,4",26.2,supports-family-invite-message-bubble,
iPhone,"iPhone14,4",26.2,supports-maps-protocol-v5,
iPhone,"iPhone14,4",26.2,supports-hi-res-vid,
iPhone,"iPhone14,4",26.2,supports-live-translation,
iPhone,"iPhone14,4",26.2,supports-mirage,
iPhone,"iPhone14,4",26.2,supports-nearby-facetime,
iPhone,"iPhone14,4",26.2,supports-emoji-stickers,
iPhone,"iPhone14,4",26.2,supports-sticker-editing,
iPhone,"iPhone14,4",26.2,supports-transcript-backgrounds,
iPhone,"iPhone14,4",26.2,supports-polls,
iPhone,"iPhone14,4",26.2,supports-lqm-hq,
iPhone,"iPhone14,4",26.2,supports-group-apple-cash,
iPhone,"iPhone14,4",26.2,supports-ckv-enforcement,
iPhone,"iPhone14,4",26.2,supports-gti,
iPhone,"iPhone14,4",26.2,supports-aot,
iPhone,"iPhone14,4",26.2,supports-key-sharing,
iPhone,"iPhone14,4",26.2,supports-harmony,
iPhone,"iPhone14,4",26.2,supports-activity-sharing-v1,True
iPhone,"iPhone14,4",26.2,supports-manatee-for-apple-cash,
iPhone,"iPhone14,4",26.2,supports-region-for-apple-cash,
iPhone,"iPhone14,4",26.2,supports-fmd-v2,True
iPhone,"iPhone14,4",26.2,supports-fm-fence-v1,True
iPhone,"iPhone14,4",26.2,supports-secure-loc-v1,
iPhone,"iPhone14,4",26.2,supports-zelkova,True
iPhone,"iPhone14,4",26.2,supports-people-ranging-v1,
iPhone,"iPhone14,4",26.2,supports-beacon-sharing-v3,
iPhone,"iPhone14,4",26.2,supports-manatee-activity-sharing,
iPhone,"iPhone14,4",26.2,supports-queue-one-read-receipts-v3,
iPhone,"iPhone14,4",26.2,supports-uwb,True
iPhone,"iPhone14,4",26.2,supports-gft-errors,
iPhone,"iPhone14,4",26.2,supports-gft-calls,
iPhone,"iPhone14,4",26.2,supports-hk-resident,
iPhone,"iPhone14,4",26.2,supports-maps-routing-path-leg,
iPhone,"iPhone14,4",26.2,supports-maps-wgs84-elevation-model,
iPhone,"iPhone14,4",26.2,supports-beacon-sharing-v2,
iPhone,"iPhone14,4",26.2,is-web-client,
iPhone,"iPhone14,4",26.2,supports-beneficiary-invites,
iPhone,"iPhone14,4",26.2,supports-people-request-messages,
iPhone,"iPhone14,4",26.2,supports-avless,
iPhone,"iPhone14,4",26.2,supports-maps-waypoint-route-sharing,
iPhone,"iPhone14,4",26.2,supports-cross-platform-sharing,
iPhone,"iPhone14,4",26.2,supports-self-one-to-one-invites,
iPhone,"iPhone14,4",26.2,supports-people-request-messages-v2,
iPhone,"iPhone14,4",26.2,supports-askto,
iPhone,"iPhone14,4",26.2,supports-askto-v2,
iPhone,"iPhone14,4",26.2,supports-askto-responseUI,
iPhone,"iPhone14,4",26.2,supports-significant-app-update,
iPhone,"iPhone14,4",26.2,supports-hybrid-groups-v1,
iPhone,"iPhone14,4",26.2,supports-findmy-plugin-messages,
iPhone,"iPhone14,4",26.2,supports-sos-alerting,True
iPhone,"iPhone14,4",26.2,supports-people-request-messages-v3,
iPhone,"iPhone14,4",26.2,supports-recurring-payment-bubbles,
iPhone,"iPhone14,4",26.2,supports-gft-relay,
iPhone,"iPhone14,4",26.2,supports-group-photo-refresh-version,
iPhone,"iPhone14,4",26.2,supports-ssrc,
iPhone,"iPhone14,4",26.2,supports-emoji-tapbacks,
iPhone,"iPhone14,4",26.2,supports-send-later-messages,
iPhone,"iPhone14,4",26.2,supports-restricted-guest,
iPhone,"iPhone14,4",26.2,supports-adaptive-temperature-automations,
iPhone,"iPhone14,4",26.2,supports-emoji-images,
iPhone,"iPhone14,4",26.2,supports-stick-moji-backs,
iPhone,"iPhone14,4",26.2,supports-high-quality-photo-file-sizes,
iPhone,"iPhone14,4",26.2,supports-stewie,True
iPhone,"iPhone14,4",26.2,sender-key-message-version,
iPhone,"iPhone14,4",26.2,supports-remote-atv-signin,
iPhone,"iPhone14,4",26.2,supports-sender-key-v1,
iPhone,"iPhone14,4",26.2,supports-uriless-membership-updates,
iPhone,"iPhone14,4",26.2,supports-sender-key-self-check,
iPhone,"iPhone14,4",26.2,supports-recovery-contact-upsell,
iPhone,"iPhone14,4",26.2,supports-user-driven-call-activation,
iPhone,"iPhone14,4",26.2,supports-legacy-contact-invites-v1,
iPhone,"iPhone14,4",26.2,supports-legacy-contact-invites-v2,
iPhone,"iPhone14,4",26.2,supports-legacy-contact-invites-v3,
iPhone,"iPhone14,4",26.2,supports-calls-25,
iPhone,"iPhone14,4",26.2,supports-introductions-v1,
iPhone,"iPhone14,4",26.2,supports-rbm-chatbot,
iPhone,"iPhone14,7",18.4,show-peer-errors,
iPhone,"iPhone14,7",18.4,is-c2k-equipment,
iPhone,"iPhone14,7",18.4,supports-inline-attachments,
iPhone,"iPhone14,7",18.4,supports-keep-receipts,
iPhone,"iPhone14,7",18.4,supports-location-sharing,
iPhone,"iPhone14,7",18.4,supports-media-v2,
iPhone,"iPhone14,7",18.4,supports-st-v1,
iPhone,"iPhone14,7",18.4,supports-ca-v1,
iPhone,"iPhone14,7",18.4,supports-be-v1,
iPhone,"iPhone14,7",18.4,supports-ack-v1,
iPhone,"iPhone14,7",18.4,supports-fsm-v1,
iPhone,"iPhone14,7",18.4,supports-fsm-v2,
iPhone,"iPhone14,7",18.4,supports-fsm-v3,
iPhone,"iPhone14,7",18.4,supports-ii-v1,
iPhone,"iPhone14,7",18.4,supports-impact-v1,
iPhone,"iPhone14,7",18.4,supports-update-attachments-v1,
iPhone,"iPhone14,7",18.4,supports-autoloopvideo-v1,
iPhone,"iPhone14,7",18.4,supports-photos-extension-v1,
iPhone,"iPhone14,7",18.4,supports-photos-extension-v2,
iPhone,"iPhone14,7",18.4,supports-screen-time-v2,
iPhone,"iPhone14,7",18.4,supports-live-delivery,
iPhone,"iPhone14,7",18.4,supports-audio-messaging-v2,
iPhone,"iPhone14,7",18.4,supports-animoji-v2,
iPhone,"iPhone14,7",18.4,supports-certified-delivery-v1,
iPhone,"iPhone14,7",18.4,supports-original-timestamp-v1,
iPhone,"iPhone14,7",18.4,supports-incoming-fmd-v1,
iPhone,"iPhone14,7",18.4,optionally-receive-typing-indicators,
iPhone,"iPhone14,7",18.4,nicknames-version,
iPhone,"iPhone14,7",18.4,kt-version,5.0
iPhone,"iPhone14,7",18.4,device-key-signature,
iPhone,"iPhone14,7",18.4,ec-version,1.0
iPhone,"iPhone14,7",18.4,supports-protobuf-payload-data-v2,
iPhone,"iPhone14,7",18.4,supports-heif,True
iPhone,"iPhone14,7",18.4,supports-hdr,
iPhone,"iPhone14,7",18.4,prefers-sdr,
iPhone,"iPhone14,7",18.4,supports-modern-gft,
iPhone,"iPhone14,7",18.4,supports-co,
iPhone,"iPhone14,7",18.4,is-green-tea,
iPhone,"iPhone14,7",18.4,supports-sa-v1,
iPhone,"iPhone14,7",18.4,supports-dq-nr,
iPhone,"iPhone14,7",18.4,supports-rem,
iPhone,"iPhone14,7",18.4,supports-shared-exp,
iPhone,"iPhone14,7",18.4,supports-st-er,
iPhone,"iPhone14,7",18.4,supports-family-invite-message-bubble,
iPhone,"iPhone14,7",18.4,supports-maps-protocol-v5,
iPhone,"iPhone14,7",18.4,supports-hi-res-vid,
iPhone,"iPhone14,7",18.4,supports-mirage,
iPhone,"iPhone14,7",18.4,supports-emoji-stickers,
iPhone,"iPhone14,7",18.4,supports-sticker-editing,
iPhone,"iPhone14,7",18.4,supports-key-sharing,
iPhone,"iPhone14,7",18.4,supports-harmony,
iPhone,"iPhone14,7",18.4,supports-activity-sharing-v1,True
iPhone,"iPhone14,7",18.4,supports-manatee-for-apple-cash,
iPhone,"iPhone14,7",18.4,supports-region-for-apple-cash,
iPhone,"iPhone14,7",18.4,supports-fmd-v2,True
iPhone,"iPhone14,7",18.4,supports-fm-fence-v1,True
iPhone,"iPhone14,7",18.4,supports-secure-loc-v1,
iPhone,"iPhone14,7",18.4,supports-zelkova,True
iPhone,"iPhone14,7",18.4,supports-people-ranging-v1,
iPhone,"iPhone14,7",18.4,supports-beacon-sharing-v3,
iPhone,"iPhone14,7",18.4,supports-manatee-activity-sharing,
iPhone,"iPhone14,7",18.4,supports-uwb,True
iPhone,"iPhone14,7",18.4,supports-gft-errors,
iPhone,"iPhone14,7",18.4,supports-gft-calls,
iPhone,"iPhone14,7",18.4,supports-hk-resident,
iPhone,"iPhone14,7",18.4,supports-maps-routing-path-leg,
iPhone,"iPhone14,7",18.4,supports-beacon-sharing-v2,
iPhone,"iPhone14,7",18.4,is-web-client,
iPhone,"iPhone14,7",18.4,supports-beneficiary-invites,
iPhone,"iPhone14,7",18.4,supports-people-request-messages,
iPhone,"iPhone14,7",18.4,supports-avless,
iPhone,"iPhone14,7",18.4,supports-maps-waypoint-route-sharing,
iPhone,"iPhone14,7",18.4,supports-cross-platform-sharing,
iPhone,"iPhone14,7",18.4,supports-self-one-to-one-invites,
iPhone,"iPhone14,7",18.4,supports-people-request-messages-v2,
iPhone,"iPhone14,7",18.4,supports-askto,
iPhone,"iPhone14,7",18.4,supports-hybrid-groups-v1,
iPhone,"iPhone14,7",18.4,supports-findmy-plugin-messages,
iPhone,"iPhone14,7",18.4,supports-sos-alerting,True
iPhone,"iPhone14,7",18.4,supports-people-request-messages-v3,
iPhone,"iPhone14,7",18.4,supports-recurring-payment-bubbles,
iPhone,"iPhone14,7",18.4,supports-gft-relay,
iPhone,"iPhone14,7",18.4,supports-group-photo-refresh-version,
iPhone,"iPhone14,7",18.4,supports-ssrc,
iPhone,"iPhone14,7",18.4,supports-emoji-tapbacks,
iPhone,"iPhone14,7",18.4,supports-send-later-messages,
iPhone,"iPhone14,7",18.4,supports-restricted-guest,
iPhone,"iPhone14,7",18.4,supports-emoji-images,
iPhone,"iPhone14,7",18.4,supports-stick-moji-backs,
iPhone,"iPhone14,7",18.4,supports-high-quality-photo-file-sizes,
iPhone,"iPhone14,7",18.4,supports-stewie,True
iPhone,"iPhone14,7",18.4,sender-key-message-version,
iPhone,"iPhone14,7",18.4,supports-remote-atv-signin,
iPhone,"iPhone14,7",18.4,supports-sender-key-v1,
iPhone,"iPhone14,7",18.4,supports-sender-key-self-check,
iPhone,"iPhone14,7",18.4,supports-recovery-contact-upsell,
iPhone,"iPhone14,7",18.4,supports-user-driven-call-activation,
iPhone,"iPhone14,7",18.4,supports-legacy-contact-invites-v1,
iPhone,"iPhone14,7",18.4,supports-rbm-chatbot,
iPhone,"iPhone15,5",26.3,show-peer-errors,
iPhone,"iPhone15,5",26.3,is-c2k-equipment,
iPhone,"iPhone15,5",26.3,supports-inline-attachments,
iPhone,"iPhone15,5",26.3,supports-keep-receipts,
iPhone,"iPhone15,5",26.3,supports-location-sharing,
iPhone,"iPhone15,5",26.3,supports-media-v2,
iPhone,"iPhone15,5",26.3,supports-st-v1,
iPhone,"iPhone15,5",26.3,supports-ca-v1,
iPhone,"iPhone15,5",26.3,supports-be-v1,
iPhone,"iPhone15,5",26.3,supports-ack-v1,
iPhone,"iPhone15,5",26.3,supports-fsm-v1,
iPhone,"iPhone15,5",26.3,supports-fsm-v2,
iPhone,"iPhone15,5",26.3,supports-fsm-v3,
iPhone,"iPhone15,5",26.3,supports-ii-v1,
iPhone,"iPhone15,5",26.3,supports-impact-v1,
iPhone,"iPhone15,5",26.3,supports-update-attachments-v1,
iPhone,"iPhone15,5",26.3,supports-autoloopvideo-v1,
iPhone,"iPhone15,5",26.3,supports-photos-extension-v1,
iPhone,"iPhone15,5",26.3,supports-photos-extension-v2,
iPhone,"iPhone15,5",26.3,supports-screen-time-v2,
iPhone,"iPhone15,5",26.3,supports-live-delivery,
iPhone,"iPhone15,5",26.3,supports-audio-messaging-v2,
iPhone,"iPhone15,5",26.3,supports-animoji-v2,
iPhone,"iPhone15,5",26.3,supports-certified-delivery-v1,
iPhone,"iPhone15,5",26.3,supports-original-timestamp-v1,
iPhone,"iPhone15,5",26.3,supports-incoming-fmd-v1,
iPhone,"iPhone15,5",26.3,optionally-receive-typing-indicators,
iPhone,"iPhone15,5",26.3,nicknames-version,
iPhone,"iPhone15,5",26.3,kt-version,5.0
iPhone,"iPhone15,5",26.3,device-key-signature,
iPhone,"iPhone15,5",26.3,ec-version,1.0
iPhone,"iPhone15,5",26.3,supports-protobuf-payload-data-v2,
iPhone,"iPhone15,5",26.3,supports-heif,True
iPhone,"iPhone15,5",26.3,supports-hdr,
iPhone,"iPhone15,5",26.3,prefers-sdr,
iPhone,"iPhone15,5",26.3,supports-qta,
iPhone,"iPhone15,5",26.3,supports-modern-gft,
iPhone,"iPhone15,5",26.3,supports-co,
iPhone,"iPhone15,5",26.3,is-green-tea,
iPhone,"iPhone15,5",26.3,supports-sa-v1,
iPhone,"iPhone15,5",26.3,supports-dq-nr,
iPhone,"iPhone15,5",26.3,supports-rem,
iPhone,"iPhone15,5",26.3,supports-shared-exp,
iPhone,"iPhone15,5",26.3,supports-st-er,
iPhone,"iPhone15,5",26.3,supports-family-invite-message-bubble,
iPhone,"iPhone15,5",26.3,supports-maps-protocol-v5,
iPhone,"iPhone15,5",26.3,supports-hi-res-vid,
iPhone,"iPhone15,5",26.3,supports-live-translation,
iPhone,"iPhone15,5",26.3,supports-mirage,
iPhone,"iPhone15,5",26.3,supports-nearby-facetime,
iPhone,"iPhone15,5",26.3,supports-emoji-stickers,
iPhone,"iPhone15,5",26.3,supports-sticker-editing,
iPhone,"iPhone15,5",26.3,supports-transcript-backgrounds,
iPhone,"iPhone15,5",26.3,supports-polls,
iPhone,"iPhone15,5",26.3,supports-lqm-hq,
iPhone,"iPhone15,5",26.3,supports-group-apple-cash,
iPhone,"iPhone15,5",26.3,supports-ckv-enforcement,
iPhone,"iPhone15,5",26.3,supports-gti,
iPhone,"iPhone15,5",26.3,supports-aot,
iPhone,"iPhone15,5",26.3,supports-key-sharing,
iPhone,"iPhone15,5",26.3,supports-harmony,
iPhone,"iPhone15,5",26.3,supports-activity-sharing-v1,True
iPhone,"iPhone15,5",26.3,supports-manatee-for-apple-cash,
iPhone,"iPhone15,5",26.3,supports-region-for-apple-cash,
iPhone,"iPhone15,5",26.3,supports-fmd-v2,True
iPhone,"iPhone15,5",26.3,supports-fm-fence-v1,True
iPhone,"iPhone15,5",26.3,supports-secure-loc-v1,
iPhone,"iPhone15,5",26.3,supports-zelkova,True
iPhone,"iPhone15,5",26.3,supports-people-ranging-v1,
iPhone,"iPhone15,5",26.3,supports-beacon-sharing-v3,
iPhone,"iPhone15,5",26.3,supports-manatee-activity-sharing,
iPhone,"iPhone15,5",26.3,supports-queue-one-read-receipts-v3,
iPhone,"iPhone15,5",26.3,supports-uwb,True
iPhone,"iPhone15,5",26.3,supports-gft-errors,
iPhone,"iPhone15,5",26.3,supports-gft-calls,
iPhone,"iPhone15,5",26.3,supports-hk-resident,
iPhone,"iPhone15,5",26.3,supports-maps-routing-path-leg,
iPhone,"iPhone15,5",26.3,supports-maps-wgs84-elevation-model,
iPhone,"iPhone15,5",26.3,supports-beacon-sharing-v2,
iPhone,"iPhone15,5",26.3,is-web-client,
iPhone,"iPhone15,5",26.3,supports-beneficiary-invites,
iPhone,"iPhone15,5",26.3,supports-people-request-messages,
iPhone,"iPhone15,5",26.3,supports-avless,
iPhone,"iPhone15,5",26.3,supports-maps-waypoint-route-sharing,
iPhone,"iPhone15,5",26.3,supports-cross-platform-sharing,
iPhone,"iPhone15,5",26.3,supports-self-one-to-one-invites,
iPhone,"iPhone15,5",26.3,supports-people-request-messages-v2,
iPhone,"iPhone15,5",26.3,supports-askto,
iPhone,"iPhone15,5",26.3,supports-askto-v2,
iPhone,"iPhone15,5",26.3,supports-askto-responseUI,
iPhone,"iPhone15,5",26.3,supports-significant-app-update,
iPhone,"iPhone15,5",26.3,supports-hybrid-groups-v1,
iPhone,"iPhone15,5",26.3,supports-findmy-plugin-messages,
iPhone,"iPhone15,5",26.3,supports-sos-alerting,True
iPhone,"iPhone15,5",26.3,supports-people-request-messages-v3,
iPhone,"iPhone15,5",26.3,supports-recurring-payment-bubbles,
iPhone,"iPhone15,5",26.3,supports-gft-relay,
iPhone,"iPhone15,5",26.3,supports-group-photo-refresh-version,
iPhone,"iPhone15,5",26.3,supports-ssrc,
iPhone,"iPhone15,5",26.3,supports-emoji-tapbacks,
iPhone,"iPhone15,5",26.3,supports-send-later-messages,
iPhone,"iPhone15,5",26.3,supports-restricted-guest,
iPhone,"iPhone15,5",26.3,supports-adaptive-temperature-automations,
iPhone,"iPhone15,5",26.3,supports-emoji-images,
iPhone,"iPhone15,5",26.3,supports-stick-moji-backs,
iPhone,"iPhone15,5",26.3,supports-high-quality-photo-file-sizes,
iPhone,"iPhone15,5",26.3,supports-stewie,True
iPhone,"iPhone15,5",26.3,sender-key-message-version,
iPhone,"iPhone15,5",26.3,supports-remote-atv-signin,
iPhone,"iPhone15,5",26.3,supports-sender-key-v1,
iPhone,"iPhone15,5",26.3,supports-uriless-membership-updates,
iPhone,"iPhone15,5",26.3,supports-sender-key-self-check,
iPhone,"iPhone15,5",26.3,supports-recovery-contact-upsell,
iPhone,"iPhone15,5",26.3,supports-user-driven-call-activation,
iPhone,"iPhone15,5",26.3,supports-legacy-contact-invites-v1,
iPhone,"iPhone15,5",26.3,supports-legacy-contact-invites-v2,
iPhone,"iPhone15,5",26.3,supports-legacy-contact-invites-v3,
iPhone,"iPhone15,5",26.3,supports-calls-25,
iPhone,"iPhone15,5",26.3,supports-introductions-v1,
iPhone,"iPhone15,5",26.3,supports-rbm-chatbot,
iPhone,"iPhone10,3",12.0,show-peer-errors,
iPhone,"iPhone10,6",12.0,show-peer-errors,
iPhone,"iPhone10,3",12.0,is-c2k-equipment,
iPhone,"iPhone10,6",12.0,is-c2k-equipment,
iPhone,"iPhone10,3",12.0,supports-inline-attachments,
iPhone,"iPhone10,6",12.0,supports-inline-attachments,
iPhone,"iPhone10,3",12.0,supports-keep-receipts,
iPhone,"iPhone10,6",12.0,supports-keep-receipts,
iPhone,"iPhone10,3",12.0,supports-location-sharing,
iPhone,"iPhone10,6",12.0,supports-location-sharing,
iPhone,"iPhone10,3",12.0,supports-media-v2,
iPhone,"iPhone10,6",12.0,supports-media-v2,
iPhone,"iPhone10,3",12.0,supports-st-v1,
iPhone,"iPhone10,6",12.0,supports-st-v1,
iPhone,"iPhone10,3",12.0,supports-ca-v1,
iPhone,"iPhone10,6",12.0,supports-ca-v1,
iPhone,"iPhone10,3",12.0,supports-be-v1,
iPhone,"iPhone10,6",12.0,supports-be-v1,
iPhone,"iPhone10,3",12.0,supports-ack-v1,
iPhone,"iPhone10,6",12.0,supports-ack-v1,
iPhone,"iPhone10,3",12.0,supports-fsm-v1,
iPhone,"iPhone10,6",12.0,supports-fsm-v1,
iPhone,"iPhone10,3",12.0,supports-fsm-v2,
iPhone,"iPhone10,6",12.0,supports-fsm-v2,
iPhone,"iPhone10,3",12.0,supports-fsm-v3,
iPhone,"iPhone10,6",12.0,supports-fsm-v3,
iPhone,"iPhone10,3",12.0,supports-ii-v1,
iPhone,"iPhone10,6",12.0,supports-ii-v1,
iPhone,"iPhone10,3",12.0,supports-impact-v1,
iPhone,"iPhone10,6",12.0,supports-impact-v1,
iPhone,"iPhone10,3",12.0,supports-update-attachments-v1,
iPhone,"iPhone10,6",12.0,supports-update-attachments-v1,
iPhone,"iPhone10,3",12.0,supports-autoloopvideo-v1,
iPhone,"iPhone10,6",12.0,supports-autoloopvideo-v1,
iPhone,"iPhone10,3",12.0,supports-photos-extension-v1,
iPhone,"iPhone10,6",12.0,supports-photos-extension-v1,
iPhone,"iPhone10,3",12.0,supports-activity-sharing-v1,True
iPhone,"iPhone10,6",12.0,supports-activity-sharing-v1,True
iPhone,"iPhone10,3",12.0,optionally-receive-typing-indicators,
iPhone,"iPhone10,6",12.0,optionally-receive-typing-indicators,
Mac,UniversalMac,11.0.1,show-peer-errors,
Mac,UniversalMac,11.0.1,is-c2k-equipment,False
Mac,UniversalMac,11.0.1,supports-inline-attachments,
Mac,UniversalMac,11.0.1,supports-keep-receipts,
Mac,UniversalMac,11.0.1,supports-location-sharing,
Mac,UniversalMac,11.0.1,supports-media-v2,
Mac,UniversalMac,11.0.1,supports-st-v1,
Mac,UniversalMac,11.0.1,supports-ca-v1,
Mac,UniversalMac,11.0.1,supports-be-v1,
Mac,UniversalMac,11.0.1,supports-ack-v1,
Mac,UniversalMac,11.0.1,supports-fsm-v1,
Mac,UniversalMac,11.0.1,supports-fsm-v2,
Mac,UniversalMac,11.0.1,supports-fsm-v3,
Mac,UniversalMac,11.0.1,supports-ii-v1,
Mac,UniversalMac,11.0.1,supports-impact-v1,
Mac,UniversalMac,11.0.1,supports-update-attachments-v1,
Mac,UniversalMac,11.0.1,supports-autoloopvideo-v1,
Mac,UniversalMac,11.0.1,supports-photos-extension-v1,
Mac,UniversalMac,11.0.1,supports-screen-time-v2,
Mac,UniversalMac,11.0.1,supports-live-delivery,
Mac,UniversalMac,11.0.1,supports-audio-messaging-v2,
Mac,UniversalMac,11.0.1,supports-animoji-v2,True
Mac,UniversalMac,11.0.1,supports-certified-delivery-v1,
Mac,UniversalMac,11.0.1,supports-original-timestamp-v1,
Mac,UniversalMac,11.0.1,supports-incoming-fmd-v1,
Mac,UniversalMac,11.0.1,optionally-receive-typing-indicators,
Mac,UniversalMac,11.0.1,nicknames-version,
Mac,UniversalMac,11.0.1,kt-version,4.0
Mac,UniversalMac,11.0.1,ec-version,1.0
Mac,UniversalMac,11.0.1,supports-protobuf-payload-data-v2,
Mac,UniversalMac,11.0.1,supports-heif,True
Mac,UniversalMac,11.0.1,supports-hdr,True
Mac,UniversalMac,11.0.1,prefers-sdr,
Mac,UniversalMac,11.0.1,supports-key-sharing,
Mac,UniversalMac,11.0.1,supports-harmony,False
Mac,UniversalMac,11.0.1,supports-fmd-v2,
Mac,UniversalMac,11.0.1,supports-fm-fence-v1,
iPhone,"iPhone14,4",17.1,show-peer-errors,
iPhone,"iPhone14,4",17.1,is-c2k-equipment,
iPhone,"iPhone14,4",17.1,supports-inline-attachments,
iPhone,"iPhone14,4",17.1,supports-keep-receipts,
iPhone,"iPhone14,4",17.1,supports-location-sharing,
iPhone,"iPhone14,4",17.1,supports-media-v2,
iPhone,"iPhone14,4",17.1,supports-st-v1,
iPhone,"iPhone14,4",17.1,supports-ca-v1,
iPhone,"iPhone14,4",17.1,supports-be-v1,
iPhone,"iPhone14,4",17.1,supports-ack-v1,
iPhone,"iPhone14,4",17.1,supports-fsm-v1,
iPhone,"iPhone14,4",17.1,supports-fsm-v2,
iPhone,"iPhone14,4",17.1,supports-fsm-v3,
iPhone,"iPhone14,4",17.1,supports-ii-v1,
iPhone,"iPhone14,4",17.1,supports-impact-v1,
iPhone,"iPhone14,4",17.1,supports-update-attachments-v1,
iPhone,"iPhone14,4",17.1,supports-autoloopvideo-v1,
iPhone,"iPhone14,4",17.1,supports-photos-extension-v1,
iPhone,"iPhone14,4",17.1,supports-photos-extension-v2,
iPhone,"iPhone14,4",17.1,supports-screen-time-v2,
iPhone,"iPhone14,4",17.1,supports-live-delivery,
iPhone,"iPhone14,4",17.1,supports-audio-messaging-v2,
iPhone,"iPhone14,4",17.1,supports-animoji-v2,
iPhone,"iPhone14,4",17.1,supports-certified-delivery-v1,
iPhone,"iPhone14,4",17.1,supports-original-timestamp-v1,
iPhone,"iPhone14,4",17.1,supports-incoming-fmd-v1,
iPhone,"iPhone14,4",17.1,optionally-receive-typing-indicators,
iPhone,"iPhone14,4",17.1,nicknames-version,
iPhone,"iPhone14,4",17.1,kt-version,5.0
iPhone,"iPhone14,4",17.1,device-key-signature,
iPhone,"iPhone14,4",17.1,ec-version,1.0
iPhone,"iPhone14,4",17.1,supports-protobuf-payload-data-v2,
iPhone,"iPhone14,4",17.1,supports-heif,True
iPhone,"iPhone14,4",17.1,supports-hdr,
iPhone,"iPhone14,4",17.1,prefers-sdr,
iPhone,"iPhone14,4",17.1,supports-modern-gft,
iPhone,"iPhone14,4",17.1,supports-co,
iPhone,"iPhone14,4",17.1,is-green-tea,
iPhone,"iPhone14,4",17.1,supports-sa-v1,
iPhone,"iPhone14,4",17.1,supports-dq-nr,
iPhone,"iPhone14,4",17.1,supports-rem,
iPhone,"iPhone14,4",17.1,supports-shared-exp,
iPhone,"iPhone14,4",17.1,supports-st-er,
iPhone,"iPhone14,4",17.1,supports-family-invite-message-bubble,
iPhone,"iPhone14,4",17.1,supports-maps-protocol-v5,
iPhone,"iPhone14,4",17.1,supports-hi-res-vid,
iPhone,"iPhone14,4",17.1,supports-mirage,
iPhone,"iPhone14,4",17.1,supports-emoji-stickers,
iPhone,"iPhone14,4",17.1,supports-sticker-editing,
iPhone,"iPhone14,4",17.1,supports-key-sharing,
iPhone,"iPhone14,4",17.1,supports-harmony,
iPhone,"iPhone14,4",17.1,supports-activity-sharing-v1,True
iPhone,"iPhone14,4",17.1,supports-manatee-for-apple-cash,
iPhone,"iPhone14,4",17.1,supports-region-for-apple-cash,
iPhone,"iPhone14,4",17.1,supports-fmd-v2,
iPhone,"iPhone14,4",17.1,supports-fm-fence-v1,True
iPhone,"iPhone14,4",17.1,supports-secure-loc-v1,
iPhone,"iPhone14,4",17.1,supports-zelkova,False
iPhone,"iPhone14,4",17.1,supports-people-ranging-v1,
iPhone,"iPhone14,4",17.1,supports-beacon-sharing-v3,
iPhone,"iPhone14,4",17.1,supports-uwb,True
iPhone,"iPhone14,4",17.1,supports-gft-errors,
iPhone,"iPhone14,4",17.1,supports-gft-calls,
iPhone,"iPhone14,4",17.1,supports-hk-resident,
iPhone,"iPhone14,4",17.1,supports-maps-routing-path-leg,
iPhone,"iPhone14,4",17.1,supports-beacon-sharing-v2,
iPhone,"iPhone14,4",17.1,is-web-client,
iPhone,"iPhone14,4",17.1,supports-beneficiary-invites,
iPhone,"iPhone14,4",17.1,supports-people-request-messages,
iPhone,"iPhone14,4",17.1,supports-avless,
iPhone,"iPhone14,4",17.1,supports-maps-waypoint-route-sharing,
iPhone,"iPhone14,4",17.1,supports-cross-platform-sharing,
iPhone,"iPhone14,4",17.1,supports-self-one-to-one-invites,
iPhone,"iPhone14,4",17.1,supports-people-request-messages-v2,
iPhone,"iPhone14,4",17.1,supports-askto,
iPhone,"iPhone14,4",17.1,supports-hybrid-groups-v1,
iPhone,"iPhone14,4",17.1,supports-findmy-plugin-messages,
iPhone,"iPhone14,4",17.1,supports-sos-alerting,True
iPhone,"iPhone14,4",17.1,supports-people-request-messages-v3,
iPhone,"iPhone14,4",17.1,supports-recurring-payment-bubbles,
iPhone,"iPhone14,4",17.1,supports-gft-relay,
iPhone,"iPhone17,3",26.2,show-peer-errors,
iPhone,"iPhone17,3",26.2,is-c2k-equipment,
iPhone,"iPhone17,3",26.2,supports-inline-attachments,
iPhone,"iPhone17,3",26.2,supports-keep-receipts,
iPhone,"iPhone17,3",26.2,supports-location-sharing,
iPhone,"iPhone17,3",26.2,supports-media-v2,
iPhone,"iPhone17,3",26.2,supports-st-v1,
iPhone,"iPhone17,3",26.2,supports-ca-v1,
iPhone,"iPhone17,3",26.2,supports-be-v1,
iPhone,"iPhone17,3",26.2,supports-ack-v1,
iPhone,"iPhone17,3",26.2,supports-fsm-v1,
iPhone,"iPhone17,3",26.2,supports-fsm-v2,
iPhone,"iPhone17,3",26.2,supports-fsm-v3,
iPhone,"iPhone17,3",26.2,supports-ii-v1,
iPhone,"iPhone17,3",26.2,supports-impact-v1,
iPhone,"iPhone17,3",26.2,supports-update-attachments-v1,
iPhone,"iPhone17,3",26.2,supports-autoloopvideo-v1,
iPhone,"iPhone17,3",26.2,supports-photos-extension-v1,
iPhone,"iPhone17,3",26.2,supports-photos-extension-v2,
iPhone,"iPhone17,3",26.2,supports-screen-time-v2,
iPhone,"iPhone17,3",26.2,supports-live-delivery,
iPhone,"iPhone17,3",26.2,supports-audio-messaging-v2,
iPhone,"iPhone17,3",26.2,supports-animoji-v2,
iPhone,"iPhone17,3",26.2,supports-certified-delivery-v1,
iPhone,"iPhone17,3",26.2,supports-original-timestamp-v1,
iPhone,"iPhone17,3",26.2,supports-incoming-fmd-v1,
iPhone,"iPhone17,3",26.2,optionally-receive-typing-indicators,
iPhone,"iPhone17,3",26.2,nicknames-version,
iPhone,"iPhone17,3",26.2,kt-version,5.0
iPhone,"iPhone17,3",26.2,device-key-signature,
iPhone,"iPhone17,3",26.2,ec-version,1.0
iPhone,"iPhone17,3",26.2,supports-protobuf-payload-data-v2,
iPhone,"iPhone17,3",26.2,supports-heif,True
iPhone,"iPhone17,3",26.2,supports-hdr,
iPhone,"iPhone17,3",26.2,prefers-sdr,
iPhone,"iPhone17,3",26.2,supports-qta,
iPhone,"iPhone17,3",26.2,supports-modern-gft,
iPhone,"iPhone17,3",26.2,supports-co,
iPhone,"iPhone17,3",26.2,is-green-tea,
iPhone,"iPhone17,3",26.2,supports-sa-v1,
iPhone,"iPhone17,3",26.2,supports-dq-nr,
iPhone,"iPhone17,3",26.2,supports-rem,
iPhone,"iPhone17,3",26.2,supports-shared-exp,
iPhone,"iPhone17,3",26.2,supports-st-er,
iPhone,"iPhone17,3",26.2,supports-family-invite-message-bubble,
iPhone,"iPhone17,3",26.2,supports-maps-protocol-v5,
iPhone,"iPhone17,3",26.2,supports-hi-res-vid,
iPhone,"iPhone17,3",26.2,supports-live-translation,
iPhone,"iPhone17,3",26.2,supports-mirage,
iPhone,"iPhone17,3",26.2,supports-nearby-facetime,
iPhone,"iPhone17,3",26.2,supports-emoji-stickers,
iPhone,"iPhone17,3",26.2,supports-sticker-editing,
iPhone,"iPhone17,3",26.2,supports-transcript-backgrounds,
iPhone,"iPhone17,3",26.2,supports-polls,
iPhone,"iPhone17,3",26.2,supports-lqm-hq,
iPhone,"iPhone17,3",26.2,supports-group-apple-cash,
iPhone,"iPhone17,3",26.2,supports-ckv-enforcement,
iPhone,"iPhone17,3",26.2,supports-gti,
iPhone,"iPhone17,3",26.2,supports-aot,
iPhone,"iPhone17,3",26.2,supports-key-sharing,
iPhone,"iPhone17,3",26.2,supports-harmony,
iPhone,"iPhone17,3",26.2,supports-activity-sharing-v1,True
iPhone,"iPhone17,3",26.2,supports-manatee-for-apple-cash,
iPhone,"iPhone17,3",26.2,supports-region-for-apple-cash,
iPhone,"iPhone17,3",26.2,supports-fmd-v2,True
iPhone,"iPhone17,3",26.2,supports-fm-fence-v1,True
iPhone,"iPhone17,3",26.2,supports-secure-loc-v1,
iPhone,"iPhone17,3",26.2,supports-zelkova,True
iPhone,"iPhone17,3",26.2,supports-people-ranging-v1,
iPhone,"iPhone17,3",26.2,supports-beacon-sharing-v3,
iPhone,"iPhone17,3",26.2,supports-manatee-activity-sharing,
iPhone,"iPhone17,3",26.2,supports-queue-one-read-receipts-v3,
iPhone,"iPhone17,3",26.2,supports-uwb,True
iPhone,"iPhone17,3",26.2,supports-gft-errors,
iPhone,"iPhone17,3",26.2,supports-gft-calls,
iPhone,"iPhone17,3",26.2,supports-hk-resident,
iPhone,"iPhone17,3",26.2,supports-maps-routing-path-leg,
iPhone,"iPhone17,3",26.2,supports-maps-wgs84-elevation-model,
iPhone,"iPhone17,3",26.2,supports-beacon-sharing-v2,
iPhone,"iPhone17,3",26.2,is-web-client,
iPhone,"iPhone17,3",26.2,supports-beneficiary-invites,
iPhone,"iPhone17,3",26.2,supports-people-request-messages,
iPhone,"iPhone17,3",26.2,supports-avless,
iPhone,"iPhone17,3",26.2,supports-maps-waypoint-route-sharing,
iPhone,"iPhone17,3",26.2,supports-cross-platform-sharing,
iPhone,"iPhone17,3",26.2,supports-self-one-to-one-invites,
iPhone,"iPhone17,3",26.2,supports-people-request-messages-v2,
iPhone,"iPhone17,3",26.2,supports-askto,
iPhone,"iPhone17,3",26.2,supports-askto-v2,
iPhone,"iPhone17,3",26.2,supports-askto-responseUI,
iPhone,"iPhone17,3",26.2,supports-significant-app-update,
iPhone,"iPhone17,3",26.2,supports-hybrid-groups-v1,
iPhone,"iPhone17,3",26.2,supports-findmy-plugin-messages,
iPhone,"iPhone17,3",26.2,supports-sos-alerting,True
iPhone,"iPhone17,3",26.2,supports-people-request-messages-v3,
iPhone,"iPhone17,3",26.2,supports-recurring-payment-bubbles,
iPhone,"iPhone17,3",26.2,supports-gft-relay,
iPhone,"iPhone17,3",26.2,supports-group-photo-refresh-version,
iPhone,"iPhone17,3",26.2,supports-ssrc,
iPhone,"iPhone17,3",26.2,supports-emoji-tapbacks,
iPhone,"iPhone17,3",26.2,supports-send-later-messages,
iPhone,"iPhone17,3",26.2,supports-restricted-guest,
iPhone,"iPhone17,3",26.2,supports-adaptive-temperature-automations,
iPhone,"iPhone17,3",26.2,supports-emoji-images,
iPhone,"iPhone17,3",26.2,supports-stick-moji-backs,
iPhone,"iPhone17,3",26.2,supports-high-quality-photo-file-sizes,
iPhone,"iPhone17,3",26.2,supports-stewie,True
iPhone,"iPhone17,3",26.2,sender-key-message-version,
iPhone,"iPhone17,3",26.2,supports-remote-atv-signin,
iPhone,"iPhone17,3",26.2,supports-sender-key-v1,
iPhone,"iPhone17,3",26.2,supports-uriless-membership-updates,
iPhone,"iPhone17,3",26.2,supports-sender-key-self-check,
iPhone,"iPhone17,3",26.2,supports-recovery-contact-upsell,
iPhone,"iPhone17,3",26.2,supports-user-driven-call-activation,
iPhone,"iPhone17,3",26.2,supports-legacy-contact-invites-v1,
iPhone,"iPhone17,3",26.2,supports-legacy-contact-invites-v2,
iPhone,"iPhone17,3",26.2,supports-legacy-contact-invites-v3,
iPhone,"iPhone17,3",26.2,supports-calls-25,
iPhone,"iPhone17,3",26.2,supports-introductions-v1,
iPhone,"iPhone17,3",26.2,supports-rbm-chatbot,
Mac,UniversalMac,14.6,show-peer-errors,
Mac,UniversalMac,14.6,is-c2k-equipment,False
Mac,UniversalMac,14.6,supports-inline-attachments,
Mac,UniversalMac,14.6,supports-keep-receipts,
Mac,UniversalMac,14.6,supports-location-sharing,
Mac,UniversalMac,14.6,supports-media-v2,
Mac,UniversalMac,14.6,supports-st-v1,
Mac,UniversalMac,14.6,supports-ca-v1,
Mac,UniversalMac,14.6,supports-be-v1,
Mac,UniversalMac,14.6,supports-ack-v1,
Mac,UniversalMac,14.6,supports-fsm-v1,
Mac,UniversalMac,14.6,supports-fsm-v2,
Mac,UniversalMac,14.6,supports-fsm-v3,
Mac,UniversalMac,14.6,supports-ii-v1,
Mac,UniversalMac,14.6,supports-impact-v1,
Mac,UniversalMac,14.6,supports-update-attachments-v1,
Mac,UniversalMac,14.6,supports-autoloopvideo-v1,
Mac,UniversalMac,14.6,supports-photos-extension-v1,
Mac,UniversalMac,14.6,supports-photos-extension-v2,
Mac,UniversalMac,14.6,supports-screen-time-v2,
Mac,UniversalMac,14.6,supports-live-delivery,
Mac,UniversalMac,14.6,supports-audio-messaging-v2,
Mac,UniversalMac,14.6,supports-animoji-v2,True
Mac,UniversalMac,14.6,supports-certified-delivery-v1,
Mac,UniversalMac,14.6,supports-original-timestamp-v1,
Mac,UniversalMac,14.6,supports-incoming-fmd-v1,
Mac,UniversalMac,14.6,optionally-receive-typing-indicators,
Mac,UniversalMac,14.6,nicknames-version,
Mac,UniversalMac,14.6,kt-version,5.0
Mac,UniversalMac,14.6,device-key-signature,
Mac,UniversalMac,14.6,ec-version,1.0
Mac,UniversalMac,14.6,supports-protobuf-payload-data-v2,
Mac,UniversalMac,14.6,supports-heif,True
Mac,UniversalMac,14.6,supports-hdr,True
Mac,UniversalMac,14.6,prefers-sdr,
Mac,UniversalMac,14.6,supports-modern-gft,
Mac,UniversalMac,14.6,supports-co,
Mac,UniversalMac,14.6,is-green-tea,
Mac,UniversalMac,14.6,supports-sa-v1,
Mac,UniversalMac,14.6,supports-dq-nr,
Mac,UniversalMac,14.6,supports-rem,
Mac,UniversalMac,14.6,supports-shared-exp,
Mac,UniversalMac,14.6,supports-st-er,
Mac,UniversalMac,14.6,supports-family-invite-message-bubble,
Mac,UniversalMac,14.6,supports-maps-protocol-v5,
Mac,UniversalMac,14.6,supports-hi-res-vid,
Mac,UniversalMac,14.6,supports-mirage,
Mac,UniversalMac,14.6,supports-emoji-stickers,
Mac,UniversalMac,14.6,supports-sticker-editing,
Mac,UniversalMac,14.6,supports-key-sharing,
Mac,UniversalMac,14.6,supports-harmony,False
Mac,UniversalMac,14.6,supports-fmd-v2,
Mac,UniversalMac,14.6,supports-fm-fence-v1,
Mac,UniversalMac,14.6,supports-secure-loc-v1,
Mac,UniversalMac,14.6,supports-zelkova,True
Mac,UniversalMac,14.6,supports-people-ranging-v1,
Mac,UniversalMac,14.6,supports-beacon-sharing-v3,
Mac,UniversalMac,14.6,supports-uwb,False
Mac,UniversalMac,14.6,supports-gft-errors,
Mac,UniversalMac,14.6,supports-gft-calls,
Mac,UniversalMac,14.6,supports-hk-resident,
Mac,UniversalMac,14.6,supports-maps-routing-path-leg,
Mac,UniversalMac,14.6,supports-beacon-sharing-v2,
Mac,UniversalMac,14.6,is-web-client,
Mac,UniversalMac,14.6,supports-beneficiary-invites,
Mac,UniversalMac,14.6,supports-people-request-messages,
Mac,UniversalMac,14.6,supports-avless,
Mac,UniversalMac,14.6,supports-maps-waypoint-route-sharing,
Mac,UniversalMac,14.6,supports-cross-platform-sharing,
Mac,UniversalMac,14.6,supports-self-one-to-one-invites,
Mac,UniversalMac,14.6,supports-people-request-messages-v2,
Mac,UniversalMac,14.6,supports-askto,
Mac,UniversalMac,14.6,supports-hybrid-groups-v1,
Mac,UniversalMac,14.6,supports-findmy-plugin-messages,
Mac,UniversalMac,14.6,supports-sos-alerting,
Mac,UniversalMac,14.6,supports-people-request-messages-v3,
Mac,UniversalMac,14.6,supports-recurring-payment-bubbles,
Mac,UniversalMac,14.6,supports-gft-relay,
Mac,UniversalMac,14.6,supports-group-photo-refresh-version,
iPhone,"iPhone12,8",26.3,show-peer-errors,
iPhone,"iPhone12,8",26.3,is-c2k-equipment,
iPhone,"iPhone12,8",26.3,supports-inline-attachments,
iPhone,"iPhone12,8",26.3,supports-keep-receipts,
iPhone,"iPhone12,8",26.3,supports-location-sharing,
iPhone,"iPhone12,8",26.3,supports-media-v2,
iPhone,"iPhone12,8",26.3,supports-st-v1,
iPhone,"iPhone12,8",26.3,supports-ca-v1,
iPhone,"iPhone12,8",26.3,supports-be-v1,
iPhone,"iPhone12,8",26.3,supports-ack-v1,
iPhone,"iPhone12,8",26.3,supports-fsm-v1,
iPhone,"iPhone12,8",26.3,supports-fsm-v2,
iPhone,"iPhone12,8",26.3,supports-fsm-v3,
iPhone,"iPhone12,8",26.3,supports-ii-v1,
iPhone,"iPhone12,8",26.3,supports-impact-v1,
iPhone,"iPhone12,8",26.3,supports-update-attachments-v1,
iPhone,"iPhone12,8",26.3,supports-autoloopvideo-v1,
iPhone,"iPhone12,8",26.3,supports-photos-extension-v1,
iPhone,"iPhone12,8",26.3,supports-photos-extension-v2,
iPhone,"iPhone12,8",26.3,supports-screen-time-v2,
iPhone,"iPhone12,8",26.3,supports-live-delivery,
iPhone,"iPhone12,8",26.3,supports-audio-messaging-v2,
iPhone,"iPhone12,8",26.3,supports-animoji-v2,
iPhone,"iPhone12,8",26.3,supports-certified-delivery-v1,
iPhone,"iPhone12,8",26.3,supports-original-timestamp-v1,
iPhone,"iPhone12,8",26.3,supports-incoming-fmd-v1,
iPhone,"iPhone12,8",26.3,optionally-receive-typing-indicators,
iPhone,"iPhone12,8",26.3,nicknames-version,
iPhone,"iPhone12,8",26.3,kt-version,5.0
iPhone,"iPhone12,8",26.3,device-key-signature,
iPhone,"iPhone12,8",26.3,ec-version,1.0
iPhone,"iPhone12,8",26.3,supports-protobuf-payload-data-v2,
iPhone,"iPhone12,8",26.3,supports-heif,True
iPhone,"iPhone12,8",26.3,supports-hdr,
iPhone,"iPhone12,8",26.3,prefers-sdr,
iPhone,"iPhone12,8",26.3,supports-qta,
iPhone,"iPhone12,8",26.3,supports-modern-gft,
iPhone,"iPhone12,8",26.3,supports-co,
iPhone,"iPhone12,8",26.3,is-green-tea,
iPhone,"iPhone12,8",26.3,supports-sa-v1,
iPhone,"iPhone12,8",26.3,supports-dq-nr,
iPhone,"iPhone12,8",26.3,supports-rem,
iPhone,"iPhone12,8",26.3,supports-shared-exp,
iPhone,"iPhone12,8",26.3,supports-st-er,
iPhone,"iPhone12,8",26.3,supports-family-invite-message-bubble,
iPhone,"iPhone12,8",26.3,supports-maps-protocol-v5,
iPhone,"iPhone12,8",26.3,supports-hi-res-vid,
iPhone,"iPhone12,8",26.3,supports-live-translation,
iPhone,"iPhone12,8",26.3,supports-mirage,
iPhone,"iPhone12,8",26.3,supports-nearby-facetime,
iPhone,"iPhone12,8",26.3,supports-emoji-stickers,
iPhone,"iPhone12,8",26.3,supports-sticker-editing,
iPhone,"iPhone12,8",26.3,supports-transcript-backgrounds,
iPhone,"iPhone12,8",26.3,supports-polls,
iPhone,"iPhone12,8",26.3,supports-lqm-hq,
iPhone,"iPhone12,8",26.3,supports-group-apple-cash,
iPhone,"iPhone12,8",26.3,supports-ckv-enforcement,
iPhone,"iPhone12,8",26.3,supports-gti,
iPhone,"iPhone12,8",26.3,supports-aot,
iPhone,"iPhone12,8",26.3,supports-key-sharing,
iPhone,"iPhone12,8",26.3,supports-harmony,
iPhone,"iPhone12,8",26.3,supports-activity-sharing-v1,True
iPhone,"iPhone12,8",26.3,supports-manatee-for-apple-cash,
iPhone,"iPhone12,8",26.3,supports-region-for-apple-cash,
iPhone,"iPhone12,8",26.3,supports-fmd-v2,True
iPhone,"iPhone12,8",26.3,supports-fm-fence-v1,True
iPhone,"iPhone12,8",26.3,supports-secure-loc-v1,
iPhone,"iPhone12,8",26.3,supports-zelkova,True
iPhone,"iPhone12,8",26.3,supports-people-ranging-v1,
iPhone,"iPhone12,8",26.3,supports-beacon-sharing-v3,
iPhone,"iPhone12,8",26.3,supports-manatee-activity-sharing,
iPhone,"iPhone12,8",26.3,supports-queue-one-read-receipts-v3,
iPhone,"iPhone12,8",26.3,supports-uwb,False
iPhone,"iPhone12,8",26.3,supports-gft-errors,
iPhone,"iPhone12,8",26.3,supports-gft-calls,
iPhone,"iPhone12,8",26.3,supports-hk-resident,
iPhone,"iPhone12,8",26.3,supports-maps-routing-path-leg,
iPhone,"iPhone12,8",26.3,supports-maps-wgs84-elevation-model,
iPhone,"iPhone12,8",26.3,supports-beacon-sharing-v2,
iPhone,"iPhone12,8",26.3,is-web-client,
iPhone,"iPhone12,8",26.3,supports-beneficiary-invites,
iPhone,"iPhone12,8",26.3,supports-people-request-messages,
iPhone,"iPhone12,8",26.3,supports-avless,
iPhone,"iPhone12,8",26.3,supports-maps-waypoint-route-sharing,
iPhone,"iPhone12,8",26.3,supports-cross-platform-sharing,
iPhone,"iPhone12,8",26.3,supports-self-one-to-one-invites,
iPhone,"iPhone12,8",26.3,supports-people-request-messages-v2,
iPhone,"iPhone12,8",26.3,supports-askto,
iPhone,"iPhone12,8",26.3,supports-askto-v2,
iPhone,"iPhone12,8",26.3,supports-askto-responseUI,
iPhone,"iPhone12,8",26.3,supports-significant-app-update,
iPhone,"iPhone12,8",26.3,supports-hybrid-groups-v1,
iPhone,"iPhone12,8",26.3,supports-findmy-plugin-messages,
iPhone,"iPhone12,8",26.3,supports-sos-alerting,True
iPhone,"iPhone12,8",26.3,supports-people-request-messages-v3,
iPhone,"iPhone12,8",26.3,supports-recurring-payment-bubbles,
iPhone,"iPhone12,8",26.3,supports-gft-relay,
iPhone,"iPhone12,8",26.3,supports-group-photo-refresh-version,
iPhone,"iPhone12,8",26.3,supports-ssrc,
iPhone,"iPhone12,8",26.3,supports-emoji-tapbacks,
iPhone,"iPhone12,8",26.3,supports-send-later-messages,
iPhone,"iPhone12,8",26.3,supports-restricted-guest,
iPhone,"iPhone12,8",26.3,supports-adaptive-temperature-automations,
iPhone,"iPhone12,8",26.3,supports-emoji-images,
iPhone,"iPhone12,8",26.3,supports-stick-moji-backs,
iPhone,"iPhone12,8",26.3,supports-high-quality-photo-file-sizes,
iPhone,"iPhone12,8",26.3,supports-stewie,False
iPhone,"iPhone12,8",26.3,sender-key-message-version,
iPhone,"iPhone12,8",26.3,supports-remote-atv-signin,
iPhone,"iPhone12,8",26.3,supports-sender-key-v1,
iPhone,"iPhone12,8",26.3,supports-uriless-membership-updates,
iPhone,"iPhone12,8",26.3,supports-sender-key-self-check,
iPhone,"iPhone12,8",26.3,supports-recovery-contact-upsell,
iPhone,"iPhone12,8",26.3,supports-user-driven-call-activation,
iPhone,"iPhone12,8",26.3,supports-legacy-contact-invites-v1,
iPhone,"iPhone12,8",26.3,supports-legacy-contact-invites-v2,
iPhone,"iPhone12,8",26.3,supports-legacy-contact-invites-v3,
iPhone,"iPhone12,8",26.3,supports-calls-25,
iPhone,"iPhone12,8",26.3,supports-introductions-v1,
iPhone,"iPhone12,8",26.3,supports-rbm-chatbot,
iPhone,"iPhone17,4",26.3,show-peer-errors,
iPhone,"iPhone17,4",26.3,is-c2k-equipment,
iPhone,"iPhone17,4",26.3,supports-inline-attachments,
iPhone,"iPhone17,4",26.3,supports-keep-receipts,
iPhone,"iPhone17,4",26.3,supports-location-sharing,
iPhone,"iPhone17,4",26.3,supports-media-v2,
iPhone,"iPhone17,4",26.3,supports-st-v1,
iPhone,"iPhone17,4",26.3,supports-ca-v1,
iPhone,"iPhone17,4",26.3,supports-be-v1,
iPhone,"iPhone17,4",26.3,supports-ack-v1,
iPhone,"iPhone17,4",26.3,supports-fsm-v1,
iPhone,"iPhone17,4",26.3,supports-fsm-v2,
iPhone,"iPhone17,4",26.3,supports-fsm-v3,
iPhone,"iPhone17,4",26.3,supports-ii-v1,
iPhone,"iPhone17,4",26.3,supports-impact-v1,
iPhone,"iPhone17,4",26.3,supports-update-attachments-v1,
iPhone,"iPhone17,4",26.3,supports-autoloopvideo-v1,
iPhone,"iPhone17,4",26.3,supports-photos-extension-v1,
iPhone,"iPhone17,4",26.3,supports-photos-extension-v2,
iPhone,"iPhone17,4",26.3,supports-screen-time-v2,
iPhone,"iPhone17,4",26.3,supports-live-delivery,
iPhone,"iPhone17,4",26.3,supports-audio-messaging-v2,
iPhone,"iPhone17,4",26.3,supports-animoji-v2,
iPhone,"iPhone17,4",26.3,supports-certified-delivery-v1,
iPhone,"iPhone17,4",26.3,supports-original-timestamp-v1,
iPhone,"iPhone17,4",26.3,supports-incoming-fmd-v1,
iPhone,"iPhone17,4",26.3,optionally-receive-typing-indicators,
iPhone,"iPhone17,4",26.3,nicknames-version,
iPhone,"iPhone17,4",26.3,kt-version,5.0
iPhone,"iPhone17,4",26.3,device-key-signature,
iPhone,"iPhone17,4",26.3,ec-version,1.0
iPhone,"iPhone17,4",26.3,supports-protobuf-payload-data-v2,
iPhone,"iPhone17,4",26.3,supports-heif,True
iPhone,"iPhone17,4",26.3,supports-hdr,
iPhone,"iPhone17,4",26.3,prefers-sdr,
iPhone,"iPhone17,4",26.3,supports-qta,
iPhone,"iPhone17,4",26.3,supports-modern-gft,
iPhone,"iPhone17,4",26.3,supports-co,
iPhone,"iPhone17,4",26.3,is-green-tea,
iPhone,"iPhone17,4",26.3,supports-sa-v1,
iPhone,"iPhone17,4",26.3,supports-dq-nr,
iPhone,"iPhone17,4",26.3,supports-rem,
iPhone,"iPhone17,4",26.3,supports-shared-exp,
iPhone,"iPhone17,4",26.3,supports-st-er,
iPhone,"iPhone17,4",26.3,supports-family-invite-message-bubble,
iPhone,"iPhone17,4",26.3,supports-maps-protocol-v5,
iPhone,"iPhone17,4",26.3,supports-hi-res-vid,
iPhone,"iPhone17,4",26.3,supports-live-translation,
iPhone,"iPhone17,4",26.3,supports-mirage,
iPhone,"iPhone17,4",26.3,supports-nearby-facetime,
iPhone,"iPhone17,4",26.3,supports-emoji-stickers,
iPhone,"iPhone17,4",26.3,supports-sticker-editing,
iPhone,"iPhone17,4",26.3,supports-transcript-backgrounds,
iPhone,"iPhone17,4",26.3,supports-polls,
iPhone,"iPhone17,4",26.3,supports-lqm-hq,
iPhone,"iPhone17,4",26.3,supports-group-apple-cash,
iPhone,"iPhone17,4",26.3,supports-ckv-enforcement,
iPhone,"iPhone17,4",26.3,supports-gti,
iPhone,"iPhone17,4",26.3,supports-aot,
iPhone,"iPhone17,4",26.3,supports-key-sharing,
iPhone,"iPhone17,4",26.3,supports-harmony,
iPhone,"iPhone17,4",26.3,supports-activity-sharing-v1,True
iPhone,"iPhone17,4",26.3,supports-manatee-for-apple-cash,
iPhone,"iPhone17,4",26.3,supports-region-for-apple-cash,
iPhone,"iPhone17,4",26.3,supports-fmd-v2,True
iPhone,"iPhone17,4",26.3,supports-fm-fence-v1,True
iPhone,"iPhone17,4",26.3,supports-secure-loc-v1,
iPhone,"iPhone17,4",26.3,supports-zelkova,True
iPhone,"iPhone17,4",26.3,supports-people-ranging-v1,
iPhone,"iPhone17,4",26.3,supports-beacon-sharing-v3,
iPhone,"iPhone17,4",26.3,supports-manatee-activity-sharing,
iPhone,"iPhone17,4",26.3,supports-queue-one-read-receipts-v3,
iPhone,"iPhone17,4",26.3,supports-uwb,True
iPhone,"iPhone17,4",26.3,supports-gft-errors,
iPhone,"iPhone17,4",26.3,supports-gft-calls,
iPhone,"iPhone17,4",26.3,supports-hk-resident,
iPhone,"iPhone17,4",26.3,supports-maps-routing-path-leg,
iPhone,"iPhone17,4",26.3,supports-maps-wgs84-elevation-model,
iPhone,"iPhone17,4",26.3,supports-beacon-sharing-v2,
iPhone,"iPhone17,4",26.3,is-web-client,
iPhone,"iPhone17,4",26.3,supports-beneficiary-invites,
iPhone,"iPhone17,4",26.3,supports-people-request-messages,
iPhone,"iPhone17,4",26.3,supports-avless,
iPhone,"iPhone17,4",26.3,supports-maps-waypoint-route-sharing,
iPhone,"iPhone17,4",26.3,supports-cross-platform-sharing,
iPhone,"iPhone17,4",26.3,supports-self-one-to-one-invites,
iPhone,"iPhone17,4",26.3,supports-people-request-messages-v2,
iPhone,"iPhone17,4",26.3,supports-askto,
iPhone,"iPhone17,4",26.3,supports-askto-v2,
iPhone,"iPhone17,4",26.3,supports-askto-responseUI,
iPhone,"iPhone17,4",26.3,supports-significant-app-update,
iPhone,"iPhone17,4",26.3,supports-hybrid-groups-v1,
iPhone,"iPhone17,4",26.3,supports-findmy-plugin-messages,
iPhone,"iPhone17,4",26.3,supports-sos-alerting,True
iPhone,"iPhone17,4",26.3,supports-people-request-messages-v3,
iPhone,"iPhone17,4",26.3,supports-recurring-payment-bubbles,
iPhone,"iPhone17,4",26.3,supports-gft-relay,
iPhone,"iPhone17,4",26.3,supports-group-photo-refresh-version,
iPhone,"iPhone17,4",26.3,supports-ssrc,
iPhone,"iPhone17,4",26.3,supports-emoji-tapbacks,
iPhone,"iPhone17,4",26.3,supports-send-later-messages,
iPhone,"iPhone17,4",26.3,supports-restricted-guest,
iPhone,"iPhone17,4",26.3,supports-adaptive-temperature-automations,
iPhone,"iPhone17,4",26.3,supports-emoji-images,
iPhone,"iPhone17,4",26.3,supports-stick-moji-backs,
iPhone,"iPhone17,4",26.3,supports-high-quality-photo-file-sizes,
iPhone,"iPhone17,4",26.3,supports-stewie,True
iPhone,"iPhone17,4",26.3,sender-key-message-version,
iPhone,"iPhone17,4",26.3,supports-remote-atv-signin,
iPhone,"iPhone17,4",26.3,supports-sender-key-v1,
iPhone,"iPhone17,4",26.3,supports-uriless-membership-updates,
iPhone,"iPhone17,4",26.3,supports-sender-key-self-check,
iPhone,"iPhone17,4",26.3,supports-recovery-contact-upsell,
iPhone,"iPhone17,4",26.3,supports-user-driven-call-activation,
iPhone,"iPhone17,4",26.3,supports-legacy-contact-invites-v1,
iPhone,"iPhone17,4",26.3,supports-legacy-contact-invites-v2,
iPhone,"iPhone17,4",26.3,supports-legacy-contact-invites-v3,
iPhone,"iPhone17,4",26.3,supports-calls-25,
iPhone,"iPhone17,4",26.3,supports-introductions-v1,
iPhone,"iPhone17,4",26.3,supports-rbm-chatbot,
VisionPro,Apple_Vision_Pro,26.3,show-peer-errors,
VisionPro,Apple_Vision_Pro,26.3,is-c2k-equipment,
VisionPro,Apple_Vision_Pro,26.3,supports-inline-attachments,
VisionPro,Apple_Vision_Pro,26.3,supports-keep-receipts,
VisionPro,Apple_Vision_Pro,26.3,supports-location-sharing,
VisionPro,Apple_Vision_Pro,26.3,supports-media-v2,
VisionPro,Apple_Vision_Pro,26.3,supports-st-v1,
VisionPro,Apple_Vision_Pro,26.3,supports-ca-v1,
VisionPro,Apple_Vision_Pro,26.3,supports-be-v1,
VisionPro,Apple_Vision_Pro,26.3,supports-ack-v1,
VisionPro,Apple_Vision_Pro,26.3,supports-fsm-v1,
VisionPro,Apple_Vision_Pro,26.3,supports-fsm-v2,
VisionPro,Apple_Vision_Pro,26.3,supports-fsm-v3,
VisionPro,Apple_Vision_Pro,26.3,supports-ii-v1,
VisionPro,Apple_Vision_Pro,26.3,supports-impact-v1,
VisionPro,Apple_Vision_Pro,26.3,supports-update-attachments-v1,
VisionPro,Apple_Vision_Pro,26.3,supports-autoloopvideo-v1,
VisionPro,Apple_Vision_Pro,26.3,supports-photos-extension-v1,
VisionPro,Apple_Vision_Pro,26.3,supports-photos-extension-v2,
VisionPro,Apple_Vision_Pro,26.3,supports-screen-time-v2,
VisionPro,Apple_Vision_Pro,26.3,supports-live-delivery,
VisionPro,Apple_Vision_Pro,26.3,supports-audio-messaging-v2,
VisionPro,Apple_Vision_Pro,26.3,supports-animoji-v2,
VisionPro,Apple_Vision_Pro,26.3,supports-certified-delivery-v1,
VisionPro,Apple_Vision_Pro,26.3,supports-original-timestamp-v1,
VisionPro,Apple_Vision_Pro,26.3,supports-incoming-fmd-v1,
VisionPro,Apple_Vision_Pro,26.3,optionally-receive-typing-indicators,
VisionPro,Apple_Vision_Pro,26.3,nicknames-version,
VisionPro,Apple_Vision_Pro,26.3,kt-version,5.0
VisionPro,Apple_Vision_Pro,26.3,device-key-signature,
VisionPro,Apple_Vision_Pro,26.3,ec-version,1.0
VisionPro,Apple_Vision_Pro,26.3,supports-protobuf-payload-data-v2,
VisionPro,Apple_Vision_Pro,26.3,supports-heif,True
VisionPro,Apple_Vision_Pro,26.3,supports-hdr,
VisionPro,Apple_Vision_Pro,26.3,prefers-sdr,
VisionPro,Apple_Vision_Pro,26.3,supports-qta,
VisionPro,Apple_Vision_Pro,26.3,supports-modern-gft,
VisionPro,Apple_Vision_Pro,26.3,supports-co,
VisionPro,Apple_Vision_Pro,26.3,is-green-tea,
VisionPro,Apple_Vision_Pro,26.3,supports-sa-v1,
VisionPro,Apple_Vision_Pro,26.3,supports-dq-nr,
VisionPro,Apple_Vision_Pro,26.3,supports-rem,
VisionPro,Apple_Vision_Pro,26.3,supports-shared-exp,
VisionPro,Apple_Vision_Pro,26.3,supports-st-er,
VisionPro,Apple_Vision_Pro,26.3,supports-family-invite-message-bubble,
VisionPro,Apple_Vision_Pro,26.3,supports-maps-protocol-v5,
VisionPro,Apple_Vision_Pro,26.3,supports-hi-res-vid,
VisionPro,Apple_Vision_Pro,26.3,supports-live-translation,
VisionPro,Apple_Vision_Pro,26.3,supports-mirage,
VisionPro,Apple_Vision_Pro,26.3,supports-nearby-facetime,
VisionPro,Apple_Vision_Pro,26.3,supports-emoji-stickers,
VisionPro,Apple_Vision_Pro,26.3,supports-sticker-editing,
VisionPro,Apple_Vision_Pro,26.3,supports-transcript-backgrounds,
VisionPro,Apple_Vision_Pro,26.3,supports-polls,
VisionPro,Apple_Vision_Pro,26.3,supports-lqm-hq,
VisionPro,Apple_Vision_Pro,26.3,supports-group-apple-cash,
VisionPro,Apple_Vision_Pro,26.3,supports-ckv-enforcement,
VisionPro,Apple_Vision_Pro,26.3,supports-gti,
VisionPro,Apple_Vision_Pro,26.3,supports-key-sharing,
VisionPro,Apple_Vision_Pro,26.3,supports-harmony,
VisionPro,Apple_Vision_Pro,26.3,supports-activity-sharing-v1,
VisionPro,Apple_Vision_Pro,26.3,supports-manatee-for-apple-cash,
VisionPro,Apple_Vision_Pro,26.3,supports-region-for-apple-cash,
VisionPro,Apple_Vision_Pro,26.3,supports-fmd-v2,True
VisionPro,Apple_Vision_Pro,26.3,supports-fm-fence-v1,
VisionPro,Apple_Vision_Pro,26.3,supports-secure-loc-v1,
VisionPro,Apple_Vision_Pro,26.3,supports-zelkova,False
VisionPro,Apple_Vision_Pro,26.3,supports-people-ranging-v1,
VisionPro,Apple_Vision_Pro,26.3,supports-beacon-sharing-v3,
VisionPro,Apple_Vision_Pro,26.3,supports-manatee-activity-sharing,
VisionPro,Apple_Vision_Pro,26.3,supports-queue-one-read-receipts-v3,
VisionPro,Apple_Vision_Pro,26.3,supports-uwb,False
VisionPro,Apple_Vision_Pro,26.3,supports-gft-errors,
VisionPro,Apple_Vision_Pro,26.3,supports-gft-calls,
VisionPro,Apple_Vision_Pro,26.3,supports-hk-resident,
VisionPro,Apple_Vision_Pro,26.3,supports-maps-routing-path-leg,
VisionPro,Apple_Vision_Pro,26.3,supports-maps-wgs84-elevation-model,
VisionPro,Apple_Vision_Pro,26.3,supports-beacon-sharing-v2,
VisionPro,Apple_Vision_Pro,26.3,is-web-client,
VisionPro,Apple_Vision_Pro,26.3,supports-beneficiary-invites,
VisionPro,Apple_Vision_Pro,26.3,supports-people-request-messages,
VisionPro,Apple_Vision_Pro,26.3,supports-avless,
VisionPro,Apple_Vision_Pro,26.3,supports-maps-waypoint-route-sharing,
VisionPro,Apple_Vision_Pro,26.3,supports-cross-platform-sharing,
VisionPro,Apple_Vision_Pro,26.3,supports-self-one-to-one-invites,
VisionPro,Apple_Vision_Pro,26.3,supports-people-request-messages-v2,
VisionPro,Apple_Vision_Pro,26.3,supports-askto,
VisionPro,Apple_Vision_Pro,26.3,supports-askto-v2,
VisionPro,Apple_Vision_Pro,26.3,supports-askto-responseUI,
VisionPro,Apple_Vision_Pro,26.3,supports-significant-app-update,
VisionPro,Apple_Vision_Pro,26.3,supports-hybrid-groups-v1,
VisionPro,Apple_Vision_Pro,26.3,supports-findmy-plugin-messages,
VisionPro,Apple_Vision_Pro,26.3,supports-sos-alerting,
VisionPro,Apple_Vision_Pro,26.3,supports-people-request-messages-v3,
VisionPro,Apple_Vision_Pro,26.3,supports-recurring-payment-bubbles,
VisionPro,Apple_Vision_Pro,26.3,supports-gft-relay,
VisionPro,Apple_Vision_Pro,26.3,supports-group-photo-refresh-version,
VisionPro,Apple_Vision_Pro,26.3,supports-ssrc,
VisionPro,Apple_Vision_Pro,26.3,supports-emoji-tapbacks,
VisionPro,Apple_Vision_Pro,26.3,supports-send-later-messages,
VisionPro,Apple_Vision_Pro,26.3,supports-restricted-guest,
VisionPro,Apple_Vision_Pro,26.3,supports-adaptive-temperature-automations,
VisionPro,Apple_Vision_Pro,26.3,supports-emoji-images,
VisionPro,Apple_Vision_Pro,26.3,supports-stick-moji-backs,
VisionPro,Apple_Vision_Pro,26.3,supports-high-quality-photo-file-sizes,
VisionPro,Apple_Vision_Pro,26.3,supports-stewie,False
VisionPro,Apple_Vision_Pro,26.3,sender-key-message-version,
VisionPro,Apple_Vision_Pro,26.3,supports-remote-atv-signin,
VisionPro,Apple_Vision_Pro,26.3,supports-sender-key-v1,
VisionPro,Apple_Vision_Pro,26.3,supports-uriless-membership-updates,
VisionPro,Apple_Vision_Pro,26.3,supports-sender-key-self-check,
VisionPro,Apple_Vision_Pro,26.3,supports-recovery-contact-upsell,
VisionPro,Apple_Vision_Pro,26.3,supports-user-driven-call-activation,
VisionPro,Apple_Vision_Pro,26.3,supports-legacy-contact-invites-v1,
VisionPro,Apple_Vision_Pro,26.3,supports-legacy-contact-invites-v2,
VisionPro,Apple_Vision_Pro,26.3,supports-legacy-contact-invites-v3,
VisionPro,Apple_Vision_Pro,26.3,supports-calls-25,
VisionPro,Apple_Vision_Pro,26.3,supports-introductions-v1,
VisionPro,Apple_Vision_Pro,26.3,supports-rbm-chatbot,
iPhone,"iPhone15,3",26.3,show-peer-errors,
iPhone,"iPhone15,3",26.3,is-c2k-equipment,
iPhone,"iPhone15,3",26.3,supports-inline-attachments,
iPhone,"iPhone15,3",26.3,supports-keep-receipts,
iPhone,"iPhone15,3",26.3,supports-location-sharing,
iPhone,"iPhone15,3",26.3,supports-media-v2,
iPhone,"iPhone15,3",26.3,supports-st-v1,
iPhone,"iPhone15,3",26.3,supports-ca-v1,
iPhone,"iPhone15,3",26.3,supports-be-v1,
iPhone,"iPhone15,3",26.3,supports-ack-v1,
iPhone,"iPhone15,3",26.3,supports-fsm-v1,
iPhone,"iPhone15,3",26.3,supports-fsm-v2,
iPhone,"iPhone15,3",26.3,supports-fsm-v3,
iPhone,"iPhone15,3",26.3,supports-ii-v1,
iPhone,"iPhone15,3",26.3,supports-impact-v1,
iPhone,"iPhone15,3",26.3,supports-update-attachments-v1,
iPhone,"iPhone15,3",26.3,supports-autoloopvideo-v1,
iPhone,"iPhone15,3",26.3,supports-photos-extension-v1,
iPhone,"iPhone15,3",26.3,supports-photos-extension-v2,
iPhone,"iPhone15,3",26.3,supports-screen-time-v2,
iPhone,"iPhone15,3",26.3,supports-live-delivery,
iPhone,"iPhone15,3",26.3,supports-audio-messaging-v2,
iPhone,"iPhone15,3",26.3,supports-animoji-v2,
iPhone,"iPhone15,3",26.3,supports-certified-delivery-v1,
iPhone,"iPhone15,3",26.3,supports-original-timestamp-v1,
iPhone,"iPhone15,3",26.3,supports-incoming-fmd-v1,
iPhone,"iPhone15,3",26.3,optionally-receive-typing-indicators,
iPhone,"iPhone15,3",26.3,nicknames-version,
iPhone,"iPhone15,3",26.3,kt-version,5.0
iPhone,"iPhone15,3",26.3,device-key-signature,
iPhone,"iPhone15,3",26.3,ec-version,1.0
iPhone,"iPhone15,3",26.3,supports-protobuf-payload-data-v2,
iPhone,"iPhone15,3",26.3,supports-heif,True
iPhone,"iPhone15,3",26.3,supports-hdr,
iPhone,"iPhone15,3",26.3,prefers-sdr,
iPhone,"iPhone15,3",26.3,supports-qta,
iPhone,"iPhone15,3",26.3,supports-modern-gft,
iPhone,"iPhone15,3",26.3,supports-co,
iPhone,"iPhone15,3",26.3,is-green-tea,
iPhone,"iPhone15,3",26.3,supports-sa-v1,
iPhone,"iPhone15,3",26.3,supports-dq-nr,
iPhone,"iPhone15,3",26.3,supports-rem,
iPhone,"iPhone15,3",26.3,supports-shared-exp,
iPhone,"iPhone15,3",26.3,supports-st-er,
iPhone,"iPhone15,3",26.3,supports-family-invite-message-bubble,
iPhone,"iPhone15,3",26.3,supports-maps-protocol-v5,
iPhone,"iPhone15,3",26.3,supports-hi-res-vid,
iPhone,"iPhone15,3",26.3,supports-live-translation,
iPhone,"iPhone15,3",26.3,supports-mirage,
iPhone,"iPhone15,3",26.3,supports-nearby-facetime,
iPhone,"iPhone15,3",26.3,supports-emoji-stickers,
iPhone,"iPhone15,3",26.3,supports-sticker-editing,
iPhone,"iPhone15,3",26.3,supports-transcript-backgrounds,
iPhone,"iPhone15,3",26.3,supports-polls,
iPhone,"iPhone15,3",26.3,supports-lqm-hq,
iPhone,"iPhone15,3",26.3,supports-group-apple-cash,
iPhone,"iPhone15,3",26.3,supports-ckv-enforcement,
iPhone,"iPhone15,3",26.3,supports-gti,
iPhone,"iPhone15,3",26.3,supports-aot,
iPhone,"iPhone15,3",26.3,supports-key-sharing,
iPhone,"iPhone15,3",26.3,supports-harmony,
iPhone,"iPhone15,3",26.3,supports-activity-sharing-v1,True
iPhone,"iPhone15,3",26.3,supports-manatee-for-apple-cash,
iPhone,"iPhone15,3",26.3,supports-region-for-apple-cash,
iPhone,"iPhone15,3",26.3,supports-fmd-v2,True
iPhone,"iPhone15,3",26.3,supports-fm-fence-v1,True
iPhone,"iPhone15,3",26.3,supports-secure-loc-v1,
iPhone,"iPhone15,3",26.3,supports-zelkova,True
iPhone,"iPhone15,3",26.3,supports-people-ranging-v1,
iPhone,"iPhone15,3",26.3,supports-beacon-sharing-v3,
iPhone,"iPhone15,3",26.3,supports-manatee-activity-sharing,
iPhone,"iPhone15,3",26.3,supports-queue-one-read-receipts-v3,
iPhone,"iPhone15,3",26.3,supports-uwb,True
iPhone,"iPhone15,3",26.3,supports-gft-errors,
iPhone,"iPhone15,3",26.3,supports-gft-calls,
iPhone,"iPhone15,3",26.3,supports-hk-resident,
iPhone,"iPhone15,3",26.3,supports-maps-routing-path-leg,
iPhone,"iPhone15,3",26.3,supports-maps-wgs84-elevation-model,
iPhone,"iPhone15,3",26.3,supports-beacon-sharing-v2,
iPhone,"iPhone15,3",26.3,is-web-client,
iPhone,"iPhone15,3",26.3,supports-beneficiary-invites,
iPhone,"iPhone15,3",26.3,supports-people-request-messages,
iPhone,"iPhone15,3",26.3,supports-avless,
iPhone,"iPhone15,3",26.3,supports-maps-waypoint-route-sharing,
iPhone,"iPhone15,3",26.3,supports-cross-platform-sharing,
iPhone,"iPhone15,3",26.3,supports-self-one-to-one-invites,
iPhone,"iPhone15,3",26.3,supports-people-request-messages-v2,
iPhone,"iPhone15,3",26.3,supports-askto,
iPhone,"iPhone15,3",26.3,supports-askto-v2,
iPhone,"iPhone15,3",26.3,supports-askto-responseUI,
iPhone,"iPhone15,3",26.3,supports-significant-app-update,
iPhone,"iPhone15,3",26.3,supports-hybrid-groups-v1,
iPhone,"iPhone15,3",26.3,supports-findmy-plugin-messages,
iPhone,"iPhone15,3",26.3,supports-sos-alerting,True
iPhone,"iPhone15,3",26.3,supports-people-request-messages-v3,
iPhone,"iPhone15,3",26.3,supports-recurring-payment-bubbles,
iPhone,"iPhone15,3",26.3,supports-gft-relay,
iPhone,"iPhone15,3",26.3,supports-group-photo-refresh-version,
iPhone,"iPhone15,3",26.3,supports-ssrc,
iPhone,"iPhone15,3",26.3,supports-emoji-tapbacks,
iPhone,"iPhone15,3",26.3,supports-send-later-messages,
iPhone,"iPhone15,3",26.3,supports-restricted-guest,
iPhone,"iPhone15,3",26.3,supports-adaptive-temperature-automations,
iPhone,"iPhone15,3",26.3,supports-emoji-images,
iPhone,"iPhone15,3",26.3,supports-stick-moji-backs,
iPhone,"iPhone15,3",26.3,supports-high-quality-photo-file-sizes,
iPhone,"iPhone15,3",26.3,supports-stewie,True
iPhone,"iPhone15,3",26.3,sender-key-message-version,
iPhone,"iPhone15,3",26.3,supports-remote-atv-signin,
iPhone,"iPhone15,3",26.3,supports-sender-key-v1,
iPhone,"iPhone15,3",26.3,supports-uriless-membership-updates,
iPhone,"iPhone15,3",26.3,supports-sender-key-self-check,
iPhone,"iPhone15,3",26.3,supports-recovery-contact-upsell,
iPhone,"iPhone15,3",26.3,supports-user-driven-call-activation,
iPhone,"iPhone15,3",26.3,supports-legacy-contact-invites-v1,
iPhone,"iPhone15,3",26.3,supports-legacy-contact-invites-v2,
iPhone,"iPhone15,3",26.3,supports-legacy-contact-invites-v3,
iPhone,"iPhone15,3",26.3,supports-calls-25,
iPhone,"iPhone15,3",26.3,supports-introductions-v1,
iPhone,"iPhone15,3",26.3,supports-rbm-chatbot,
iPad,"iPad15,3",26.3,show-peer-errors,
iPad,"iPad15,4",26.3,show-peer-errors,
iPad,"iPad15,5",26.3,show-peer-errors,
iPad,"iPad15,6",26.3,show-peer-errors,
iPad,"iPad15,3",26.3,is-c2k-equipment,
iPad,"iPad15,4",26.3,is-c2k-equipment,
iPad,"iPad15,5",26.3,is-c2k-equipment,
iPad,"iPad15,6",26.3,is-c2k-equipment,
iPad,"iPad15,3",26.3,supports-inline-attachments,
iPad,"iPad15,4",26.3,supports-inline-attachments,
iPad,"iPad15,5",26.3,supports-inline-attachments,
iPad,"iPad15,6",26.3,supports-inline-attachments,
iPad,"iPad15,3",26.3,supports-keep-receipts,
iPad,"iPad15,4",26.3,supports-keep-receipts,
iPad,"iPad15,5",26.3,supports-keep-receipts,
iPad,"iPad15,6",26.3,supports-keep-receipts,
iPad,"iPad15,3",26.3,supports-location-sharing,
iPad,"iPad15,4",26.3,supports-location-sharing,
iPad,"iPad15,5",26.3,supports-location-sharing,
iPad,"iPad15,6",26.3,supports-location-sharing,
iPad,"iPad15,3",26.3,supports-media-v2,
iPad,"iPad15,4",26.3,supports-media-v2,
iPad,"iPad15,5",26.3,supports-media-v2,
iPad,"iPad15,6",26.3,supports-media-v2,
iPad,"iPad15,3",26.3,supports-st-v1,
iPad,"iPad15,4",26.3,supports-st-v1,
iPad,"iPad15,5",26.3,supports-st-v1,
iPad,"iPad15,6",26.3,supports-st-v1,
iPad,"iPad15,3",26.3,supports-ca-v1,
iPad,"iPad15,4",26.3,supports-ca-v1,
iPad,"iPad15,5",26.3,supports-ca-v1,
iPad,"iPad15,6",26.3,supports-ca-v1,
iPad,"iPad15,3",26.3,supports-be-v1,
iPad,"iPad15,4",26.3,supports-be-v1,
iPad,"iPad15,5",26.3,supports-be-v1,
iPad,"iPad15,6",26.3,supports-be-v1,
iPad,"iPad15,3",26.3,supports-ack-v1,
iPad,"iPad15,4",26.3,supports-ack-v1,
iPad,"iPad15,5",26.3,supports-ack-v1,
iPad,"iPad15,6",26.3,supports-ack-v1,
iPad,"iPad15,3",26.3,supports-fsm-v1,
iPad,"iPad15,4",26.3,supports-fsm-v1,
iPad,"iPad15,5",26.3,supports-fsm-v1,
iPad,"iPad15,6",26.3,supports-fsm-v1,
iPad,"iPad15,3",26.3,supports-fsm-v2,
iPad,"iPad15,4",26.3,supports-fsm-v2,
iPad,"iPad15,5",26.3,supports-fsm-v2,
iPad,"iPad15,6",26.3,supports-fsm-v2,
iPad,"iPad15,3",26.3,supports-fsm-v3,
iPad,"iPad15,4",26.3,supports-fsm-v3,
iPad,"iPad15,5",26.3,supports-fsm-v3,
iPad,"iPad15,6",26.3,supports-fsm-v3,
iPad,"iPad15,3",26.3,supports-ii-v1,
iPad,"iPad15,4",26.3,supports-ii-v1,
iPad,"iPad15,5",26.3,supports-ii-v1,
iPad,"iPad15,6",26.3,supports-ii-v1,
iPad,"iPad15,3",26.3,supports-impact-v1,
iPad,"iPad15,4",26.3,supports-impact-v1,
iPad,"iPad15,5",26.3,supports-impact-v1,
iPad,"iPad15,6",26.3,supports-impact-v1,
iPad,"iPad15,3",26.3,supports-update-attachments-v1,
iPad,"iPad15,4",26.3,supports-update-attachments-v1,
iPad,"iPad15,5",26.3,supports-update-attachments-v1,
iPad,"iPad15,6",26.3,supports-update-attachments-v1,
iPad,"iPad15,3",26.3,supports-autoloopvideo-v1,
iPad,"iPad15,4",26.3,supports-autoloopvideo-v1,
iPad,"iPad15,5",26.3,supports-autoloopvideo-v1,
iPad,"iPad15,6",26.3,supports-autoloopvideo-v1,
iPad,"iPad15,3",26.3,supports-photos-extension-v1,
iPad,"iPad15,4",26.3,supports-photos-extension-v1,
iPad,"iPad15,5",26.3,supports-photos-extension-v1,
iPad,"iPad15,6",26.3,supports-photos-extension-v1,
iPad,"iPad15,3",26.3,supports-photos-extension-v2,
iPad,"iPad15,4",26.3,supports-photos-extension-v2,
iPad,"iPad15,5",26.3,supports-photos-extension-v2,
iPad,"iPad15,6",26.3,supports-photos-extension-v2,
iPad,"iPad15,3",26.3,supports-screen-time-v2,
iPad,"iPad15,4",26.3,supports-screen-time-v2,
iPad,"iPad15,5",26.3,supports-screen-time-v2,
iPad,"iPad15,6",26.3,supports-screen-time-v2,
iPad,"iPad15,3",26.3,supports-live-delivery,
iPad,"iPad15,4",26.3,supports-live-delivery,
iPad,"iPad15,5",26.3,supports-live-delivery,
iPad,"iPad15,6",26.3,supports-live-delivery,
iPad,"iPad15,3",26.3,supports-audio-messaging-v2,
iPad,"iPad15,4",26.3,supports-audio-messaging-v2,
iPad,"iPad15,5",26.3,supports-audio-messaging-v2,
iPad,"iPad15,6",26.3,supports-audio-messaging-v2,
iPad,"iPad15,3",26.3,supports-animoji-v2,
iPad,"iPad15,4",26.3,supports-animoji-v2,
iPad,"iPad15,5",26.3,supports-animoji-v2,
iPad,"iPad15,6",26.3,supports-animoji-v2,
iPad,"iPad15,3",26.3,supports-certified-delivery-v1,
iPad,"iPad15,4",26.3,supports-certified-delivery-v1,
iPad,"iPad15,5",26.3,supports-certified-delivery-v1,
iPad,"iPad15,6",26.3,supports-certified-delivery-v1,
iPad,"iPad15,3",26.3,supports-original-timestamp-v1,
iPad,"iPad15,4",26.3,supports-original-timestamp-v1,
iPad,"iPad15,5",26.3,supports-original-timestamp-v1,
iPad,"iPad15,6",26.3,supports-original-timestamp-v1,
iPad,"iPad15,3",26.3,supports-incoming-fmd-v1,
iPad,"iPad15,4",26.3,supports-incoming-fmd-v1,
iPad,"iPad15,5",26.3,supports-incoming-fmd-v1,
iPad,"iPad15,6",26.3,supports-incoming-fmd-v1,
iPad,"iPad15,3",26.3,optionally-receive-typing-indicators,
iPad,"iPad15,4",26.3,optionally-receive-typing-indicators,
iPad,"iPad15,5",26.3,optionally-receive-typing-indicators,
iPad,"iPad15,6",26.3,optionally-receive-typing-indicators,
iPad,"iPad15,3",26.3,nicknames-version,
iPad,"iPad15,4",26.3,nicknames-version,
iPad,"iPad15,5",26.3,nicknames-version,
iPad,"iPad15,6",26.3,nicknames-version,
iPad,"iPad15,3",26.3,kt-version,5.0
iPad,"iPad15,4",26.3,kt-version,5.0
iPad,"iPad15,5",26.3,kt-version,5.0
iPad,"iPad15,6",26.3,kt-version,5.0
iPad,"iPad15,3",26.3,device-key-signature,
iPad,"iPad15,4",26.3,device-key-signature,
iPad,"iPad15,5",26.3,device-key-signature,
iPad,"iPad15,6",26.3,device-key-signature,
iPad,"iPad15,3",26.3,ec-version,1.0
iPad,"iPad15,4",26.3,ec-version,1.0
iPad,"iPad15,5",26.3,ec-version,1.0
iPad,"iPad15,6",26.3,ec-version,1.0
iPad,"iPad15,3",26.3,supports-protobuf-payload-data-v2,
iPad,"iPad15,4",26.3,supports-protobuf-payload-data-v2,
iPad,"iPad15,5",26.3,supports-protobuf-payload-data-v2,
iPad,"iPad15,6",26.3,supports-protobuf-payload-data-v2,
iPad,"iPad15,3",26.3,supports-heif,True
iPad,"iPad15,4",26.3,supports-heif,True
iPad,"iPad15,5",26.3,supports-heif,True
iPad,"iPad15,6",26.3,supports-heif,True
iPad,"iPad15,3",26.3,supports-hdr,
iPad,"iPad15,4",26.3,supports-hdr,
iPad,"iPad15,5",26.3,supports-hdr,
iPad,"iPad15,6",26.3,supports-hdr,
iPad,"iPad15,3",26.3,prefers-sdr,
iPad,"iPad15,4",26.3,prefers-sdr,
iPad,"iPad15,5",26.3,prefers-sdr,
iPad,"iPad15,6",26.3,prefers-sdr,
iPad,"iPad15,3",26.3,supports-qta,
iPad,"iPad15,4",26.3,supports-qta,
iPad,"iPad15,5",26.3,supports-qta,
iPad,"iPad15,6",26.3,supports-qta,
iPad,"iPad15,3",26.3,supports-modern-gft,
iPad,"iPad15,4",26.3,supports-modern-gft,
iPad,"iPad15,5",26.3,supports-modern-gft,
iPad,"iPad15,6",26.3,supports-modern-gft,
iPad,"iPad15,3",26.3,supports-co,
iPad,"iPad15,4",26.3,supports-co,
iPad,"iPad15,5",26.3,supports-co,
iPad,"iPad15,6",26.3,supports-co,
iPad,"iPad15,3",26.3,is-green-tea,
iPad,"iPad15,4",26.3,is-green-tea,
iPad,"iPad15,5",26.3,is-green-tea,
iPad,"iPad15,6",26.3,is-green-tea,
iPad,"iPad15,3",26.3,supports-sa-v1,
iPad,"iPad15,4",26.3,supports-sa-v1,
iPad,"iPad15,5",26.3,supports-sa-v1,
iPad,"iPad15,6",26.3,supports-sa-v1,
iPad,"iPad15,3",26.3,supports-dq-nr,
iPad,"iPad15,4",26.3,supports-dq-nr,
iPad,"iPad15,5",26.3,supports-dq-nr,
iPad,"iPad15,6",26.3,supports-dq-nr,
iPad,"iPad15,3",26.3,supports-rem,
iPad,"iPad15,4",26.3,supports-rem,
iPad,"iPad15,5",26.3,supports-rem,
iPad,"iPad15,6",26.3,supports-rem,
iPad,"iPad15,3",26.3,supports-shared-exp,
iPad,"iPad15,4",26.3,supports-shared-exp,
iPad,"iPad15,5",26.3,supports-shared-exp,
iPad,"iPad15,6",26.3,supports-shared-exp,
iPad,"iPad15,3",26.3,supports-st-er,
iPad,"iPad15,4",26.3,supports-st-er,
iPad,"iPad15,5",26.3,supports-st-er,
iPad,"iPad15,6",26.3,supports-st-er,
iPad,"iPad15,3",26.3,supports-family-invite-message-bubble,
iPad,"iPad15,4",26.3,supports-family-invite-message-bubble,
iPad,"iPad15,5",26.3,supports-family-invite-message-bubble,
iPad,"iPad15,6",26.3,supports-family-invite-message-bubble,
iPad,"iPad15,3",26.3,supports-maps-protocol-v5,
iPad,"iPad15,4",26.3,supports-maps-protocol-v5,
iPad,"iPad15,5",26.3,supports-maps-protocol-v5,
iPad,"iPad15,6",26.3,supports-maps-protocol-v5,
iPad,"iPad15,3",26.3,supports-hi-res-vid,
iPad,"iPad15,4",26.3,supports-hi-res-vid,
iPad,"iPad15,5",26.3,supports-hi-res-vid,
iPad,"iPad15,6",26.3,supports-hi-res-vid,
iPad,"iPad15,3",26.3,supports-live-translation,
iPad,"iPad15,4",26.3,supports-live-translation,
iPad,"iPad15,5",26.3,supports-live-translation,
iPad,"iPad15,6",26.3,supports-live-translation,
iPad,"iPad15,3",26.3,supports-mirage,
iPad,"iPad15,4",26.3,supports-mirage,
iPad,"iPad15,5",26.3,supports-mirage,
iPad,"iPad15,6",26.3,supports-mirage,
iPad,"iPad15,3",26.3,supports-nearby-facetime,
iPad,"iPad15,4",26.3,supports-nearby-facetime,
iPad,"iPad15,5",26.3,supports-nearby-facetime,
iPad,"iPad15,6",26.3,supports-nearby-facetime,
iPad,"iPad15,3",26.3,supports-emoji-stickers,
iPad,"iPad15,4",26.3,supports-emoji-stickers,
iPad,"iPad15,5",26.3,supports-emoji-stickers,
iPad,"iPad15,6",26.3,supports-emoji-stickers,
iPad,"iPad15,3",26.3,supports-sticker-editing,
iPad,"iPad15,4",26.3,supports-sticker-editing,
iPad,"iPad15,5",26.3,supports-sticker-editing,
iPad,"iPad15,6",26.3,supports-sticker-editing,
iPad,"iPad15,3",26.3,supports-transcript-backgrounds,
iPad,"iPad15,4",26.3,supports-transcript-backgrounds,
iPad,"iPad15,5",26.3,supports-transcript-backgrounds,
iPad,"iPad15,6",26.3,supports-transcript-backgrounds,
iPad,"iPad15,3",26.3,supports-polls,
iPad,"iPad15,4",26.3,supports-polls,
iPad,"iPad15,5",26.3,supports-polls,
iPad,"iPad15,6",26.3,supports-polls,
iPad,"iPad15,3",26.3,supports-lqm-hq,
iPad,"iPad15,4",26.3,supports-lqm-hq,
iPad,"iPad15,5",26.3,supports-lqm-hq,
iPad,"iPad15,6",26.3,supports-lqm-hq,
iPad,"iPad15,3",26.3,supports-group-apple-cash,
iPad,"iPad15,4",26.3,supports-group-apple-cash,
iPad,"iPad15,5",26.3,supports-group-apple-cash,
iPad,"iPad15,6",26.3,supports-group-apple-cash,
iPad,"iPad15,3",26.3,supports-ckv-enforcement,
iPad,"iPad15,4",26.3,supports-ckv-enforcement,
iPad,"iPad15,5",26.3,supports-ckv-enforcement,
iPad,"iPad15,6",26.3,supports-ckv-enforcement,
iPad,"iPad15,3",26.3,supports-gti,
iPad,"iPad15,4",26.3,supports-gti,
iPad,"iPad15,5",26.3,supports-gti,
iPad,"iPad15,6",26.3,supports-gti,
iPad,"iPad15,3",26.3,supports-aot,
iPad,"iPad15,4",26.3,supports-aot,
iPad,"iPad15,5",26.3,supports-aot,
iPad,"iPad15,6",26.3,supports-aot,
iPad,"iPad15,3",26.3,supports-key-sharing,
iPad,"iPad15,4",26.3,supports-key-sharing,
iPad,"iPad15,5",26.3,supports-key-sharing,
iPad,"iPad15,6",26.3,supports-key-sharing,
iPad,"iPad15,3",26.3,supports-harmony,
iPad,"iPad15,4",26.3,supports-harmony,
iPad,"iPad15,5",26.3,supports-harmony,
iPad,"iPad15,6",26.3,supports-harmony,
iPad,"iPad15,3",26.3,supports-activity-sharing-v1,
iPad,"iPad15,4",26.3,supports-activity-sharing-v1,
iPad,"iPad15,5",26.3,supports-activity-sharing-v1,
iPad,"iPad15,6",26.3,supports-activity-sharing-v1,
iPad,"iPad15,3",26.3,supports-manatee-for-apple-cash,
iPad,"iPad15,4",26.3,supports-manatee-for-apple-cash,
iPad,"iPad15,5",26.3,supports-manatee-for-apple-cash,
iPad,"iPad15,6",26.3,supports-manatee-for-apple-cash,
iPad,"iPad15,3",26.3,supports-region-for-apple-cash,
iPad,"iPad15,4",26.3,supports-region-for-apple-cash,
iPad,"iPad15,5",26.3,supports-region-for-apple-cash,
iPad,"iPad15,6",26.3,supports-region-for-apple-cash,
iPad,"iPad15,3",26.3,supports-fmd-v2,True
iPad,"iPad15,4",26.3,supports-fmd-v2,True
iPad,"iPad15,5",26.3,supports-fmd-v2,True
iPad,"iPad15,6",26.3,supports-fmd-v2,True
iPad,"iPad15,3",26.3,supports-fm-fence-v1,True
iPad,"iPad15,4",26.3,supports-fm-fence-v1,True
iPad,"iPad15,5",26.3,supports-fm-fence-v1,True
iPad,"iPad15,6",26.3,supports-fm-fence-v1,True
iPad,"iPad15,3",26.3,supports-secure-loc-v1,
iPad,"iPad15,4",26.3,supports-secure-loc-v1,
iPad,"iPad15,5",26.3,supports-secure-loc-v1,
iPad,"iPad15,6",26.3,supports-secure-loc-v1,
iPad,"iPad15,3",26.3,supports-zelkova,True
iPad,"iPad15,4",26.3,supports-zelkova,True
iPad,"iPad15,5",26.3,supports-zelkova,True
iPad,"iPad15,6",26.3,supports-zelkova,True
iPad,"iPad15,3",26.3,supports-people-ranging-v1,
iPad,"iPad15,4",26.3,supports-people-ranging-v1,
iPad,"iPad15,5",26.3,supports-people-ranging-v1,
iPad,"iPad15,6",26.3,supports-people-ranging-v1,
iPad,"iPad15,3",26.3,supports-beacon-sharing-v3,
iPad,"iPad15,4",26.3,supports-beacon-sharing-v3,
iPad,"iPad15,5",26.3,supports-beacon-sharing-v3,
iPad,"iPad15,6",26.3,supports-beacon-sharing-v3,
iPad,"iPad15,3",26.3,supports-manatee-activity-sharing,
iPad,"iPad15,4",26.3,supports-manatee-activity-sharing,
iPad,"iPad15,5",26.3,supports-manatee-activity-sharing,
iPad,"iPad15,6",26.3,supports-manatee-activity-sharing,
iPad,"iPad15,3",26.3,supports-queue-one-read-receipts-v3,
iPad,"iPad15,4",26.3,supports-queue-one-read-receipts-v3,
iPad,"iPad15,5",26.3,supports-queue-one-read-receipts-v3,
iPad,"iPad15,6",26.3,supports-queue-one-read-receipts-v3,
iPad,"iPad15,3",26.3,supports-uwb,False
iPad,"iPad15,4",26.3,supports-uwb,False
iPad,"iPad15,5",26.3,supports-uwb,False
iPad,"iPad15,6",26.3,supports-uwb,False
iPad,"iPad15,3",26.3,supports-gft-errors,
iPad,"iPad15,4",26.3,supports-gft-errors,
iPad,"iPad15,5",26.3,supports-gft-errors,
iPad,"iPad15,6",26.3,supports-gft-errors,
iPad,"iPad15,3",26.3,supports-gft-calls,
iPad,"iPad15,4",26.3,supports-gft-calls,
iPad,"iPad15,5",26.3,supports-gft-calls,
iPad,"iPad15,6",26.3,supports-gft-calls,
iPad,"iPad15,3",26.3,supports-hk-resident,
iPad,"iPad15,4",26.3,supports-hk-resident,
iPad,"iPad15,5",26.3,supports-hk-resident,
iPad,"iPad15,6",26.3,supports-hk-resident,
iPad,"iPad15,3",26.3,supports-maps-routing-path-leg,
iPad,"iPad15,4",26.3,supports-maps-routing-path-leg,
iPad,"iPad15,5",26.3,supports-maps-routing-path-leg,
iPad,"iPad15,6",26.3,supports-maps-routing-path-leg,
iPad,"iPad15,3",26.3,supports-maps-wgs84-elevation-model,
iPad,"iPad15,4",26.3,supports-maps-wgs84-elevation-model,
iPad,"iPad15,5",26.3,supports-maps-wgs84-elevation-model,
iPad,"iPad15,6",26.3,supports-maps-wgs84-elevation-model,
iPad,"iPad15,3",26.3,supports-beacon-sharing-v2,
iPad,"iPad15,4",26.3,supports-beacon-sharing-v2,
iPad,"iPad15,5",26.3,supports-beacon-sharing-v2,
iPad,"iPad15,6",26.3,supports-beacon-sharing-v2,
iPad,"iPad15,3",26.3,is-web-client,
iPad,"iPad15,4",26.3,is-web-client,
iPad,"iPad15,5",26.3,is-web-client,
iPad,"iPad15,6",26.3,is-web-client,
iPad,"iPad15,3",26.3,supports-beneficiary-invites,
iPad,"iPad15,4",26.3,supports-beneficiary-invites,
iPad,"iPad15,5",26.3,supports-beneficiary-invites,
iPad,"iPad15,6",26.3,supports-beneficiary-invites,
iPad,"iPad15,3",26.3,supports-people-request-messages,
iPad,"iPad15,4",26.3,supports-people-request-messages,
iPad,"iPad15,5",26.3,supports-people-request-messages,
iPad,"iPad15,6",26.3,supports-people-request-messages,
iPad,"iPad15,3",26.3,supports-avless,
iPad,"iPad15,4",26.3,supports-avless,
iPad,"iPad15,5",26.3,supports-avless,
iPad,"iPad15,6",26.3,supports-avless,
iPad,"iPad15,3",26.3,supports-maps-waypoint-route-sharing,
iPad,"iPad15,4",26.3,supports-maps-waypoint-route-sharing,
iPad,"iPad15,5",26.3,supports-maps-waypoint-route-sharing,
iPad,"iPad15,6",26.3,supports-maps-waypoint-route-sharing,
iPad,"iPad15,3",26.3,supports-cross-platform-sharing,
iPad,"iPad15,4",26.3,supports-cross-platform-sharing,
iPad,"iPad15,5",26.3,supports-cross-platform-sharing,
iPad,"iPad15,6",26.3,supports-cross-platform-sharing,
iPad,"iPad15,3",26.3,supports-self-one-to-one-invites,
iPad,"iPad15,4",26.3,supports-self-one-to-one-invites,
iPad,"iPad15,5",26.3,supports-self-one-to-one-invites,
iPad,"iPad15,6",26.3,supports-self-one-to-one-invites,
iPad,"iPad15,3",26.3,supports-people-request-messages-v2,
iPad,"iPad15,4",26.3,supports-people-request-messages-v2,
iPad,"iPad15,5",26.3,supports-people-request-messages-v2,
iPad,"iPad15,6",26.3,supports-people-request-messages-v2,
iPad,"iPad15,3",26.3,supports-askto,
iPad,"iPad15,4",26.3,supports-askto,
iPad,"iPad15,5",26.3,supports-askto,
iPad,"iPad15,6",26.3,supports-askto,
iPad,"iPad15,3",26.3,supports-askto-v2,
iPad,"iPad15,4",26.3,supports-askto-v2,
iPad,"iPad15,5",26.3,supports-askto-v2,
iPad,"iPad15,6",26.3,supports-askto-v2,
iPad,"iPad15,3",26.3,supports-askto-responseUI,
iPad,"iPad15,4",26.3,supports-askto-responseUI,
iPad,"iPad15,5",26.3,supports-askto-responseUI,
iPad,"iPad15,6",26.3,supports-askto-responseUI,
iPad,"iPad15,3",26.3,supports-significant-app-update,
iPad,"iPad15,4",26.3,supports-significant-app-update,
iPad,"iPad15,5",26.3,supports-significant-app-update,
iPad,"iPad15,6",26.3,supports-significant-app-update,
iPad,"iPad15,3",26.3,supports-hybrid-groups-v1,
iPad,"iPad15,4",26.3,supports-hybrid-groups-v1,
iPad,"iPad15,5",26.3,supports-hybrid-groups-v1,
iPad,"iPad15,6",26.3,supports-hybrid-groups-v1,
iPad,"iPad15,3",26.3,supports-findmy-plugin-messages,
iPad,"iPad15,4",26.3,supports-findmy-plugin-messages,
iPad,"iPad15,5",26.3,supports-findmy-plugin-messages,
iPad,"iPad15,6",26.3,supports-findmy-plugin-messages,
iPad,"iPad15,3",26.3,supports-sos-alerting,
iPad,"iPad15,4",26.3,supports-sos-alerting,
iPad,"iPad15,5",26.3,supports-sos-alerting,
iPad,"iPad15,6",26.3,supports-sos-alerting,
iPad,"iPad15,3",26.3,supports-people-request-messages-v3,
iPad,"iPad15,4",26.3,supports-people-request-messages-v3,
iPad,"iPad15,5",26.3,supports-people-request-messages-v3,
iPad,"iPad15,6",26.3,supports-people-request-messages-v3,
iPad,"iPad15,3",26.3,supports-recurring-payment-bubbles,
iPad,"iPad15,4",26.3,supports-recurring-payment-bubbles,
iPad,"iPad15,5",26.3,supports-recurring-payment-bubbles,
iPad,"iPad15,6",26.3,supports-recurring-payment-bubbles,
iPad,"iPad15,3",26.3,supports-gft-relay,
iPad,"iPad15,4",26.3,supports-gft-relay,
iPad,"iPad15,5",26.3,supports-gft-relay,
iPad,"iPad15,6",26.3,supports-gft-relay,
iPad,"iPad15,3",26.3,supports-group-photo-refresh-version,
iPad,"iPad15,4",26.3,supports-group-photo-refresh-version,
iPad,"iPad15,5",26.3,supports-group-photo-refresh-version,
iPad,"iPad15,6",26.3,supports-group-photo-refresh-version,
iPad,"iPad15,3",26.3,supports-ssrc,
iPad,"iPad15,4",26.3,supports-ssrc,
iPad,"iPad15,5",26.3,supports-ssrc,
iPad,"iPad15,6",26.3,supports-ssrc,
iPad,"iPad15,3",26.3,supports-emoji-tapbacks,
iPad,"iPad15,4",26.3,supports-emoji-tapbacks,
iPad,"iPad15,5",26.3,supports-emoji-tapbacks,
iPad,"iPad15,6",26.3,supports-emoji-tapbacks,
iPad,"iPad15,3",26.3,supports-send-later-messages,
iPad,"iPad15,4",26.3,supports-send-later-messages,
iPad,"iPad15,5",26.3,supports-send-later-messages,
iPad,"iPad15,6",26.3,supports-send-later-messages,
iPad,"iPad15,3",26.3,supports-restricted-guest,
iPad,"iPad15,4",26.3,supports-restricted-guest,
iPad,"iPad15,5",26.3,supports-restricted-guest,
iPad,"iPad15,6",26.3,supports-restricted-guest,
iPad,"iPad15,3",26.3,supports-adaptive-temperature-automations,
iPad,"iPad15,4",26.3,supports-adaptive-temperature-automations,
iPad,"iPad15,5",26.3,supports-adaptive-temperature-automations,
iPad,"iPad15,6",26.3,supports-adaptive-temperature-automations,
iPad,"iPad15,3",26.3,supports-emoji-images,
iPad,"iPad15,4",26.3,supports-emoji-images,
iPad,"iPad15,5",26.3,supports-emoji-images,
iPad,"iPad15,6",26.3,supports-emoji-images,
iPad,"iPad15,3",26.3,supports-stick-moji-backs,
iPad,"iPad15,4",26.3,supports-stick-moji-backs,
iPad,"iPad15,5",26.3,supports-stick-moji-backs,
iPad,"iPad15,6",26.3,supports-stick-moji-backs,
iPad,"iPad15,3",26.3,supports-high-quality-photo-file-sizes,
iPad,"iPad15,4",26.3,supports-high-quality-photo-file-sizes,
iPad,"iPad15,5",26.3,supports-high-quality-photo-file-sizes,
iPad,"iPad15,6",26.3,supports-high-quality-photo-file-sizes,
iPad,"iPad15,3",26.3,supports-stewie,False
iPad,"iPad15,4",26.3,supports-stewie,False
iPad,"iPad15,5",26.3,supports-stewie,False
iPad,"iPad15,6",26.3,supports-stewie,False
iPad,"iPad15,3",26.3,sender-key-message-version,
iPad,"iPad15,4",26.3,sender-key-message-version,
iPad,"iPad15,5",26.3,sender-key-message-version,
iPad,"iPad15,6",26.3,sender-key-message-version,
iPad,"iPad15,3",26.3,supports-remote-atv-signin,
iPad,"iPad15,4",26.3,supports-remote-atv-signin,
iPad,"iPad15,5",26.3,supports-remote-atv-signin,
iPad,"iPad15,6",26.3,supports-remote-atv-signin,
iPad,"iPad15,3",26.3,supports-sender-key-v1,
iPad,"iPad15,4",26.3,supports-sender-key-v1,
iPad,"iPad15,5",26.3,supports-sender-key-v1,
iPad,"iPad15,6",26.3,supports-sender-key-v1,
iPad,"iPad15,3",26.3,supports-uriless-membership-updates,
iPad,"iPad15,4",26.3,supports-uriless-membership-updates,
iPad,"iPad15,5",26.3,supports-uriless-membership-updates,
iPad,"iPad15,6",26.3,supports-uriless-membership-updates,
iPad,"iPad15,3",26.3,supports-sender-key-self-check,
iPad,"iPad15,4",26.3,supports-sender-key-self-check,
iPad,"iPad15,5",26.3,supports-sender-key-self-check,
iPad,"iPad15,6",26.3,supports-sender-key-self-check,
iPad,"iPad15,3",26.3,supports-recovery-contact-upsell,
iPad,"iPad15,4",26.3,supports-recovery-contact-upsell,
iPad,"iPad15,5",26.3,supports-recovery-contact-upsell,
iPad,"iPad15,6",26.3,supports-recovery-contact-upsell,
iPad,"iPad15,3",26.3,supports-user-driven-call-activation,
iPad,"iPad15,4",26.3,supports-user-driven-call-activation,
iPad,"iPad15,5",26.3,supports-user-driven-call-activation,
iPad,"iPad15,6",26.3,supports-user-driven-call-activation,
iPad,"iPad15,3",26.3,supports-legacy-contact-invites-v1,
iPad,"iPad15,4",26.3,supports-legacy-contact-invites-v1,
iPad,"iPad15,5",26.3,supports-legacy-contact-invites-v1,
iPad,"iPad15,6",26.3,supports-legacy-contact-invites-v1,
iPad,"iPad15,3",26.3,supports-legacy-contact-invites-v2,
iPad,"iPad15,4",26.3,supports-legacy-contact-invites-v2,
iPad,"iPad15,5",26.3,supports-legacy-contact-invites-v2,
iPad,"iPad15,6",26.3,supports-legacy-contact-invites-v2,
iPad,"iPad15,3",26.3,supports-legacy-contact-invites-v3,
iPad,"iPad15,4",26.3,supports-legacy-contact-invites-v3,
iPad,"iPad15,5",26.3,supports-legacy-contact-invites-v3,
iPad,"iPad15,6",26.3,supports-legacy-contact-invites-v3,
iPad,"iPad15,3",26.3,supports-calls-25,
iPad,"iPad15,4",26.3,supports-calls-25,
iPad,"iPad15,5",26.3,supports-calls-25,
iPad,"iPad15,6",26.3,supports-calls-25,
iPad,"iPad15,3",26.3,supports-introductions-v1,
iPad,"iPad15,4",26.3,supports-introductions-v1,
iPad,"iPad15,5",26.3,supports-introductions-v1,
iPad,"iPad15,6",26.3,supports-introductions-v1,
iPad,"iPad15,3",26.3,supports-rbm-chatbot,
iPad,"iPad15,4",26.3,supports-rbm-chatbot,
iPad,"iPad15,5",26.3,supports-rbm-chatbot,
iPad,"iPad15,6",26.3,supports-rbm-chatbot,
iPhone,"iPhone15,2",18.4,show-peer-errors,
iPhone,"iPhone15,2",18.4,is-c2k-equipment,
iPhone,"iPhone15,2",18.4,supports-inline-attachments,
iPhone,"iPhone15,2",18.4,supports-keep-receipts,
iPhone,"iPhone15,2",18.4,supports-location-sharing,
iPhone,"iPhone15,2",18.4,supports-media-v2,
iPhone,"iPhone15,2",18.4,supports-st-v1,
iPhone,"iPhone15,2",18.4,supports-ca-v1,
iPhone,"iPhone15,2",18.4,supports-be-v1,
iPhone,"iPhone15,2",18.4,supports-ack-v1,
iPhone,"iPhone15,2",18.4,supports-fsm-v1,
iPhone,"iPhone15,2",18.4,supports-fsm-v2,
iPhone,"iPhone15,2",18.4,supports-fsm-v3,
iPhone,"iPhone15,2",18.4,supports-ii-v1,
iPhone,"iPhone15,2",18.4,supports-impact-v1,
iPhone,"iPhone15,2",18.4,supports-update-attachments-v1,
iPhone,"iPhone15,2",18.4,supports-autoloopvideo-v1,
iPhone,"iPhone15,2",18.4,supports-photos-extension-v1,
iPhone,"iPhone15,2",18.4,supports-photos-extension-v2,
iPhone,"iPhone15,2",18.4,supports-screen-time-v2,
iPhone,"iPhone15,2",18.4,supports-live-delivery,
iPhone,"iPhone15,2",18.4,supports-audio-messaging-v2,
iPhone,"iPhone15,2",18.4,supports-animoji-v2,
iPhone,"iPhone15,2",18.4,supports-certified-delivery-v1,
iPhone,"iPhone15,2",18.4,supports-original-timestamp-v1,
iPhone,"iPhone15,2",18.4,supports-incoming-fmd-v1,
iPhone,"iPhone15,2",18.4,optionally-receive-typing-indicators,
iPhone,"iPhone15,2",18.4,nicknames-version,
iPhone,"iPhone15,2",18.4,kt-version,5.0
iPhone,"iPhone15,2",18.4,device-key-signature,
iPhone,"iPhone15,2",18.4,ec-version,1.0
iPhone,"iPhone15,2",18.4,supports-protobuf-payload-data-v2,
iPhone,"iPhone15,2",18.4,supports-heif,True
iPhone,"iPhone15,2",18.4,supports-hdr,
iPhone,"iPhone15,2",18.4,prefers-sdr,
iPhone,"iPhone15,2",18.4,supports-modern-gft,
iPhone,"iPhone15,2",18.4,supports-co,
iPhone,"iPhone15,2",18.4,is-green-tea,
iPhone,"iPhone15,2",18.4,supports-sa-v1,
iPhone,"iPhone15,2",18.4,supports-dq-nr,
iPhone,"iPhone15,2",18.4,supports-rem,
iPhone,"iPhone15,2",18.4,supports-shared-exp,
iPhone,"iPhone15,2",18.4,supports-st-er,
iPhone,"iPhone15,2",18.4,supports-family-invite-message-bubble,
iPhone,"iPhone15,2",18.4,supports-maps-protocol-v5,
iPhone,"iPhone15,2",18.4,supports-hi-res-vid,
iPhone,"iPhone15,2",18.4,supports-mirage,
iPhone,"iPhone15,2",18.4,supports-emoji-stickers,
iPhone,"iPhone15,2",18.4,supports-sticker-editing,
iPhone,"iPhone15,2",18.4,supports-key-sharing,
iPhone,"iPhone15,2",18.4,supports-harmony,
iPhone,"iPhone15,2",18.4,supports-activity-sharing-v1,True
iPhone,"iPhone15,2",18.4,supports-manatee-for-apple-cash,
iPhone,"iPhone15,2",18.4,supports-region-for-apple-cash,
iPhone,"iPhone15,2",18.4,supports-fmd-v2,True
iPhone,"iPhone15,2",18.4,supports-fm-fence-v1,True
iPhone,"iPhone15,2",18.4,supports-secure-loc-v1,
iPhone,"iPhone15,2",18.4,supports-zelkova,True
iPhone,"iPhone15,2",18.4,supports-people-ranging-v1,
iPhone,"iPhone15,2",18.4,supports-beacon-sharing-v3,
iPhone,"iPhone15,2",18.4,supports-manatee-activity-sharing,
iPhone,"iPhone15,2",18.4,supports-uwb,True
iPhone,"iPhone15,2",18.4,supports-gft-errors,
iPhone,"iPhone15,2",18.4,supports-gft-calls,
iPhone,"iPhone15,2",18.4,supports-hk-resident,
iPhone,"iPhone15,2",18.4,supports-maps-routing-path-leg,
iPhone,"iPhone15,2",18.4,supports-beacon-sharing-v2,
iPhone,"iPhone15,2",18.4,is-web-client,
iPhone,"iPhone15,2",18.4,supports-beneficiary-invites,
iPhone,"iPhone15,2",18.4,supports-people-request-messages,
iPhone,"iPhone15,2",18.4,supports-avless,
iPhone,"iPhone15,2",18.4,supports-maps-waypoint-route-sharing,
iPhone,"iPhone15,2",18.4,supports-cross-platform-sharing,
iPhone,"iPhone15,2",18.4,supports-self-one-to-one-invites,
iPhone,"iPhone15,2",18.4,supports-people-request-messages-v2,
iPhone,"iPhone15,2",18.4,supports-askto,
iPhone,"iPhone15,2",18.4,supports-hybrid-groups-v1,
iPhone,"iPhone15,2",18.4,supports-findmy-plugin-messages,
iPhone,"iPhone15,2",18.4,supports-sos-alerting,True
iPhone,"iPhone15,2",18.4,supports-people-request-messages-v3,
iPhone,"iPhone15,2",18.4,supports-recurring-payment-bubbles,
iPhone,"iPhone15,2",18.4,supports-gft-relay,
iPhone,"iPhone15,2",18.4,supports-group-photo-refresh-version,
iPhone,"iPhone15,2",18.4,supports-ssrc,
iPhone,"iPhone15,2",18.4,supports-emoji-tapbacks,
iPhone,"iPhone15,2",18.4,supports-send-later-messages,
iPhone,"iPhone15,2",18.4,supports-restricted-guest,
iPhone,"iPhone15,2",18.4,supports-emoji-images,
iPhone,"iPhone15,2",18.4,supports-stick-moji-backs,
iPhone,"iPhone15,2",18.4,supports-high-quality-photo-file-sizes,
iPhone,"iPhone15,2",18.4,supports-stewie,True
iPhone,"iPhone15,2",18.4,sender-key-message-version,
iPhone,"iPhone15,2",18.4,supports-remote-atv-signin,
iPhone,"iPhone15,2",18.4,supports-sender-key-v1,
iPhone,"iPhone15,2",18.4,supports-sender-key-self-check,
iPhone,"iPhone15,2",18.4,supports-recovery-contact-upsell,
iPhone,"iPhone15,2",18.4,supports-user-driven-call-activation,
iPhone,"iPhone15,2",18.4,supports-legacy-contact-invites-v1,
iPhone,"iPhone15,2",18.4,supports-rbm-chatbot,
iPhone,"iPhone14,4",18.5,show-peer-errors,
iPhone,"iPhone14,4",18.5,is-c2k-equipment,
iPhone,"iPhone14,4",18.5,supports-inline-attachments,
iPhone,"iPhone14,4",18.5,supports-keep-receipts,
iPhone,"iPhone14,4",18.5,supports-location-sharing,
iPhone,"iPhone14,4",18.5,supports-media-v2,
iPhone,"iPhone14,4",18.5,supports-st-v1,
iPhone,"iPhone14,4",18.5,supports-ca-v1,
iPhone,"iPhone14,4",18.5,supports-be-v1,
iPhone,"iPhone14,4",18.5,supports-ack-v1,
iPhone,"iPhone14,4",18.5,supports-fsm-v1,
iPhone,"iPhone14,4",18.5,supports-fsm-v2,
iPhone,"iPhone14,4",18.5,supports-fsm-v3,
iPhone,"iPhone14,4",18.5,supports-ii-v1,
iPhone,"iPhone14,4",18.5,supports-impact-v1,
iPhone,"iPhone14,4",18.5,supports-update-attachments-v1,
iPhone,"iPhone14,4",18.5,supports-autoloopvideo-v1,
iPhone,"iPhone14,4",18.5,supports-photos-extension-v1,
iPhone,"iPhone14,4",18.5,supports-photos-extension-v2,
iPhone,"iPhone14,4",18.5,supports-screen-time-v2,
iPhone,"iPhone14,4",18.5,supports-live-delivery,
iPhone,"iPhone14,4",18.5,supports-audio-messaging-v2,
iPhone,"iPhone14,4",18.5,supports-animoji-v2,
iPhone,"iPhone14,4",18.5,supports-certified-delivery-v1,
iPhone,"iPhone14,4",18.5,supports-original-timestamp-v1,
iPhone,"iPhone14,4",18.5,supports-incoming-fmd-v1,
iPhone,"iPhone14,4",18.5,optionally-receive-typing-indicators,
iPhone,"iPhone14,4",18.5,nicknames-version,
iPhone,"iPhone14,4",18.5,kt-version,5.0
iPhone,"iPhone14,4",18.5,device-key-signature,
iPhone,"iPhone14,4",18.5,ec-version,1.0
iPhone,"iPhone14,4",18.5,supports-protobuf-payload-data-v2,
iPhone,"iPhone14,4",18.5,supports-heif,True
iPhone,"iPhone14,4",18.5,supports-hdr,
iPhone,"iPhone14,4",18.5,prefers-sdr,
iPhone,"iPhone14,4",18.5,supports-modern-gft,
iPhone,"iPhone14,4",18.5,supports-co,
iPhone,"iPhone14,4",18.5,is-green-tea,
iPhone,"iPhone14,4",18.5,supports-sa-v1,
iPhone,"iPhone14,4",18.5,supports-dq-nr,
iPhone,"iPhone14,4",18.5,supports-rem,
iPhone,"iPhone14,4",18.5,supports-shared-exp,
iPhone,"iPhone14,4",18.5,supports-st-er,
iPhone,"iPhone14,4",18.5,supports-family-invite-message-bubble,
iPhone,"iPhone14,4",18.5,supports-maps-protocol-v5,
iPhone,"iPhone14,4",18.5,supports-hi-res-vid,
iPhone,"iPhone14,4",18.5,supports-mirage,
iPhone,"iPhone14,4",18.5,supports-emoji-stickers,
iPhone,"iPhone14,4",18.5,supports-sticker-editing,
iPhone,"iPhone14,4",18.5,supports-key-sharing,
iPhone,"iPhone14,4",18.5,supports-harmony,
iPhone,"iPhone14,4",18.5,supports-activity-sharing-v1,True
iPhone,"iPhone14,4",18.5,supports-manatee-for-apple-cash,
iPhone,"iPhone14,4",18.5,supports-region-for-apple-cash,
iPhone,"iPhone14,4",18.5,supports-fmd-v2,True
iPhone,"iPhone14,4",18.5,supports-fm-fence-v1,True
iPhone,"iPhone14,4",18.5,supports-secure-loc-v1,
iPhone,"iPhone14,4",18.5,supports-zelkova,True
iPhone,"iPhone14,4",18.5,supports-people-ranging-v1,
iPhone,"iPhone14,4",18.5,supports-beacon-sharing-v3,
iPhone,"iPhone14,4",18.5,supports-manatee-activity-sharing,
iPhone,"iPhone14,4",18.5,supports-uwb,True
iPhone,"iPhone14,4",18.5,supports-gft-errors,
iPhone,"iPhone14,4",18.5,supports-gft-calls,
iPhone,"iPhone14,4",18.5,supports-hk-resident,
iPhone,"iPhone14,4",18.5,supports-maps-routing-path-leg,
iPhone,"iPhone14,4",18.5,supports-beacon-sharing-v2,
iPhone,"iPhone14,4",18.5,is-web-client,
iPhone,"iPhone14,4",18.5,supports-beneficiary-invites,
iPhone,"iPhone14,4",18.5,supports-people-request-messages,
iPhone,"iPhone14,4",18.5,supports-avless,
iPhone,"iPhone14,4",18.5,supports-maps-waypoint-route-sharing,
iPhone,"iPhone14,4",18.5,supports-cross-platform-sharing,
iPhone,"iPhone14,4",18.5,supports-self-one-to-one-invites,
iPhone,"iPhone14,4",18.5,supports-people-request-messages-v2,
iPhone,"iPhone14,4",18.5,supports-askto,
iPhone,"iPhone14,4",18.5,supports-hybrid-groups-v1,
iPhone,"iPhone14,4",18.5,supports-findmy-plugin-messages,
iPhone,"iPhone14,4",18.5,supports-sos-alerting,True
iPhone,"iPhone14,4",18.5,supports-people-request-messages-v3,
iPhone,"iPhone14,4",18.5,supports-recurring-payment-bubbles,
iPhone,"iPhone14,4",18.5,supports-gft-relay,
iPhone,"iPhone14,4",18.5,supports-group-photo-refresh-version,
iPhone,"iPhone14,4",18.5,supports-ssrc,
iPhone,"iPhone14,4",18.5,supports-emoji-tapbacks,
iPhone,"iPhone14,4",18.5,supports-send-later-messages,
iPhone,"iPhone14,4",18.5,supports-restricted-guest,
iPhone,"iPhone14,4",18.5,supports-emoji-images,
iPhone,"iPhone14,4",18.5,supports-stick-moji-backs,
iPhone,"iPhone14,4",18.5,supports-high-quality-photo-file-sizes,
iPhone,"iPhone14,4",18.5,supports-stewie,True
iPhone,"iPhone14,4",18.5,sender-key-message-version,
iPhone,"iPhone14,4",18.5,supports-remote-atv-signin,
iPhone,"iPhone14,4",18.5,supports-sender-key-v1,
iPhone,"iPhone14,4",18.5,supports-sender-key-self-check,
iPhone,"iPhone14,4",18.5,supports-recovery-contact-upsell,
iPhone,"iPhone14,4",18.5,supports-user-driven-call-activation,
iPhone,"iPhone14,4",18.5,supports-legacy-contact-invites-v1,
iPhone,"iPhone14,4",18.5,supports-rbm-chatbot,
iPhone,"iPhone14,4",17.2,show-peer-errors,
iPhone,"iPhone14,4",17.2,is-c2k-equipment,
iPhone,"iPhone14,4",17.2,supports-inline-attachments,
iPhone,"iPhone14,4",17.2,supports-keep-receipts,
iPhone,"iPhone14,4",17.2,supports-location-sharing,
iPhone,"iPhone14,4",17.2,supports-media-v2,
iPhone,"iPhone14,4",17.2,supports-st-v1,
iPhone,"iPhone14,4",17.2,supports-ca-v1,
iPhone,"iPhone14,4",17.2,supports-be-v1,
iPhone,"iPhone14,4",17.2,supports-ack-v1,
iPhone,"iPhone14,4",17.2,supports-fsm-v1,
iPhone,"iPhone14,4",17.2,supports-fsm-v2,
iPhone,"iPhone14,4",17.2,supports-fsm-v3,
iPhone,"iPhone14,4",17.2,supports-ii-v1,
iPhone,"iPhone14,4",17.2,supports-impact-v1,
iPhone,"iPhone14,4",17.2,supports-update-attachments-v1,
iPhone,"iPhone14,4",17.2,supports-autoloopvideo-v1,
iPhone,"iPhone14,4",17.2,supports-photos-extension-v1,
iPhone,"iPhone14,4",17.2,supports-photos-extension-v2,
iPhone,"iPhone14,4",17.2,supports-screen-time-v2,
iPhone,"iPhone14,4",17.2,supports-live-delivery,
iPhone,"iPhone14,4",17.2,supports-audio-messaging-v2,
iPhone,"iPhone14,4",17.2,supports-animoji-v2,
iPhone,"iPhone14,4",17.2,supports-certified-delivery-v1,
iPhone,"iPhone14,4",17.2,supports-original-timestamp-v1,
iPhone,"iPhone14,4",17.2,supports-incoming-fmd-v1,
iPhone,"iPhone14,4",17.2,optionally-receive-typing-indicators,
iPhone,"iPhone14,4",17.2,nicknames-version,
iPhone,"iPhone14,4",17.2,kt-version,5.0
iPhone,"iPhone14,4",17.2,device-key-signature,
iPhone,"iPhone14,4",17.2,ec-version,1.0
iPhone,"iPhone14,4",17.2,supports-protobuf-payload-data-v2,
iPhone,"iPhone14,4",17.2,supports-heif,True
iPhone,"iPhone14,4",17.2,supports-hdr,
iPhone,"iPhone14,4",17.2,prefers-sdr,
iPhone,"iPhone14,4",17.2,supports-modern-gft,
iPhone,"iPhone14,4",17.2,supports-co,
iPhone,"iPhone14,4",17.2,is-green-tea,
iPhone,"iPhone14,4",17.2,supports-sa-v1,
iPhone,"iPhone14,4",17.2,supports-dq-nr,
iPhone,"iPhone14,4",17.2,supports-rem,
iPhone,"iPhone14,4",17.2,supports-shared-exp,
iPhone,"iPhone14,4",17.2,supports-st-er,
iPhone,"iPhone14,4",17.2,supports-family-invite-message-bubble,
iPhone,"iPhone14,4",17.2,supports-maps-protocol-v5,
iPhone,"iPhone14,4",17.2,supports-hi-res-vid,
iPhone,"iPhone14,4",17.2,supports-mirage,
iPhone,"iPhone14,4",17.2,supports-emoji-stickers,
iPhone,"iPhone14,4",17.2,supports-sticker-editing,
iPhone,"iPhone14,4",17.2,supports-key-sharing,
iPhone,"iPhone14,4",17.2,supports-harmony,
iPhone,"iPhone14,4",17.2,supports-activity-sharing-v1,True
iPhone,"iPhone14,4",17.2,supports-manatee-for-apple-cash,
iPhone,"iPhone14,4",17.2,supports-region-for-apple-cash,
iPhone,"iPhone14,4",17.2,supports-fmd-v2,
iPhone,"iPhone14,4",17.2,supports-fm-fence-v1,True
iPhone,"iPhone14,4",17.2,supports-secure-loc-v1,
iPhone,"iPhone14,4",17.2,supports-zelkova,False
iPhone,"iPhone14,4",17.2,supports-people-ranging-v1,
iPhone,"iPhone14,4",17.2,supports-beacon-sharing-v3,
iPhone,"iPhone14,4",17.2,supports-uwb,True
iPhone,"iPhone14,4",17.2,supports-gft-errors,
iPhone,"iPhone14,4",17.2,supports-gft-calls,
iPhone,"iPhone14,4",17.2,supports-hk-resident,
iPhone,"iPhone14,4",17.2,supports-maps-routing-path-leg,
iPhone,"iPhone14,4",17.2,supports-beacon-sharing-v2,
iPhone,"iPhone14,4",17.2,is-web-client,
iPhone,"iPhone14,4",17.2,supports-beneficiary-invites,
iPhone,"iPhone14,4",17.2,supports-people-request-messages,
iPhone,"iPhone14,4",17.2,supports-avless,
iPhone,"iPhone14,4",17.2,supports-maps-waypoint-route-sharing,
iPhone,"iPhone14,4",17.2,supports-cross-platform-sharing,
iPhone,"iPhone14,4",17.2,supports-self-one-to-one-invites,
iPhone,"iPhone14,4",17.2,supports-people-request-messages-v2,
iPhone,"iPhone14,4",17.2,supports-askto,
iPhone,"iPhone14,4",17.2,supports-hybrid-groups-v1,
iPhone,"iPhone14,4",17.2,supports-findmy-plugin-messages,
iPhone,"iPhone14,4",17.2,supports-sos-alerting,True
iPhone,"iPhone14,4",17.2,supports-people-request-messages-v3,
iPhone,"iPhone14,4",17.2,supports-recurring-payment-bubbles,
iPhone,"iPhone14,4",17.2,supports-gft-relay,
iPhone,"iPhone12,1",26.3,show-peer-errors,
iPhone,"iPhone12,1",26.3,is-c2k-equipment,
iPhone,"iPhone12,1",26.3,supports-inline-attachments,
iPhone,"iPhone12,1",26.3,supports-keep-receipts,
iPhone,"iPhone12,1",26.3,supports-location-sharing,
iPhone,"iPhone12,1",26.3,supports-media-v2,
iPhone,"iPhone12,1",26.3,supports-st-v1,
iPhone,"iPhone12,1",26.3,supports-ca-v1,
iPhone,"iPhone12,1",26.3,supports-be-v1,
iPhone,"iPhone12,1",26.3,supports-ack-v1,
iPhone,"iPhone12,1",26.3,supports-fsm-v1,
iPhone,"iPhone12,1",26.3,supports-fsm-v2,
iPhone,"iPhone12,1",26.3,supports-fsm-v3,
iPhone,"iPhone12,1",26.3,supports-ii-v1,
iPhone,"iPhone12,1",26.3,supports-impact-v1,
iPhone,"iPhone12,1",26.3,supports-update-attachments-v1,
iPhone,"iPhone12,1",26.3,supports-autoloopvideo-v1,
iPhone,"iPhone12,1",26.3,supports-photos-extension-v1,
iPhone,"iPhone12,1",26.3,supports-photos-extension-v2,
iPhone,"iPhone12,1",26.3,supports-screen-time-v2,
iPhone,"iPhone12,1",26.3,supports-live-delivery,
iPhone,"iPhone12,1",26.3,supports-audio-messaging-v2,
iPhone,"iPhone12,1",26.3,supports-animoji-v2,
iPhone,"iPhone12,1",26.3,supports-certified-delivery-v1,
iPhone,"iPhone12,1",26.3,supports-original-timestamp-v1,
iPhone,"iPhone12,1",26.3,supports-incoming-fmd-v1,
iPhone,"iPhone12,1",26.3,optionally-receive-typing-indicators,
iPhone,"iPhone12,1",26.3,nicknames-version,
iPhone,"iPhone12,1",26.3,kt-version,5.0
iPhone,"iPhone12,1",26.3,device-key-signature,
iPhone,"iPhone12,1",26.3,ec-version,1.0
iPhone,"iPhone12,1",26.3,supports-protobuf-payload-data-v2,
iPhone,"iPhone12,1",26.3,supports-heif,True
iPhone,"iPhone12,1",26.3,supports-hdr,
iPhone,"iPhone12,1",26.3,prefers-sdr,
iPhone,"iPhone12,1",26.3,supports-qta,
iPhone,"iPhone12,1",26.3,supports-modern-gft,
iPhone,"iPhone12,1",26.3,supports-co,
iPhone,"iPhone12,1",26.3,is-green-tea,
iPhone,"iPhone12,1",26.3,supports-sa-v1,
iPhone,"iPhone12,1",26.3,supports-dq-nr,
iPhone,"iPhone12,1",26.3,supports-rem,
iPhone,"iPhone12,1",26.3,supports-shared-exp,
iPhone,"iPhone12,1",26.3,supports-st-er,
iPhone,"iPhone12,1",26.3,supports-family-invite-message-bubble,
iPhone,"iPhone12,1",26.3,supports-maps-protocol-v5,
iPhone,"iPhone12,1",26.3,supports-hi-res-vid,
iPhone,"iPhone12,1",26.3,supports-live-translation,
iPhone,"iPhone12,1",26.3,supports-mirage,
iPhone,"iPhone12,1",26.3,supports-nearby-facetime,
iPhone,"iPhone12,1",26.3,supports-emoji-stickers,
iPhone,"iPhone12,1",26.3,supports-sticker-editing,
iPhone,"iPhone12,1",26.3,supports-transcript-backgrounds,
iPhone,"iPhone12,1",26.3,supports-polls,
iPhone,"iPhone12,1",26.3,supports-lqm-hq,
iPhone,"iPhone12,1",26.3,supports-group-apple-cash,
iPhone,"iPhone12,1",26.3,supports-ckv-enforcement,
iPhone,"iPhone12,1",26.3,supports-gti,
iPhone,"iPhone12,1",26.3,supports-aot,
iPhone,"iPhone12,1",26.3,supports-key-sharing,
iPhone,"iPhone12,1",26.3,supports-harmony,
iPhone,"iPhone12,1",26.3,supports-activity-sharing-v1,True
iPhone,"iPhone12,1",26.3,supports-manatee-for-apple-cash,
iPhone,"iPhone12,1",26.3,supports-region-for-apple-cash,
iPhone,"iPhone12,1",26.3,supports-fmd-v2,True
iPhone,"iPhone12,1",26.3,supports-fm-fence-v1,True
iPhone,"iPhone12,1",26.3,supports-secure-loc-v1,
iPhone,"iPhone12,1",26.3,supports-zelkova,True
iPhone,"iPhone12,1",26.3,supports-people-ranging-v1,
iPhone,"iPhone12,1",26.3,supports-beacon-sharing-v3,
iPhone,"iPhone12,1",26.3,supports-manatee-activity-sharing,
iPhone,"iPhone12,1",26.3,supports-queue-one-read-receipts-v3,
iPhone,"iPhone12,1",26.3,supports-uwb,True
iPhone,"iPhone12,1",26.3,supports-gft-errors,
iPhone,"iPhone12,1",26.3,supports-gft-calls,
iPhone,"iPhone12,1",26.3,supports-hk-resident,
iPhone,"iPhone12,1",26.3,supports-maps-routing-path-leg,
iPhone,"iPhone12,1",26.3,supports-maps-wgs84-elevation-model,
iPhone,"iPhone12,1",26.3,supports-beacon-sharing-v2,
iPhone,"iPhone12,1",26.3,is-web-client,
iPhone,"iPhone12,1",26.3,supports-beneficiary-invites,
iPhone,"iPhone12,1",26.3,supports-people-request-messages,
iPhone,"iPhone12,1",26.3,supports-avless,
iPhone,"iPhone12,1",26.3,supports-maps-waypoint-route-sharing,
iPhone,"iPhone12,1",26.3,supports-cross-platform-sharing,
iPhone,"iPhone12,1",26.3,supports-self-one-to-one-invites,
iPhone,"iPhone12,1",26.3,supports-people-request-messages-v2,
iPhone,"iPhone12,1",26.3,supports-askto,
iPhone,"iPhone12,1",26.3,supports-askto-v2,
iPhone,"iPhone12,1",26.3,supports-askto-responseUI,
iPhone,"iPhone12,1",26.3,supports-significant-app-update,
iPhone,"iPhone12,1",26.3,supports-hybrid-groups-v1,
iPhone,"iPhone12,1",26.3,supports-findmy-plugin-messages,
iPhone,"iPhone12,1",26.3,supports-sos-alerting,True
iPhone,"iPhone12,1",26.3,supports-people-request-messages-v3,
iPhone,"iPhone12,1",26.3,supports-recurring-payment-bubbles,
iPhone,"iPhone12,1",26.3,supports-gft-relay,
iPhone,"iPhone12,1",26.3,supports-group-photo-refresh-version,
iPhone,"iPhone12,1",26.3,supports-ssrc,
iPhone,"iPhone12,1",26.3,supports-emoji-tapbacks,
iPhone,"iPhone12,1",26.3,supports-send-later-messages,
iPhone,"iPhone12,1",26.3,supports-restricted-guest,
iPhone,"iPhone12,1",26.3,supports-adaptive-temperature-automations,
iPhone,"iPhone12,1",26.3,supports-emoji-images,
iPhone,"iPhone12,1",26.3,supports-stick-moji-backs,
iPhone,"iPhone12,1",26.3,supports-high-quality-photo-file-sizes,
iPhone,"iPhone12,1",26.3,supports-stewie,False
iPhone,"iPhone12,1",26.3,sender-key-message-version,
iPhone,"iPhone12,1",26.3,supports-remote-atv-signin,
iPhone,"iPhone12,1",26.3,supports-sender-key-v1,
iPhone,"iPhone12,1",26.3,supports-uriless-membership-updates,
iPhone,"iPhone12,1",26.3,supports-sender-key-self-check,
iPhone,"iPhone12,1",26.3,supports-recovery-contact-upsell,
iPhone,"iPhone12,1",26.3,supports-user-driven-call-activation,
iPhone,"iPhone12,1",26.3,supports-legacy-contact-invites-v1,
iPhone,"iPhone12,1",26.3,supports-legacy-contact-invites-v2,
iPhone,"iPhone12,1",26.3,supports-legacy-contact-invites-v3,
iPhone,"iPhone12,1",26.3,supports-calls-25,
iPhone,"iPhone12,1",26.3,supports-introductions-v1,
iPhone,"iPhone12,1",26.3,supports-rbm-chatbot,
iPhone,"iPhone18,1",26.3,show-peer-errors,
iPhone,"iPhone18,1",26.3,is-c2k-equipment,
iPhone,"iPhone18,1",26.3,supports-inline-attachments,
iPhone,"iPhone18,1",26.3,supports-keep-receipts,
iPhone,"iPhone18,1",26.3,supports-location-sharing,
iPhone,"iPhone18,1",26.3,supports-media-v2,
iPhone,"iPhone18,1",26.3,supports-st-v1,
iPhone,"iPhone18,1",26.3,supports-ca-v1,
iPhone,"iPhone18,1",26.3,supports-be-v1,
iPhone,"iPhone18,1",26.3,supports-ack-v1,
iPhone,"iPhone18,1",26.3,supports-fsm-v1,
iPhone,"iPhone18,1",26.3,supports-fsm-v2,
iPhone,"iPhone18,1",26.3,supports-fsm-v3,
iPhone,"iPhone18,1",26.3,supports-ii-v1,
iPhone,"iPhone18,1",26.3,supports-impact-v1,
iPhone,"iPhone18,1",26.3,supports-update-attachments-v1,
iPhone,"iPhone18,1",26.3,supports-autoloopvideo-v1,
iPhone,"iPhone18,1",26.3,supports-photos-extension-v1,
iPhone,"iPhone18,1",26.3,supports-photos-extension-v2,
iPhone,"iPhone18,1",26.3,supports-screen-time-v2,
iPhone,"iPhone18,1",26.3,supports-live-delivery,
iPhone,"iPhone18,1",26.3,supports-audio-messaging-v2,
iPhone,"iPhone18,1",26.3,supports-animoji-v2,
iPhone,"iPhone18,1",26.3,supports-certified-delivery-v1,
iPhone,"iPhone18,1",26.3,supports-original-timestamp-v1,
iPhone,"iPhone18,1",26.3,supports-incoming-fmd-v1,
iPhone,"iPhone18,1",26.3,optionally-receive-typing-indicators,
iPhone,"iPhone18,1",26.3,nicknames-version,
iPhone,"iPhone18,1",26.3,kt-version,5.0
iPhone,"iPhone18,1",26.3,device-key-signature,
iPhone,"iPhone18,1",26.3,ec-version,1.0
iPhone,"iPhone18,1",26.3,supports-protobuf-payload-data-v2,
iPhone,"iPhone18,1",26.3,supports-heif,True
iPhone,"iPhone18,1",26.3,supports-hdr,
iPhone,"iPhone18,1",26.3,prefers-sdr,
iPhone,"iPhone18,1",26.3,supports-qta,
iPhone,"iPhone18,1",26.3,supports-modern-gft,
iPhone,"iPhone18,1",26.3,supports-co,
iPhone,"iPhone18,1",26.3,is-green-tea,
iPhone,"iPhone18,1",26.3,supports-sa-v1,
iPhone,"iPhone18,1",26.3,supports-dq-nr,
iPhone,"iPhone18,1",26.3,supports-rem,
iPhone,"iPhone18,1",26.3,supports-shared-exp,
iPhone,"iPhone18,1",26.3,supports-st-er,
iPhone,"iPhone18,1",26.3,supports-family-invite-message-bubble,
iPhone,"iPhone18,1",26.3,supports-maps-protocol-v5,
iPhone,"iPhone18,1",26.3,supports-hi-res-vid,
iPhone,"iPhone18,1",26.3,supports-live-translation,
iPhone,"iPhone18,1",26.3,supports-mirage,
iPhone,"iPhone18,1",26.3,supports-nearby-facetime,
iPhone,"iPhone18,1",26.3,supports-emoji-stickers,
iPhone,"iPhone18,1",26.3,supports-sticker-editing,
iPhone,"iPhone18,1",26.3,supports-transcript-backgrounds,
iPhone,"iPhone18,1",26.3,supports-polls,
iPhone,"iPhone18,1",26.3,supports-lqm-hq,
iPhone,"iPhone18,1",26.3,supports-group-apple-cash,
iPhone,"iPhone18,1",26.3,supports-ckv-enforcement,
iPhone,"iPhone18,1",26.3,supports-gti,
iPhone,"iPhone18,1",26.3,supports-aot,
iPhone,"iPhone18,1",26.3,supports-key-sharing,
iPhone,"iPhone18,1",26.3,supports-harmony,
iPhone,"iPhone18,1",26.3,supports-activity-sharing-v1,True
iPhone,"iPhone18,1",26.3,supports-manatee-for-apple-cash,
iPhone,"iPhone18,1",26.3,supports-region-for-apple-cash,
iPhone,"iPhone18,1",26.3,supports-fmd-v2,True
iPhone,"iPhone18,1",26.3,supports-fm-fence-v1,True
iPhone,"iPhone18,1",26.3,supports-secure-loc-v1,
iPhone,"iPhone18,1",26.3,supports-zelkova,True
iPhone,"iPhone18,1",26.3,supports-people-ranging-v1,
iPhone,"iPhone18,1",26.3,supports-beacon-sharing-v3,
iPhone,"iPhone18,1",26.3,supports-manatee-activity-sharing,
iPhone,"iPhone18,1",26.3,supports-queue-one-read-receipts-v3,
iPhone,"iPhone18,1",26.3,supports-uwb,True
iPhone,"iPhone18,1",26.3,supports-gft-errors,
iPhone,"iPhone18,1",26.3,supports-gft-calls,
iPhone,"iPhone18,1",26.3,supports-hk-resident,
iPhone,"iPhone18,1",26.3,supports-maps-routing-path-leg,
iPhone,"iPhone18,1",26.3,supports-maps-wgs84-elevation-model,
iPhone,"iPhone18,1",26.3,supports-beacon-sharing-v2,
iPhone,"iPhone18,1",26.3,is-web-client,
iPhone,"iPhone18,1",26.3,supports-beneficiary-invites,
iPhone,"iPhone18,1",26.3,supports-people-request-messages,
iPhone,"iPhone18,1",26.3,supports-avless,
iPhone,"iPhone18,1",26.3,supports-maps-waypoint-route-sharing,
iPhone,"iPhone18,1",26.3,supports-cross-platform-sharing,
iPhone,"iPhone18,1",26.3,supports-self-one-to-one-invites,
iPhone,"iPhone18,1",26.3,supports-people-request-messages-v2,
iPhone,"iPhone18,1",26.3,supports-askto,
iPhone,"iPhone18,1",26.3,supports-askto-v2,
iPhone,"iPhone18,1",26.3,supports-askto-responseUI,
iPhone,"iPhone18,1",26.3,supports-significant-app-update,
iPhone,"iPhone18,1",26.3,supports-hybrid-groups-v1,
iPhone,"iPhone18,1",26.3,supports-findmy-plugin-messages,
iPhone,"iPhone18,1",26.3,supports-sos-alerting,True
iPhone,"iPhone18,1",26.3,supports-people-request-messages-v3,
iPhone,"iPhone18,1",26.3,supports-recurring-payment-bubbles,
iPhone,"iPhone18,1",26.3,supports-gft-relay,
iPhone,"iPhone18,1",26.3,supports-group-photo-refresh-version,
iPhone,"iPhone18,1",26.3,supports-ssrc,
iPhone,"iPhone18,1",26.3,supports-emoji-tapbacks,
iPhone,"iPhone18,1",26.3,supports-send-later-messages,
iPhone,"iPhone18,1",26.3,supports-restricted-guest,
iPhone,"iPhone18,1",26.3,supports-adaptive-temperature-automations,
iPhone,"iPhone18,1",26.3,supports-emoji-images,
iPhone,"iPhone18,1",26.3,supports-stick-moji-backs,
iPhone,"iPhone18,1",26.3,supports-high-quality-photo-file-sizes,
iPhone,"iPhone18,1",26.3,supports-stewie,True
iPhone,"iPhone18,1",26.3,sender-key-message-version,
iPhone,"iPhone18,1",26.3,supports-remote-atv-signin,
iPhone,"iPhone18,1",26.3,supports-sender-key-v1,
iPhone,"iPhone18,1",26.3,supports-uriless-membership-updates,
iPhone,"iPhone18,1",26.3,supports-sender-key-self-check,
iPhone,"iPhone18,1",26.3,supports-recovery-contact-upsell,
iPhone,"iPhone18,1",26.3,supports-user-driven-call-activation,
iPhone,"iPhone18,1",26.3,supports-legacy-contact-invites-v1,
iPhone,"iPhone18,1",26.3,supports-legacy-contact-invites-v2,
iPhone,"iPhone18,1",26.3,supports-legacy-contact-invites-v3,
iPhone,"iPhone18,1",26.3,supports-calls-25,
iPhone,"iPhone18,1",26.3,supports-introductions-v1,
iPhone,"iPhone18,1",26.3,supports-rbm-chatbot,
Mac,UniversalMac,15.2,show-peer-errors,
Mac,UniversalMac,15.2,is-c2k-equipment,False
Mac,UniversalMac,15.2,supports-inline-attachments,
Mac,UniversalMac,15.2,supports-keep-receipts,
Mac,UniversalMac,15.2,supports-location-sharing,
Mac,UniversalMac,15.2,supports-media-v2,
Mac,UniversalMac,15.2,supports-st-v1,
Mac,UniversalMac,15.2,supports-ca-v1,
Mac,UniversalMac,15.2,supports-be-v1,
Mac,UniversalMac,15.2,supports-ack-v1,
Mac,UniversalMac,15.2,supports-fsm-v1,
Mac,UniversalMac,15.2,supports-fsm-v2,
Mac,UniversalMac,15.2,supports-fsm-v3,
Mac,UniversalMac,15.2,supports-ii-v1,
Mac,UniversalMac,15.2,supports-impact-v1,
Mac,UniversalMac,15.2,supports-update-attachments-v1,
Mac,UniversalMac,15.2,supports-autoloopvideo-v1,
Mac,UniversalMac,15.2,supports-photos-extension-v1,
Mac,UniversalMac,15.2,supports-photos-extension-v2,
Mac,UniversalMac,15.2,supports-screen-time-v2,
Mac,UniversalMac,15.2,supports-live-delivery,
Mac,UniversalMac,15.2,supports-audio-messaging-v2,
Mac,UniversalMac,15.2,supports-animoji-v2,True
Mac,UniversalMac,15.2,supports-certified-delivery-v1,
Mac,UniversalMac,15.2,supports-original-timestamp-v1,
Mac,UniversalMac,15.2,supports-incoming-fmd-v1,
Mac,UniversalMac,15.2,optionally-receive-typing-indicators,
Mac,UniversalMac,15.2,nicknames-version,
Mac,UniversalMac,15.2,kt-version,5.0
Mac,UniversalMac,15.2,device-key-signature,
Mac,UniversalMac,15.2,ec-version,1.0
Mac,UniversalMac,15.2,supports-protobuf-payload-data-v2,
Mac,UniversalMac,15.2,supports-heif,True
Mac,UniversalMac,15.2,supports-hdr,True
Mac,UniversalMac,15.2,prefers-sdr,
Mac,UniversalMac,15.2,supports-modern-gft,
Mac,UniversalMac,15.2,supports-co,
Mac,UniversalMac,15.2,is-green-tea,
Mac,UniversalMac,15.2,supports-sa-v1,
Mac,UniversalMac,15.2,supports-dq-nr,
Mac,UniversalMac,15.2,supports-rem,
Mac,UniversalMac,15.2,supports-shared-exp,
Mac,UniversalMac,15.2,supports-st-er,
Mac,UniversalMac,15.2,supports-family-invite-message-bubble,
Mac,UniversalMac,15.2,supports-maps-protocol-v5,
Mac,UniversalMac,15.2,supports-hi-res-vid,
Mac,UniversalMac,15.2,supports-mirage,
Mac,UniversalMac,15.2,supports-emoji-stickers,
Mac,UniversalMac,15.2,supports-sticker-editing,
Mac,UniversalMac,15.2,supports-key-sharing,
Mac,UniversalMac,15.2,supports-harmony,False
Mac,UniversalMac,15.2,supports-fmd-v2,
Mac,UniversalMac,15.2,supports-fm-fence-v1,
Mac,UniversalMac,15.2,supports-secure-loc-v1,
Mac,UniversalMac,15.2,supports-zelkova,True
Mac,UniversalMac,15.2,supports-people-ranging-v1,
Mac,UniversalMac,15.2,supports-beacon-sharing-v3,
Mac,UniversalMac,15.2,supports-manatee-activity-sharing,
Mac,UniversalMac,15.2,supports-uwb,False
Mac,UniversalMac,15.2,supports-gft-errors,
Mac,UniversalMac,15.2,supports-gft-calls,
Mac,UniversalMac,15.2,supports-hk-resident,
Mac,UniversalMac,15.2,supports-maps-routing-path-leg,
Mac,UniversalMac,15.2,supports-beacon-sharing-v2,
Mac,UniversalMac,15.2,is-web-client,
Mac,UniversalMac,15.2,supports-beneficiary-invites,
Mac,UniversalMac,15.2,supports-people-request-messages,
Mac,UniversalMac,15.2,supports-avless,
Mac,UniversalMac,15.2,supports-maps-waypoint-route-sharing,
Mac,UniversalMac,15.2,supports-cross-platform-sharing,
Mac,UniversalMac,15.2,supports-self-one-to-one-invites,
Mac,UniversalMac,15.2,supports-people-request-messages-v2,
Mac,UniversalMac,15.2,supports-askto,
Mac,UniversalMac,15.2,supports-hybrid-groups-v1,
Mac,UniversalMac,15.2,supports-findmy-plugin-messages,
Mac,UniversalMac,15.2,supports-sos-alerting,
Mac,UniversalMac,15.2,supports-people-request-messages-v3,
Mac,UniversalMac,15.2,supports-recurring-payment-bubbles,
Mac,UniversalMac,15.2,supports-gft-relay,
Mac,UniversalMac,15.2,supports-group-photo-refresh-version,
Mac,UniversalMac,15.2,supports-ssrc,
Mac,UniversalMac,15.2,supports-emoji-tapbacks,
Mac,UniversalMac,15.2,supports-send-later-messages,
Mac,UniversalMac,15.2,supports-restricted-guest,
Mac,UniversalMac,15.2,supports-emoji-images,
Mac,UniversalMac,15.2,supports-stick-moji-backs,
Mac,UniversalMac,15.2,supports-high-quality-photo-file-sizes,
Mac,UniversalMac,15.2,supports-stewie,False
Mac,UniversalMac,15.2,sender-key-message-version,
Mac,UniversalMac,15.2,supports-remote-atv-signin,
Mac,UniversalMac,15.2,supports-sender-key-v1,
Mac,UniversalMac,15.2,supports-recovery-contact-upsell,
iPhone,"iPhone14,4",17.0,show-peer-errors,
iPhone,"iPhone14,4",17.0,is-c2k-equipment,
iPhone,"iPhone14,4",17.0,supports-inline-attachments,
iPhone,"iPhone14,4",17.0,supports-keep-receipts,
iPhone,"iPhone14,4",17.0,supports-location-sharing,
iPhone,"iPhone14,4",17.0,supports-media-v2,
iPhone,"iPhone14,4",17.0,supports-st-v1,
iPhone,"iPhone14,4",17.0,supports-ca-v1,
iPhone,"iPhone14,4",17.0,supports-be-v1,
iPhone,"iPhone14,4",17.0,supports-ack-v1,
iPhone,"iPhone14,4",17.0,supports-fsm-v1,
iPhone,"iPhone14,4",17.0,supports-fsm-v2,
iPhone,"iPhone14,4",17.0,supports-fsm-v3,
iPhone,"iPhone14,4",17.0,supports-ii-v1,
iPhone,"iPhone14,4",17.0,supports-impact-v1,
iPhone,"iPhone14,4",17.0,supports-update-attachments-v1,
iPhone,"iPhone14,4",17.0,supports-autoloopvideo-v1,
iPhone,"iPhone14,4",17.0,supports-photos-extension-v1,
iPhone,"iPhone14,4",17.0,supports-photos-extension-v2,
iPhone,"iPhone14,4",17.0,supports-screen-time-v2,
iPhone,"iPhone14,4",17.0,supports-live-delivery,
iPhone,"iPhone14,4",17.0,supports-audio-messaging-v2,
iPhone,"iPhone14,4",17.0,supports-animoji-v2,
iPhone,"iPhone14,4",17.0,supports-certified-delivery-v1,
iPhone,"iPhone14,4",17.0,supports-original-timestamp-v1,
iPhone,"iPhone14,4",17.0,supports-incoming-fmd-v1,
iPhone,"iPhone14,4",17.0,optionally-receive-typing-indicators,
iPhone,"iPhone14,4",17.0,nicknames-version,
iPhone,"iPhone14,4",17.0,kt-version,5.0
iPhone,"iPhone14,4",17.0,device-key-signature,
iPhone,"iPhone14,4",17.0,ec-version,1.0
iPhone,"iPhone14,4",17.0,supports-protobuf-payload-data-v2,
iPhone,"iPhone14,4",17.0,supports-heif,True
iPhone,"iPhone14,4",17.0,supports-hdr,
iPhone,"iPhone14,4",17.0,prefers-sdr,
iPhone,"iPhone14,4",17.0,supports-modern-gft,
iPhone,"iPhone14,4",17.0,supports-co,
iPhone,"iPhone14,4",17.0,is-green-tea,
iPhone,"iPhone14,4",17.0,supports-sa-v1,
iPhone,"iPhone14,4",17.0,supports-dq-nr,
iPhone,"iPhone14,4",17.0,supports-rem,
iPhone,"iPhone14,4",17.0,supports-shared-exp,
iPhone,"iPhone14,4",17.0,supports-st-er,
iPhone,"iPhone14,4",17.0,supports-family-invite-message-bubble,
iPhone,"iPhone14,4",17.0,supports-maps-protocol-v5,
iPhone,"iPhone14,4",17.0,supports-hi-res-vid,
iPhone,"iPhone14,4",17.0,supports-mirage,
iPhone,"iPhone14,4",17.0,supports-emoji-stickers,
iPhone,"iPhone14,4",17.0,supports-sticker-editing,
iPhone,"iPhone14,4",17.0,supports-key-sharing,
iPhone,"iPhone14,4",17.0,supports-harmony,
iPhone,"iPhone14,4",17.0,supports-activity-sharing-v1,True
iPhone,"iPhone14,4",17.0,supports-manatee-for-apple-cash,
iPhone,"iPhone14,4",17.0,supports-region-for-apple-cash,
iPhone,"iPhone14,4",17.0,supports-fmd-v2,
iPhone,"iPhone14,4",17.0,supports-fm-fence-v1,True
iPhone,"iPhone14,4",17.0,supports-secure-loc-v1,
iPhone,"iPhone14,4",17.0,supports-zelkova,False
iPhone,"iPhone14,4",17.0,supports-people-ranging-v1,
iPhone,"iPhone14,4",17.0,supports-beacon-sharing-v3,
iPhone,"iPhone14,4",17.0,supports-uwb,True
iPhone,"iPhone14,4",17.0,supports-gft-errors,
iPhone,"iPhone14,4",17.0,supports-gft-calls,
iPhone,"iPhone14,4",17.0,supports-hk-resident,
iPhone,"iPhone14,4",17.0,supports-maps-routing-path-leg,
iPhone,"iPhone14,4",17.0,supports-beacon-sharing-v2,
iPhone,"iPhone14,4",17.0,is-web-client,
iPhone,"iPhone14,4",17.0,supports-beneficiary-invites,
iPhone,"iPhone14,4",17.0,supports-people-request-messages,
iPhone,"iPhone14,4",17.0,supports-avless,
iPhone,"iPhone14,4",17.0,supports-maps-waypoint-route-sharing,
iPhone,"iPhone14,4",17.0,supports-cross-platform-sharing,
iPhone,"iPhone14,4",17.0,supports-self-one-to-one-invites,
iPhone,"iPhone14,4",17.0,supports-people-request-messages-v2,
iPhone,"iPhone14,4",17.0,supports-askto,
iPhone,"iPhone14,4",17.0,supports-hybrid-groups-v1,
iPhone,"iPhone14,4",17.0,supports-findmy-plugin-messages,
iPhone,"iPhone14,4",17.0,supports-sos-alerting,True
iPhone,"iPhone14,4",17.0,supports-people-request-messages-v3,
iPhone,"iPhone14,4",17.0,supports-recurring-payment-bubbles,
iPhone,"iPhone14,4",17.0,supports-gft-relay,
iPad,iPad_Pro_Spring_2021,26.3,show-peer-errors,
iPad,iPad_Pro_Spring_2021,26.3,is-c2k-equipment,
iPad,iPad_Pro_Spring_2021,26.3,supports-inline-attachments,
iPad,iPad_Pro_Spring_2021,26.3,supports-keep-receipts,
iPad,iPad_Pro_Spring_2021,26.3,supports-location-sharing,
iPad,iPad_Pro_Spring_2021,26.3,supports-media-v2,
iPad,iPad_Pro_Spring_2021,26.3,supports-st-v1,
iPad,iPad_Pro_Spring_2021,26.3,supports-ca-v1,
iPad,iPad_Pro_Spring_2021,26.3,supports-be-v1,
iPad,iPad_Pro_Spring_2021,26.3,supports-ack-v1,
iPad,iPad_Pro_Spring_2021,26.3,supports-fsm-v1,
iPad,iPad_Pro_Spring_2021,26.3,supports-fsm-v2,
iPad,iPad_Pro_Spring_2021,26.3,supports-fsm-v3,
iPad,iPad_Pro_Spring_2021,26.3,supports-ii-v1,
iPad,iPad_Pro_Spring_2021,26.3,supports-impact-v1,
iPad,iPad_Pro_Spring_2021,26.3,supports-update-attachments-v1,
iPad,iPad_Pro_Spring_2021,26.3,supports-autoloopvideo-v1,
iPad,iPad_Pro_Spring_2021,26.3,supports-photos-extension-v1,
iPad,iPad_Pro_Spring_2021,26.3,supports-photos-extension-v2,
iPad,iPad_Pro_Spring_2021,26.3,supports-screen-time-v2,
iPad,iPad_Pro_Spring_2021,26.3,supports-live-delivery,
iPad,iPad_Pro_Spring_2021,26.3,supports-audio-messaging-v2,
iPad,iPad_Pro_Spring_2021,26.3,supports-animoji-v2,
iPad,iPad_Pro_Spring_2021,26.3,supports-certified-delivery-v1,
iPad,iPad_Pro_Spring_2021,26.3,supports-original-timestamp-v1,
iPad,iPad_Pro_Spring_2021,26.3,supports-incoming-fmd-v1,
iPad,iPad_Pro_Spring_2021,26.3,optionally-receive-typing-indicators,
iPad,iPad_Pro_Spring_2021,26.3,nicknames-version,
iPad,iPad_Pro_Spring_2021,26.3,kt-version,5.0
iPad,iPad_Pro_Spring_2021,26.3,device-key-signature,
iPad,iPad_Pro_Spring_2021,26.3,ec-version,1.0
iPad,iPad_Pro_Spring_2021,26.3,supports-protobuf-payload-data-v2,
iPad,iPad_Pro_Spring_2021,26.3,supports-heif,True
iPad,iPad_Pro_Spring_2021,26.3,supports-hdr,
iPad,iPad_Pro_Spring_2021,26.3,prefers-sdr,
iPad,iPad_Pro_Spring_2021,26.3,supports-qta,
iPad,iPad_Pro_Spring_2021,26.3,supports-modern-gft,
iPad,iPad_Pro_Spring_2021,26.3,supports-co,
iPad,iPad_Pro_Spring_2021,26.3,is-green-tea,
iPad,iPad_Pro_Spring_2021,26.3,supports-sa-v1,
iPad,iPad_Pro_Spring_2021,26.3,supports-dq-nr,
iPad,iPad_Pro_Spring_2021,26.3,supports-rem,
iPad,iPad_Pro_Spring_2021,26.3,supports-shared-exp,
iPad,iPad_Pro_Spring_2021,26.3,supports-st-er,
iPad,iPad_Pro_Spring_2021,26.3,supports-family-invite-message-bubble,
iPad,iPad_Pro_Spring_2021,26.3,supports-maps-protocol-v5,
iPad,iPad_Pro_Spring_2021,26.3,supports-hi-res-vid,
iPad,iPad_Pro_Spring_2021,26.3,supports-live-translation,
iPad,iPad_Pro_Spring_2021,26.3,supports-mirage,
iPad,iPad_Pro_Spring_2021,26.3,supports-nearby-facetime,
iPad,iPad_Pro_Spring_2021,26.3,supports-emoji-stickers,
iPad,iPad_Pro_Spring_2021,26.3,supports-sticker-editing,
iPad,iPad_Pro_Spring_2021,26.3,supports-transcript-backgrounds,
iPad,iPad_Pro_Spring_2021,26.3,supports-polls,
iPad,iPad_Pro_Spring_2021,26.3,supports-lqm-hq,
iPad,iPad_Pro_Spring_2021,26.3,supports-group-apple-cash,
iPad,iPad_Pro_Spring_2021,26.3,supports-ckv-enforcement,
iPad,iPad_Pro_Spring_2021,26.3,supports-gti,
iPad,iPad_Pro_Spring_2021,26.3,supports-aot,
iPad,iPad_Pro_Spring_2021,26.3,supports-key-sharing,
iPad,iPad_Pro_Spring_2021,26.3,supports-harmony,
iPad,iPad_Pro_Spring_2021,26.3,supports-activity-sharing-v1,
iPad,iPad_Pro_Spring_2021,26.3,supports-manatee-for-apple-cash,
iPad,iPad_Pro_Spring_2021,26.3,supports-region-for-apple-cash,
iPad,iPad_Pro_Spring_2021,26.3,supports-fmd-v2,True
iPad,iPad_Pro_Spring_2021,26.3,supports-fm-fence-v1,True
iPad,iPad_Pro_Spring_2021,26.3,supports-secure-loc-v1,
iPad,iPad_Pro_Spring_2021,26.3,supports-zelkova,True
iPad,iPad_Pro_Spring_2021,26.3,supports-people-ranging-v1,
iPad,iPad_Pro_Spring_2021,26.3,supports-beacon-sharing-v3,
iPad,iPad_Pro_Spring_2021,26.3,supports-manatee-activity-sharing,
iPad,iPad_Pro_Spring_2021,26.3,supports-queue-one-read-receipts-v3,
iPad,iPad_Pro_Spring_2021,26.3,supports-uwb,False
iPad,iPad_Pro_Spring_2021,26.3,supports-gft-errors,
iPad,iPad_Pro_Spring_2021,26.3,supports-gft-calls,
iPad,iPad_Pro_Spring_2021,26.3,supports-hk-resident,
iPad,iPad_Pro_Spring_2021,26.3,supports-maps-routing-path-leg,
iPad,iPad_Pro_Spring_2021,26.3,supports-maps-wgs84-elevation-model,
iPad,iPad_Pro_Spring_2021,26.3,supports-beacon-sharing-v2,
iPad,iPad_Pro_Spring_2021,26.3,is-web-client,
iPad,iPad_Pro_Spring_2021,26.3,supports-beneficiary-invites,
iPad,iPad_Pro_Spring_2021,26.3,supports-people-request-messages,
iPad,iPad_Pro_Spring_2021,26.3,supports-avless,
iPad,iPad_Pro_Spring_2021,26.3,supports-maps-waypoint-route-sharing,
iPad,iPad_Pro_Spring_2021,26.3,supports-cross-platform-sharing,
iPad,iPad_Pro_Spring_2021,26.3,supports-self-one-to-one-invites,
iPad,iPad_Pro_Spring_2021,26.3,supports-people-request-messages-v2,
iPad,iPad_Pro_Spring_2021,26.3,supports-askto,
iPad,iPad_Pro_Spring_2021,26.3,supports-askto-v2,
iPad,iPad_Pro_Spring_2021,26.3,supports-askto-responseUI,
iPad,iPad_Pro_Spring_2021,26.3,supports-significant-app-update,
iPad,iPad_Pro_Spring_2021,26.3,supports-hybrid-groups-v1,
iPad,iPad_Pro_Spring_2021,26.3,supports-findmy-plugin-messages,
iPad,iPad_Pro_Spring_2021,26.3,supports-sos-alerting,
iPad,iPad_Pro_Spring_2021,26.3,supports-people-request-messages-v3,
iPad,iPad_Pro_Spring_2021,26.3,supports-recurring-payment-bubbles,
iPad,iPad_Pro_Spring_2021,26.3,supports-gft-relay,
iPad,iPad_Pro_Spring_2021,26.3,supports-group-photo-refresh-version,
iPad,iPad_Pro_Spring_2021,26.3,supports-ssrc,
iPad,iPad_Pro_Spring_2021,26.3,supports-emoji-tapbacks,
iPad,iPad_Pro_Spring_2021,26.3,supports-send-later-messages,
iPad,iPad_Pro_Spring_2021,26.3,supports-restricted-guest,
iPad,iPad_Pro_Spring_2021,26.3,supports-adaptive-temperature-automations,
iPad,iPad_Pro_Spring_2021,26.3,supports-emoji-images,
iPad,iPad_Pro_Spring_2021,26.3,supports-stick-moji-backs,
iPad,iPad_Pro_Spring_2021,26.3,supports-high-quality-photo-file-sizes,
iPad,iPad_Pro_Spring_2021,26.3,supports-stewie,False
iPad,iPad_Pro_Spring_2021,26.3,sender-key-message-version,
iPad,iPad_Pro_Spring_2021,26.3,supports-remote-atv-signin,
iPad,iPad_Pro_Spring_2021,26.3,supports-sender-key-v1,
iPad,iPad_Pro_Spring_2021,26.3,supports-uriless-membership-updates,
iPad,iPad_Pro_Spring_2021,26.3,supports-sender-key-self-check,
iPad,iPad_Pro_Spring_2021,26.3,supports-recovery-contact-upsell,
iPad,iPad_Pro_Spring_2021,26.3,supports-user-driven-call-activation,
iPad,iPad_Pro_Spring_2021,26.3,supports-legacy-contact-invites-v1,
iPad,iPad_Pro_Spring_2021,26.3,supports-legacy-contact-invites-v2,
iPad,iPad_Pro_Spring_2021,26.3,supports-legacy-contact-invites-v3,
iPad,iPad_Pro_Spring_2021,26.3,supports-calls-25,
iPad,iPad_Pro_Spring_2021,26.3,supports-introductions-v1,
iPad,iPad_Pro_Spring_2021,26.3,supports-rbm-chatbot,
iPhone,"iPhone17,1",26.3,show-peer-errors,
iPhone,"iPhone17,1",26.3,is-c2k-equipment,
iPhone,"iPhone17,1",26.3,supports-inline-attachments,
iPhone,"iPhone17,1",26.3,supports-keep-receipts,
iPhone,"iPhone17,1",26.3,supports-location-sharing,
iPhone,"iPhone17,1",26.3,supports-media-v2,
iPhone,"iPhone17,1",26.3,supports-st-v1,
iPhone,"iPhone17,1",26.3,supports-ca-v1,
iPhone,"iPhone17,1",26.3,supports-be-v1,
iPhone,"iPhone17,1",26.3,supports-ack-v1,
iPhone,"iPhone17,1",26.3,supports-fsm-v1,
iPhone,"iPhone17,1",26.3,supports-fsm-v2,
iPhone,"iPhone17,1",26.3,supports-fsm-v3,
iPhone,"iPhone17,1",26.3,supports-ii-v1,
iPhone,"iPhone17,1",26.3,supports-impact-v1,
iPhone,"iPhone17,1",26.3,supports-update-attachments-v1,
iPhone,"iPhone17,1",26.3,supports-autoloopvideo-v1,
iPhone,"iPhone17,1",26.3,supports-photos-extension-v1,
iPhone,"iPhone17,1",26.3,supports-photos-extension-v2,
iPhone,"iPhone17,1",26.3,supports-screen-time-v2,
iPhone,"iPhone17,1",26.3,supports-live-delivery,
iPhone,"iPhone17,1",26.3,supports-audio-messaging-v2,
iPhone,"iPhone17,1",26.3,supports-animoji-v2,
iPhone,"iPhone17,1",26.3,supports-certified-delivery-v1,
iPhone,"iPhone17,1",26.3,supports-original-timestamp-v1,
iPhone,"iPhone17,1",26.3,supports-incoming-fmd-v1,
iPhone,"iPhone17,1",26.3,optionally-receive-typing-indicators,
iPhone,"iPhone17,1",26.3,nicknames-version,
iPhone,"iPhone17,1",26.3,kt-version,5.0
iPhone,"iPhone17,1",26.3,device-key-signature,
iPhone,"iPhone17,1",26.3,ec-version,1.0
iPhone,"iPhone17,1",26.3,supports-protobuf-payload-data-v2,
iPhone,"iPhone17,1",26.3,supports-heif,True
iPhone,"iPhone17,1",26.3,supports-hdr,
iPhone,"iPhone17,1",26.3,prefers-sdr,
iPhone,"iPhone17,1",26.3,supports-qta,
iPhone,"iPhone17,1",26.3,supports-modern-gft,
iPhone,"iPhone17,1",26.3,supports-co,
iPhone,"iPhone17,1",26.3,is-green-tea,
iPhone,"iPhone17,1",26.3,supports-sa-v1,
iPhone,"iPhone17,1",26.3,supports-dq-nr,
iPhone,"iPhone17,1",26.3,supports-rem,
iPhone,"iPhone17,1",26.3,supports-shared-exp,
iPhone,"iPhone17,1",26.3,supports-st-er,
iPhone,"iPhone17,1",26.3,supports-family-invite-message-bubble,
iPhone,"iPhone17,1",26.3,supports-maps-protocol-v5,
iPhone,"iPhone17,1",26.3,supports-hi-res-vid,
iPhone,"iPhone17,1",26.3,supports-live-translation,
iPhone,"iPhone17,1",26.3,supports-mirage,
iPhone,"iPhone17,1",26.3,supports-nearby-facetime,
iPhone,"iPhone17,1",26.3,supports-emoji-stickers,
iPhone,"iPhone17,1",26.3,supports-sticker-editing,
iPhone,"iPhone17,1",26.3,supports-transcript-backgrounds,
iPhone,"iPhone17,1",26.3,supports-polls,
iPhone,"iPhone17,1",26.3,supports-lqm-hq,
iPhone,"iPhone17,1",26.3,supports-group-apple-cash,
iPhone,"iPhone17,1",26.3,supports-ckv-enforcement,
iPhone,"iPhone17,1",26.3,supports-gti,
iPhone,"iPhone17,1",26.3,supports-aot,
iPhone,"iPhone17,1",26.3,supports-key-sharing,
iPhone,"iPhone17,1",26.3,supports-harmony,
iPhone,"iPhone17,1",26.3,supports-activity-sharing-v1,True
iPhone,"iPhone17,1",26.3,supports-manatee-for-apple-cash,
iPhone,"iPhone17,1",26.3,supports-region-for-apple-cash,
iPhone,"iPhone17,1",26.3,supports-fmd-v2,True
iPhone,"iPhone17,1",26.3,supports-fm-fence-v1,True
iPhone,"iPhone17,1",26.3,supports-secure-loc-v1,
iPhone,"iPhone17,1",26.3,supports-zelkova,True
iPhone,"iPhone17,1",26.3,supports-people-ranging-v1,
iPhone,"iPhone17,1",26.3,supports-beacon-sharing-v3,
iPhone,"iPhone17,1",26.3,supports-manatee-activity-sharing,
iPhone,"iPhone17,1",26.3,supports-queue-one-read-receipts-v3,
iPhone,"iPhone17,1",26.3,supports-uwb,True
iPhone,"iPhone17,1",26.3,supports-gft-errors,
iPhone,"iPhone17,1",26.3,supports-gft-calls,
iPhone,"iPhone17,1",26.3,supports-hk-resident,
iPhone,"iPhone17,1",26.3,supports-maps-routing-path-leg,
iPhone,"iPhone17,1",26.3,supports-maps-wgs84-elevation-model,
iPhone,"iPhone17,1",26.3,supports-beacon-sharing-v2,
iPhone,"iPhone17,1",26.3,is-web-client,
iPhone,"iPhone17,1",26.3,supports-beneficiary-invites,
iPhone,"iPhone17,1",26.3,supports-people-request-messages,
iPhone,"iPhone17,1",26.3,supports-avless,
iPhone,"iPhone17,1",26.3,supports-maps-waypoint-route-sharing,
iPhone,"iPhone17,1",26.3,supports-cross-platform-sharing,
iPhone,"iPhone17,1",26.3,supports-self-one-to-one-invites,
iPhone,"iPhone17,1",26.3,supports-people-request-messages-v2,
iPhone,"iPhone17,1",26.3,supports-askto,
iPhone,"iPhone17,1",26.3,supports-askto-v2,
iPhone,"iPhone17,1",26.3,supports-askto-responseUI,
iPhone,"iPhone17,1",26.3,supports-significant-app-update,
iPhone,"iPhone17,1",26.3,supports-hybrid-groups-v1,
iPhone,"iPhone17,1",26.3,supports-findmy-plugin-messages,
iPhone,"iPhone17,1",26.3,supports-sos-alerting,True
iPhone,"iPhone17,1",26.3,supports-people-request-messages-v3,
iPhone,"iPhone17,1",26.3,supports-recurring-payment-bubbles,
iPhone,"iPhone17,1",26.3,supports-gft-relay,
iPhone,"iPhone17,1",26.3,supports-group-photo-refresh-version,
iPhone,"iPhone17,1",26.3,supports-ssrc,
iPhone,"iPhone17,1",26.3,supports-emoji-tapbacks,
iPhone,"iPhone17,1",26.3,supports-send-later-messages,
iPhone,"iPhone17,1",26.3,supports-restricted-guest,
iPhone,"iPhone17,1",26.3,supports-adaptive-temperature-automations,
iPhone,"iPhone17,1",26.3,supports-emoji-images,
iPhone,"iPhone17,1",26.3,supports-stick-moji-backs,
iPhone,"iPhone17,1",26.3,supports-high-quality-photo-file-sizes,
iPhone,"iPhone17,1",26.3,supports-stewie,True
iPhone,"iPhone17,1",26.3,sender-key-message-version,
iPhone,"iPhone17,1",26.3,supports-remote-atv-signin,
iPhone,"iPhone17,1",26.3,supports-sender-key-v1,
iPhone,"iPhone17,1",26.3,supports-uriless-membership-updates,
iPhone,"iPhone17,1",26.3,supports-sender-key-self-check,
iPhone,"iPhone17,1",26.3,supports-recovery-contact-upsell,
iPhone,"iPhone17,1",26.3,supports-user-driven-call-activation,
iPhone,"iPhone17,1",26.3,supports-legacy-contact-invites-v1,
iPhone,"iPhone17,1",26.3,supports-legacy-contact-invites-v2,
iPhone,"iPhone17,1",26.3,supports-legacy-contact-invites-v3,
iPhone,"iPhone17,1",26.3,supports-calls-25,
iPhone,"iPhone17,1",26.3,supports-introductions-v1,
iPhone,"iPhone17,1",26.3,supports-rbm-chatbot,
iPhone,"iPhone14,4",17.6,show-peer-errors,
iPhone,"iPhone14,4",17.6,is-c2k-equipment,
iPhone,"iPhone14,4",17.6,supports-inline-attachments,
iPhone,"iPhone14,4",17.6,supports-keep-receipts,
iPhone,"iPhone14,4",17.6,supports-location-sharing,
iPhone,"iPhone14,4",17.6,supports-media-v2,
iPhone,"iPhone14,4",17.6,supports-st-v1,
iPhone,"iPhone14,4",17.6,supports-ca-v1,
iPhone,"iPhone14,4",17.6,supports-be-v1,
iPhone,"iPhone14,4",17.6,supports-ack-v1,
iPhone,"iPhone14,4",17.6,supports-fsm-v1,
iPhone,"iPhone14,4",17.6,supports-fsm-v2,
iPhone,"iPhone14,4",17.6,supports-fsm-v3,
iPhone,"iPhone14,4",17.6,supports-ii-v1,
iPhone,"iPhone14,4",17.6,supports-impact-v1,
iPhone,"iPhone14,4",17.6,supports-update-attachments-v1,
iPhone,"iPhone14,4",17.6,supports-autoloopvideo-v1,
iPhone,"iPhone14,4",17.6,supports-photos-extension-v1,
iPhone,"iPhone14,4",17.6,supports-photos-extension-v2,
iPhone,"iPhone14,4",17.6,supports-screen-time-v2,
iPhone,"iPhone14,4",17.6,supports-live-delivery,
iPhone,"iPhone14,4",17.6,supports-audio-messaging-v2,
iPhone,"iPhone14,4",17.6,supports-animoji-v2,
iPhone,"iPhone14,4",17.6,supports-certified-delivery-v1,
iPhone,"iPhone14,4",17.6,supports-original-timestamp-v1,
iPhone,"iPhone14,4",17.6,supports-incoming-fmd-v1,
iPhone,"iPhone14,4",17.6,optionally-receive-typing-indicators,
iPhone,"iPhone14,4",17.6,nicknames-version,
iPhone,"iPhone14,4",17.6,kt-version,5.0
iPhone,"iPhone14,4",17.6,device-key-signature,
iPhone,"iPhone14,4",17.6,ec-version,1.0
iPhone,"iPhone14,4",17.6,supports-protobuf-payload-data-v2,
iPhone,"iPhone14,4",17.6,supports-heif,True
iPhone,"iPhone14,4",17.6,supports-hdr,
iPhone,"iPhone14,4",17.6,prefers-sdr,
iPhone,"iPhone14,4",17.6,supports-modern-gft,
iPhone,"iPhone14,4",17.6,supports-co,
iPhone,"iPhone14,4",17.6,is-green-tea,
iPhone,"iPhone14,4",17.6,supports-sa-v1,
iPhone,"iPhone14,4",17.6,supports-dq-nr,
iPhone,"iPhone14,4",17.6,supports-rem,
iPhone,"iPhone14,4",17.6,supports-shared-exp,
iPhone,"iPhone14,4",17.6,supports-st-er,
iPhone,"iPhone14,4",17.6,supports-family-invite-message-bubble,
iPhone,"iPhone14,4",17.6,supports-maps-protocol-v5,
iPhone,"iPhone14,4",17.6,supports-hi-res-vid,
iPhone,"iPhone14,4",17.6,supports-mirage,
iPhone,"iPhone14,4",17.6,supports-emoji-stickers,
iPhone,"iPhone14,4",17.6,supports-sticker-editing,
iPhone,"iPhone14,4",17.6,supports-key-sharing,
iPhone,"iPhone14,4",17.6,supports-harmony,
iPhone,"iPhone14,4",17.6,supports-activity-sharing-v1,True
iPhone,"iPhone14,4",17.6,supports-manatee-for-apple-cash,
iPhone,"iPhone14,4",17.6,supports-region-for-apple-cash,
iPhone,"iPhone14,4",17.6,supports-fmd-v2,
iPhone,"iPhone14,4",17.6,supports-fm-fence-v1,True
iPhone,"iPhone14,4",17.6,supports-secure-loc-v1,
iPhone,"iPhone14,4",17.6,supports-zelkova,True
iPhone,"iPhone14,4",17.6,supports-people-ranging-v1,
iPhone,"iPhone14,4",17.6,supports-beacon-sharing-v3,
iPhone,"iPhone14,4",17.6,supports-uwb,True
iPhone,"iPhone14,4",17.6,supports-gft-errors,
iPhone,"iPhone14,4",17.6,supports-gft-calls,
iPhone,"iPhone14,4",17.6,supports-hk-resident,
iPhone,"iPhone14,4",17.6,supports-maps-routing-path-leg,
iPhone,"iPhone14,4",17.6,supports-beacon-sharing-v2,
iPhone,"iPhone14,4",17.6,is-web-client,
iPhone,"iPhone14,4",17.6,supports-beneficiary-invites,
iPhone,"iPhone14,4",17.6,supports-people-request-messages,
iPhone,"iPhone14,4",17.6,supports-avless,
iPhone,"iPhone14,4",17.6,supports-maps-waypoint-route-sharing,
iPhone,"iPhone14,4",17.6,supports-cross-platform-sharing,
iPhone,"iPhone14,4",17.6,supports-self-one-to-one-invites,
iPhone,"iPhone14,4",17.6,supports-people-request-messages-v2,
iPhone,"iPhone14,4",17.6,supports-askto,
iPhone,"iPhone14,4",17.6,supports-hybrid-groups-v1,
iPhone,"iPhone14,4",17.6,supports-findmy-plugin-messages,
iPhone,"iPhone14,4",17.6,supports-sos-alerting,True
iPhone,"iPhone14,4",17.6,supports-people-request-messages-v3,
iPhone,"iPhone14,4",17.6,supports-recurring-payment-bubbles,
iPhone,"iPhone14,4",17.6,supports-gft-relay,
iPhone,"iPhone14,4",17.6,supports-group-photo-refresh-version,
iPhone,"iPhone17,3",26.0,show-peer-errors,
iPhone,"iPhone17,3",26.0,is-c2k-equipment,
iPhone,"iPhone17,3",26.0,supports-inline-attachments,
iPhone,"iPhone17,3",26.0,supports-keep-receipts,
iPhone,"iPhone17,3",26.0,supports-location-sharing,
iPhone,"iPhone17,3",26.0,supports-media-v2,
iPhone,"iPhone17,3",26.0,supports-st-v1,
iPhone,"iPhone17,3",26.0,supports-ca-v1,
iPhone,"iPhone17,3",26.0,supports-be-v1,
iPhone,"iPhone17,3",26.0,supports-ack-v1,
iPhone,"iPhone17,3",26.0,supports-fsm-v1,
iPhone,"iPhone17,3",26.0,supports-fsm-v2,
iPhone,"iPhone17,3",26.0,supports-fsm-v3,
iPhone,"iPhone17,3",26.0,supports-ii-v1,
iPhone,"iPhone17,3",26.0,supports-impact-v1,
iPhone,"iPhone17,3",26.0,supports-update-attachments-v1,
iPhone,"iPhone17,3",26.0,supports-autoloopvideo-v1,
iPhone,"iPhone17,3",26.0,supports-photos-extension-v1,
iPhone,"iPhone17,3",26.0,supports-photos-extension-v2,
iPhone,"iPhone17,3",26.0,supports-screen-time-v2,
iPhone,"iPhone17,3",26.0,supports-live-delivery,
iPhone,"iPhone17,3",26.0,supports-audio-messaging-v2,
iPhone,"iPhone17,3",26.0,supports-animoji-v2,
iPhone,"iPhone17,3",26.0,supports-certified-delivery-v1,
iPhone,"iPhone17,3",26.0,supports-original-timestamp-v1,
iPhone,"iPhone17,3",26.0,supports-incoming-fmd-v1,
iPhone,"iPhone17,3",26.0,optionally-receive-typing-indicators,
iPhone,"iPhone17,3",26.0,nicknames-version,
iPhone,"iPhone17,3",26.0,kt-version,5.0
iPhone,"iPhone17,3",26.0,device-key-signature,
iPhone,"iPhone17,3",26.0,ec-version,1.0
iPhone,"iPhone17,3",26.0,supports-protobuf-payload-data-v2,
iPhone,"iPhone17,3",26.0,supports-heif,True
iPhone,"iPhone17,3",26.0,supports-hdr,
iPhone,"iPhone17,3",26.0,prefers-sdr,
iPhone,"iPhone17,3",26.0,supports-qta,
iPhone,"iPhone17,3",26.0,supports-modern-gft,
iPhone,"iPhone17,3",26.0,supports-co,
iPhone,"iPhone17,3",26.0,is-green-tea,
iPhone,"iPhone17,3",26.0,supports-sa-v1,
iPhone,"iPhone17,3",26.0,supports-dq-nr,
iPhone,"iPhone17,3",26.0,supports-rem,
iPhone,"iPhone17,3",26.0,supports-shared-exp,
iPhone,"iPhone17,3",26.0,supports-st-er,
iPhone,"iPhone17,3",26.0,supports-family-invite-message-bubble,
iPhone,"iPhone17,3",26.0,supports-maps-protocol-v5,
iPhone,"iPhone17,3",26.0,supports-hi-res-vid,
iPhone,"iPhone17,3",26.0,supports-live-translation,
iPhone,"iPhone17,3",26.0,supports-mirage,
iPhone,"iPhone17,3",26.0,supports-nearby-facetime,
iPhone,"iPhone17,3",26.0,supports-emoji-stickers,
iPhone,"iPhone17,3",26.0,supports-sticker-editing,
iPhone,"iPhone17,3",26.0,supports-transcript-backgrounds,
iPhone,"iPhone17,3",26.0,supports-polls,
iPhone,"iPhone17,3",26.0,supports-lqm-hq,
iPhone,"iPhone17,3",26.0,supports-group-apple-cash,
iPhone,"iPhone17,3",26.0,supports-ckv-enforcement,
iPhone,"iPhone17,3",26.0,supports-gti,
iPhone,"iPhone17,3",26.0,supports-aot,
iPhone,"iPhone17,3",26.0,supports-key-sharing,
iPhone,"iPhone17,3",26.0,supports-harmony,
iPhone,"iPhone17,3",26.0,supports-activity-sharing-v1,True
iPhone,"iPhone17,3",26.0,supports-manatee-for-apple-cash,
iPhone,"iPhone17,3",26.0,supports-region-for-apple-cash,
iPhone,"iPhone17,3",26.0,supports-fmd-v2,True
iPhone,"iPhone17,3",26.0,supports-fm-fence-v1,True
iPhone,"iPhone17,3",26.0,supports-secure-loc-v1,
iPhone,"iPhone17,3",26.0,supports-zelkova,True
iPhone,"iPhone17,3",26.0,supports-people-ranging-v1,
iPhone,"iPhone17,3",26.0,supports-beacon-sharing-v3,
iPhone,"iPhone17,3",26.0,supports-manatee-activity-sharing,
iPhone,"iPhone17,3",26.0,supports-queue-one-read-receipts,
iPhone,"iPhone17,3",26.0,supports-uwb,True
iPhone,"iPhone17,3",26.0,supports-gft-errors,
iPhone,"iPhone17,3",26.0,supports-gft-calls,
iPhone,"iPhone17,3",26.0,supports-hk-resident,
iPhone,"iPhone17,3",26.0,supports-maps-routing-path-leg,
iPhone,"iPhone17,3",26.0,supports-maps-wgs84-elevation-model,
iPhone,"iPhone17,3",26.0,supports-beacon-sharing-v2,
iPhone,"iPhone17,3",26.0,is-web-client,
iPhone,"iPhone17,3",26.0,supports-beneficiary-invites,
iPhone,"iPhone17,3",26.0,supports-people-request-messages,
iPhone,"iPhone17,3",26.0,supports-avless,
iPhone,"iPhone17,3",26.0,supports-maps-waypoint-route-sharing,
iPhone,"iPhone17,3",26.0,supports-cross-platform-sharing,
iPhone,"iPhone17,3",26.0,supports-self-one-to-one-invites,
iPhone,"iPhone17,3",26.0,supports-people-request-messages-v2,
iPhone,"iPhone17,3",26.0,supports-askto,
iPhone,"iPhone17,3",26.0,supports-askto-v2,
iPhone,"iPhone17,3",26.0,supports-hybrid-groups-v1,
iPhone,"iPhone17,3",26.0,supports-findmy-plugin-messages,
iPhone,"iPhone17,3",26.0,supports-sos-alerting,True
iPhone,"iPhone17,3",26.0,supports-people-request-messages-v3,
iPhone,"iPhone17,3",26.0,supports-recurring-payment-bubbles,
iPhone,"iPhone17,3",26.0,supports-gft-relay,
iPhone,"iPhone17,3",26.0,supports-group-photo-refresh-version,
iPhone,"iPhone17,3",26.0,supports-ssrc,
iPhone,"iPhone17,3",26.0,supports-emoji-tapbacks,
iPhone,"iPhone17,3",26.0,supports-send-later-messages,
iPhone,"iPhone17,3",26.0,supports-restricted-guest,
iPhone,"iPhone17,3",26.0,supports-adaptive-temperature-automations,
iPhone,"iPhone17,3",26.0,supports-emoji-images,
iPhone,"iPhone17,3",26.0,supports-stick-moji-backs,
iPhone,"iPhone17,3",26.0,supports-high-quality-photo-file-sizes,
iPhone,"iPhone17,3",26.0,supports-stewie,True
iPhone,"iPhone17,3",26.0,sender-key-message-version,
iPhone,"iPhone17,3",26.0,supports-remote-atv-signin,
iPhone,"iPhone17,3",26.0,supports-sender-key-v1,
iPhone,"iPhone17,3",26.0,supports-uriless-membership-updates,
iPhone,"iPhone17,3",26.0,supports-sender-key-self-check,
iPhone,"iPhone17,3",26.0,supports-recovery-contact-upsell,
iPhone,"iPhone17,3",26.0,supports-user-driven-call-activation,
iPhone,"iPhone17,3",26.0,supports-legacy-contact-invites-v1,
iPhone,"iPhone17,3",26.0,supports-legacy-contact-invites-v2,
iPhone,"iPhone17,3",26.0,supports-legacy-contact-invites-v3,
iPhone,"iPhone17,3",26.0,supports-calls-25,
iPhone,"iPhone17,3",26.0,supports-introductions-v1,
iPhone,"iPhone17,3",26.0,supports-rbm-chatbot,
Mac,UniversalMac,13.0,show-peer-errors,
Mac,UniversalMac,13.0,is-c2k-equipment,False
Mac,UniversalMac,13.0,supports-inline-attachments,
Mac,UniversalMac,13.0,supports-keep-receipts,
Mac,UniversalMac,13.0,supports-location-sharing,
Mac,UniversalMac,13.0,supports-media-v2,
Mac,UniversalMac,13.0,supports-st-v1,
Mac,UniversalMac,13.0,supports-ca-v1,
Mac,UniversalMac,13.0,supports-be-v1,
Mac,UniversalMac,13.0,supports-ack-v1,
Mac,UniversalMac,13.0,supports-fsm-v1,
Mac,UniversalMac,13.0,supports-fsm-v2,
Mac,UniversalMac,13.0,supports-fsm-v3,
Mac,UniversalMac,13.0,supports-ii-v1,
Mac,UniversalMac,13.0,supports-impact-v1,
Mac,UniversalMac,13.0,supports-update-attachments-v1,
Mac,UniversalMac,13.0,supports-autoloopvideo-v1,
Mac,UniversalMac,13.0,supports-photos-extension-v1,
Mac,UniversalMac,13.0,supports-photos-extension-v2,
Mac,UniversalMac,13.0,supports-screen-time-v2,
Mac,UniversalMac,13.0,supports-live-delivery,
Mac,UniversalMac,13.0,supports-audio-messaging-v2,
Mac,UniversalMac,13.0,supports-animoji-v2,True
Mac,UniversalMac,13.0,supports-certified-delivery-v1,
Mac,UniversalMac,13.0,supports-original-timestamp-v1,
Mac,UniversalMac,13.0,supports-incoming-fmd-v1,
Mac,UniversalMac,13.0,optionally-receive-typing-indicators,
Mac,UniversalMac,13.0,nicknames-version,
Mac,UniversalMac,13.0,kt-version,4.0
Mac,UniversalMac,13.0,device-key-signature,
Mac,UniversalMac,13.0,ec-version,1.0
Mac,UniversalMac,13.0,supports-protobuf-payload-data-v2,
Mac,UniversalMac,13.0,supports-heif,True
Mac,UniversalMac,13.0,supports-hdr,True
Mac,UniversalMac,13.0,prefers-sdr,
Mac,UniversalMac,13.0,supports-modern-gft,
Mac,UniversalMac,13.0,supports-co,
Mac,UniversalMac,13.0,is-green-tea,
Mac,UniversalMac,13.0,supports-sa-v1,
Mac,UniversalMac,13.0,supports-dq-nr,
Mac,UniversalMac,13.0,supports-rem,
Mac,UniversalMac,13.0,supports-shared-exp,
Mac,UniversalMac,13.0,supports-st-er,
Mac,UniversalMac,13.0,supports-family-invite-message-bubble,
Mac,UniversalMac,13.0,supports-maps-protocol-v5,
Mac,UniversalMac,13.0,supports-mirage,
Mac,UniversalMac,13.0,supports-key-sharing,
Mac,UniversalMac,13.0,supports-harmony,False
Mac,UniversalMac,13.0,supports-fmd-v2,
Mac,UniversalMac,13.0,supports-fm-fence-v1,
Mac,UniversalMac,13.0,supports-secure-loc-v1,
Mac,UniversalMac,13.0,supports-uwb,False
Mac,UniversalMac,13.0,supports-gft-errors,
Mac,UniversalMac,13.0,supports-gft-calls,
Mac,UniversalMac,13.0,supports-hk-resident,
Mac,UniversalMac,13.0,supports-maps-routing-path-leg,
Mac,UniversalMac,13.0,supports-beacon-sharing-v2,
Mac,UniversalMac,13.0,is-web-client,
Mac,UniversalMac,13.0,supports-beneficiary-invites,
Mac,UniversalMac,13.0,supports-people-request-messages,
Mac,UniversalMac,13.0,supports-avless,
Mac,UniversalMac,13.0,supports-maps-waypoint-route-sharing,
Mac,UniversalMac,13.0,supports-cross-platform-sharing,
Mac,UniversalMac,13.0,supports-self-one-to-one-invites,
iPhone,"iPhone14,4",17.5,show-peer-errors,
iPhone,"iPhone14,4",17.5,is-c2k-equipment,
iPhone,"iPhone14,4",17.5,supports-inline-attachments,
iPhone,"iPhone14,4",17.5,supports-keep-receipts,
iPhone,"iPhone14,4",17.5,supports-location-sharing,
iPhone,"iPhone14,4",17.5,supports-media-v2,
iPhone,"iPhone14,4",17.5,supports-st-v1,
iPhone,"iPhone14,4",17.5,supports-ca-v1,
iPhone,"iPhone14,4",17.5,supports-be-v1,
iPhone,"iPhone14,4",17.5,supports-ack-v1,
iPhone,"iPhone14,4",17.5,supports-fsm-v1,
iPhone,"iPhone14,4",17.5,supports-fsm-v2,
iPhone,"iPhone14,4",17.5,supports-fsm-v3,
iPhone,"iPhone14,4",17.5,supports-ii-v1,
iPhone,"iPhone14,4",17.5,supports-impact-v1,
iPhone,"iPhone14,4",17.5,supports-update-attachments-v1,
iPhone,"iPhone14,4",17.5,supports-autoloopvideo-v1,
iPhone,"iPhone14,4",17.5,supports-photos-extension-v1,
iPhone,"iPhone14,4",17.5,supports-photos-extension-v2,
iPhone,"iPhone14,4",17.5,supports-screen-time-v2,
iPhone,"iPhone14,4",17.5,supports-live-delivery,
iPhone,"iPhone14,4",17.5,supports-audio-messaging-v2,
iPhone,"iPhone14,4",17.5,supports-animoji-v2,
iPhone,"iPhone14,4",17.5,supports-certified-delivery-v1,
iPhone,"iPhone14,4",17.5,supports-original-timestamp-v1,
iPhone,"iPhone14,4",17.5,supports-incoming-fmd-v1,
iPhone,"iPhone14,4",17.5,optionally-receive-typing-indicators,
iPhone,"iPhone14,4",17.5,nicknames-version,
iPhone,"iPhone14,4",17.5,kt-version,5.0
iPhone,"iPhone14,4",17.5,device-key-signature,
iPhone,"iPhone14,4",17.5,ec-version,1.0
iPhone,"iPhone14,4",17.5,supports-protobuf-payload-data-v2,
iPhone,"iPhone14,4",17.5,supports-heif,True
iPhone,"iPhone14,4",17.5,supports-hdr,
iPhone,"iPhone14,4",17.5,prefers-sdr,
iPhone,"iPhone14,4",17.5,supports-modern-gft,
iPhone,"iPhone14,4",17.5,supports-co,
iPhone,"iPhone14,4",17.5,is-green-tea,
iPhone,"iPhone14,4",17.5,supports-sa-v1,
iPhone,"iPhone14,4",17.5,supports-dq-nr,
iPhone,"iPhone14,4",17.5,supports-rem,
iPhone,"iPhone14,4",17.5,supports-shared-exp,
iPhone,"iPhone14,4",17.5,supports-st-er,
iPhone,"iPhone14,4",17.5,supports-family-invite-message-bubble,
iPhone,"iPhone14,4",17.5,supports-maps-protocol-v5,
iPhone,"iPhone14,4",17.5,supports-hi-res-vid,
iPhone,"iPhone14,4",17.5,supports-mirage,
iPhone,"iPhone14,4",17.5,supports-emoji-stickers,
iPhone,"iPhone14,4",17.5,supports-sticker-editing,
iPhone,"iPhone14,4",17.5,supports-key-sharing,
iPhone,"iPhone14,4",17.5,supports-harmony,
iPhone,"iPhone14,4",17.5,supports-activity-sharing-v1,True
iPhone,"iPhone14,4",17.5,supports-manatee-for-apple-cash,
iPhone,"iPhone14,4",17.5,supports-region-for-apple-cash,
iPhone,"iPhone14,4",17.5,supports-fmd-v2,
iPhone,"iPhone14,4",17.5,supports-fm-fence-v1,True
iPhone,"iPhone14,4",17.5,supports-secure-loc-v1,
iPhone,"iPhone14,4",17.5,supports-zelkova,True
iPhone,"iPhone14,4",17.5,supports-people-ranging-v1,
iPhone,"iPhone14,4",17.5,supports-beacon-sharing-v3,
iPhone,"iPhone14,4",17.5,supports-uwb,True
iPhone,"iPhone14,4",17.5,supports-gft-errors,
iPhone,"iPhone14,4",17.5,supports-gft-calls,
iPhone,"iPhone14,4",17.5,supports-hk-resident,
iPhone,"iPhone14,4",17.5,supports-maps-routing-path-leg,
iPhone,"iPhone14,4",17.5,supports-beacon-sharing-v2,
iPhone,"iPhone14,4",17.5,is-web-client,
iPhone,"iPhone14,4",17.5,supports-beneficiary-invites,
iPhone,"iPhone14,4",17.5,supports-people-request-messages,
iPhone,"iPhone14,4",17.5,supports-avless,
iPhone,"iPhone14,4",17.5,supports-maps-waypoint-route-sharing,
iPhone,"iPhone14,4",17.5,supports-cross-platform-sharing,
iPhone,"iPhone14,4",17.5,supports-self-one-to-one-invites,
iPhone,"iPhone14,4",17.5,supports-people-request-messages-v2,
iPhone,"iPhone14,4",17.5,supports-askto,
iPhone,"iPhone14,4",17.5,supports-hybrid-groups-v1,
iPhone,"iPhone14,4",17.5,supports-findmy-plugin-messages,
iPhone,"iPhone14,4",17.5,supports-sos-alerting,True
iPhone,"iPhone14,4",17.5,supports-people-request-messages-v3,
iPhone,"iPhone14,4",17.5,supports-recurring-payment-bubbles,
iPhone,"iPhone14,4",17.5,supports-gft-relay,
iPhone,"iPhone14,4",17.5,supports-group-photo-refresh-version,
iPhone,"iPhone15,4",26.3,show-peer-errors,
iPhone,"iPhone15,4",26.3,is-c2k-equipment,
iPhone,"iPhone15,4",26.3,supports-inline-attachments,
iPhone,"iPhone15,4",26.3,supports-keep-receipts,
iPhone,"iPhone15,4",26.3,supports-location-sharing,
iPhone,"iPhone15,4",26.3,supports-media-v2,
iPhone,"iPhone15,4",26.3,supports-st-v1,
iPhone,"iPhone15,4",26.3,supports-ca-v1,
iPhone,"iPhone15,4",26.3,supports-be-v1,
iPhone,"iPhone15,4",26.3,supports-ack-v1,
iPhone,"iPhone15,4",26.3,supports-fsm-v1,
iPhone,"iPhone15,4",26.3,supports-fsm-v2,
iPhone,"iPhone15,4",26.3,supports-fsm-v3,
iPhone,"iPhone15,4",26.3,supports-ii-v1,
iPhone,"iPhone15,4",26.3,supports-impact-v1,
iPhone,"iPhone15,4",26.3,supports-update-attachments-v1,
iPhone,"iPhone15,4",26.3,supports-autoloopvideo-v1,
iPhone,"iPhone15,4",26.3,supports-photos-extension-v1,
iPhone,"iPhone15,4",26.3,supports-photos-extension-v2,
iPhone,"iPhone15,4",26.3,supports-screen-time-v2,
iPhone,"iPhone15,4",26.3,supports-live-delivery,
iPhone,"iPhone15,4",26.3,supports-audio-messaging-v2,
iPhone,"iPhone15,4",26.3,supports-animoji-v2,
iPhone,"iPhone15,4",26.3,supports-certified-delivery-v1,
iPhone,"iPhone15,4",26.3,supports-original-timestamp-v1,
iPhone,"iPhone15,4",26.3,supports-incoming-fmd-v1,
iPhone,"iPhone15,4",26.3,optionally-receive-typing-indicators,
iPhone,"iPhone15,4",26.3,nicknames-version,
iPhone,"iPhone15,4",26.3,kt-version,5.0
iPhone,"iPhone15,4",26.3,device-key-signature,
iPhone,"iPhone15,4",26.3,ec-version,1.0
iPhone,"iPhone15,4",26.3,supports-protobuf-payload-data-v2,
iPhone,"iPhone15,4",26.3,supports-heif,True
iPhone,"iPhone15,4",26.3,supports-hdr,
iPhone,"iPhone15,4",26.3,prefers-sdr,
iPhone,"iPhone15,4",26.3,supports-qta,
iPhone,"iPhone15,4",26.3,supports-modern-gft,
iPhone,"iPhone15,4",26.3,supports-co,
iPhone,"iPhone15,4",26.3,is-green-tea,
iPhone,"iPhone15,4",26.3,supports-sa-v1,
iPhone,"iPhone15,4",26.3,supports-dq-nr,
iPhone,"iPhone15,4",26.3,supports-rem,
iPhone,"iPhone15,4",26.3,supports-shared-exp,
iPhone,"iPhone15,4",26.3,supports-st-er,
iPhone,"iPhone15,4",26.3,supports-family-invite-message-bubble,
iPhone,"iPhone15,4",26.3,supports-maps-protocol-v5,
iPhone,"iPhone15,4",26.3,supports-hi-res-vid,
iPhone,"iPhone15,4",26.3,supports-live-translation,
iPhone,"iPhone15,4",26.3,supports-mirage,
iPhone,"iPhone15,4",26.3,supports-nearby-facetime,
iPhone,"iPhone15,4",26.3,supports-emoji-stickers,
iPhone,"iPhone15,4",26.3,supports-sticker-editing,
iPhone,"iPhone15,4",26.3,supports-transcript-backgrounds,
iPhone,"iPhone15,4",26.3,supports-polls,
iPhone,"iPhone15,4",26.3,supports-lqm-hq,
iPhone,"iPhone15,4",26.3,supports-group-apple-cash,
iPhone,"iPhone15,4",26.3,supports-ckv-enforcement,
iPhone,"iPhone15,4",26.3,supports-gti,
iPhone,"iPhone15,4",26.3,supports-aot,
iPhone,"iPhone15,4",26.3,supports-key-sharing,
iPhone,"iPhone15,4",26.3,supports-harmony,
iPhone,"iPhone15,4",26.3,supports-activity-sharing-v1,True
iPhone,"iPhone15,4",26.3,supports-manatee-for-apple-cash,
iPhone,"iPhone15,4",26.3,supports-region-for-apple-cash,
iPhone,"iPhone15,4",26.3,supports-fmd-v2,True
iPhone,"iPhone15,4",26.3,supports-fm-fence-v1,True
iPhone,"iPhone15,4",26.3,supports-secure-loc-v1,
iPhone,"iPhone15,4",26.3,supports-zelkova,True
iPhone,"iPhone15,4",26.3,supports-people-ranging-v1,
iPhone,"iPhone15,4",26.3,supports-beacon-sharing-v3,
iPhone,"iPhone15,4",26.3,supports-manatee-activity-sharing,
iPhone,"iPhone15,4",26.3,supports-queue-one-read-receipts-v3,
iPhone,"iPhone15,4",26.3,supports-uwb,True
iPhone,"iPhone15,4",26.3,supports-gft-errors,
iPhone,"iPhone15,4",26.3,supports-gft-calls,
iPhone,"iPhone15,4",26.3,supports-hk-resident,
iPhone,"iPhone15,4",26.3,supports-maps-routing-path-leg,
iPhone,"iPhone15,4",26.3,supports-maps-wgs84-elevation-model,
iPhone,"iPhone15,4",26.3,supports-beacon-sharing-v2,
iPhone,"iPhone15,4",26.3,is-web-client,
iPhone,"iPhone15,4",26.3,supports-beneficiary-invites,
iPhone,"iPhone15,4",26.3,supports-people-request-messages,
iPhone,"iPhone15,4",26.3,supports-avless,
iPhone,"iPhone15,4",26.3,supports-maps-waypoint-route-sharing,
iPhone,"iPhone15,4",26.3,supports-cross-platform-sharing,
iPhone,"iPhone15,4",26.3,supports-self-one-to-one-invites,
iPhone,"iPhone15,4",26.3,supports-people-request-messages-v2,
iPhone,"iPhone15,4",26.3,supports-askto,
iPhone,"iPhone15,4",26.3,supports-askto-v2,
iPhone,"iPhone15,4",26.3,supports-askto-responseUI,
iPhone,"iPhone15,4",26.3,supports-significant-app-update,
iPhone,"iPhone15,4",26.3,supports-hybrid-groups-v1,
iPhone,"iPhone15,4",26.3,supports-findmy-plugin-messages,
iPhone,"iPhone15,4",26.3,supports-sos-alerting,True
iPhone,"iPhone15,4",26.3,supports-people-request-messages-v3,
iPhone,"iPhone15,4",26.3,supports-recurring-payment-bubbles,
iPhone,"iPhone15,4",26.3,supports-gft-relay,
iPhone,"iPhone15,4",26.3,supports-group-photo-refresh-version,
iPhone,"iPhone15,4",26.3,supports-ssrc,
iPhone,"iPhone15,4",26.3,supports-emoji-tapbacks,
iPhone,"iPhone15,4",26.3,supports-send-later-messages,
iPhone,"iPhone15,4",26.3,supports-restricted-guest,
iPhone,"iPhone15,4",26.3,supports-adaptive-temperature-automations,
iPhone,"iPhone15,4",26.3,supports-emoji-images,
iPhone,"iPhone15,4",26.3,supports-stick-moji-backs,
iPhone,"iPhone15,4",26.3,supports-high-quality-photo-file-sizes,
iPhone,"iPhone15,4",26.3,supports-stewie,True
iPhone,"iPhone15,4",26.3,sender-key-message-version,
iPhone,"iPhone15,4",26.3,supports-remote-atv-signin,
iPhone,"iPhone15,4",26.3,supports-sender-key-v1,
iPhone,"iPhone15,4",26.3,supports-uriless-membership-updates,
iPhone,"iPhone15,4",26.3,supports-sender-key-self-check,
iPhone,"iPhone15,4",26.3,supports-recovery-contact-upsell,
iPhone,"iPhone15,4",26.3,supports-user-driven-call-activation,
iPhone,"iPhone15,4",26.3,supports-legacy-contact-invites-v1,
iPhone,"iPhone15,4",26.3,supports-legacy-contact-invites-v2,
iPhone,"iPhone15,4",26.3,supports-legacy-contact-invites-v3,
iPhone,"iPhone15,4",26.3,supports-calls-25,
iPhone,"iPhone15,4",26.3,supports-introductions-v1,
iPhone,"iPhone15,4",26.3,supports-rbm-chatbot,
iPhone,iPhone_4.7_P3,16.7.12,show-peer-errors,
iPhone,iPhone_4.7_P3,16.7.12,is-c2k-equipment,
iPhone,iPhone_4.7_P3,16.7.12,supports-inline-attachments,
iPhone,iPhone_4.7_P3,16.7.12,supports-keep-receipts,
iPhone,iPhone_4.7_P3,16.7.12,supports-location-sharing,
iPhone,iPhone_4.7_P3,16.7.12,supports-media-v2,
iPhone,iPhone_4.7_P3,16.7.12,supports-st-v1,
iPhone,iPhone_4.7_P3,16.7.12,supports-ca-v1,
iPhone,iPhone_4.7_P3,16.7.12,supports-be-v1,
iPhone,iPhone_4.7_P3,16.7.12,supports-ack-v1,
iPhone,iPhone_4.7_P3,16.7.12,supports-fsm-v1,
iPhone,iPhone_4.7_P3,16.7.12,supports-fsm-v2,
iPhone,iPhone_4.7_P3,16.7.12,supports-fsm-v3,
iPhone,iPhone_4.7_P3,16.7.12,supports-ii-v1,
iPhone,iPhone_4.7_P3,16.7.12,supports-impact-v1,
iPhone,iPhone_4.7_P3,16.7.12,supports-update-attachments-v1,
iPhone,iPhone_4.7_P3,16.7.12,supports-autoloopvideo-v1,
iPhone,iPhone_4.7_P3,16.7.12,supports-photos-extension-v1,
iPhone,iPhone_4.7_P3,16.7.12,supports-photos-extension-v2,
iPhone,iPhone_4.7_P3,16.7.12,supports-screen-time-v2,
iPhone,iPhone_4.7_P3,16.7.12,supports-live-delivery,
iPhone,iPhone_4.7_P3,16.7.12,supports-audio-messaging-v2,
iPhone,iPhone_4.7_P3,16.7.12,supports-animoji-v2,
iPhone,iPhone_4.7_P3,16.7.12,supports-certified-delivery-v1,
iPhone,iPhone_4.7_P3,16.7.12,supports-original-timestamp-v1,
iPhone,iPhone_4.7_P3,16.7.12,supports-incoming-fmd-v1,
iPhone,iPhone_4.7_P3,16.7.12,optionally-receive-typing-indicators,
iPhone,iPhone_4.7_P3,16.7.12,nicknames-version,
iPhone,iPhone_4.7_P3,16.7.12,kt-version,5.0
iPhone,iPhone_4.7_P3,16.7.12,device-key-signature,
iPhone,iPhone_4.7_P3,16.7.12,ec-version,1.0
iPhone,iPhone_4.7_P3,16.7.12,supports-protobuf-payload-data-v2,
iPhone,iPhone_4.7_P3,16.7.12,supports-heif,True
iPhone,iPhone_4.7_P3,16.7.12,supports-hdr,False
iPhone,iPhone_4.7_P3,16.7.12,prefers-sdr,
iPhone,iPhone_4.7_P3,16.7.12,supports-modern-gft,
iPhone,iPhone_4.7_P3,16.7.12,supports-co,
iPhone,iPhone_4.7_P3,16.7.12,is-green-tea,
iPhone,iPhone_4.7_P3,16.7.12,supports-sa-v1,
iPhone,iPhone_4.7_P3,16.7.12,supports-dq-nr,
iPhone,iPhone_4.7_P3,16.7.12,supports-rem,
iPhone,iPhone_4.7_P3,16.7.12,supports-shared-exp,
iPhone,iPhone_4.7_P3,16.7.12,supports-st-er,
iPhone,iPhone_4.7_P3,16.7.12,supports-family-invite-message-bubble,
iPhone,iPhone_4.7_P3,16.7.12,supports-maps-protocol-v5,
iPhone,iPhone_4.7_P3,16.7.12,supports-mirage,
iPhone,iPhone_4.7_P3,16.7.12,supports-key-sharing,
iPhone,iPhone_4.7_P3,16.7.12,supports-harmony,
iPhone,iPhone_4.7_P3,16.7.12,supports-activity-sharing-v1,True
iPhone,iPhone_4.7_P3,16.7.12,supports-manatee-for-apple-cash,
iPhone,iPhone_4.7_P3,16.7.12,supports-region-for-apple-cash,
iPhone,iPhone_4.7_P3,16.7.12,supports-fmd-v2,
iPhone,iPhone_4.7_P3,16.7.12,supports-fm-fence-v1,True
iPhone,iPhone_4.7_P3,16.7.12,supports-secure-loc-v1,
iPhone,iPhone_4.7_P3,16.7.12,supports-uwb,False
iPhone,iPhone_4.7_P3,16.7.12,supports-gft-errors,
iPhone,iPhone_4.7_P3,16.7.12,supports-gft-calls,
iPhone,iPhone_4.7_P3,16.7.12,supports-hk-resident,
iPhone,iPhone_4.7_P3,16.7.12,supports-maps-routing-path-leg,
iPhone,iPhone_4.7_P3,16.7.12,supports-beacon-sharing-v2,
iPhone,iPhone_4.7_P3,16.7.12,is-web-client,
iPhone,iPhone_4.7_P3,16.7.12,supports-beneficiary-invites,
iPhone,iPhone_4.7_P3,16.7.12,supports-people-request-messages,
iPhone,iPhone_4.7_P3,16.7.12,supports-avless,
iPhone,iPhone_4.7_P3,16.7.12,supports-maps-waypoint-route-sharing,
iPhone,iPhone_4.7_P3,16.7.12,supports-cross-platform-sharing,
iPhone,iPhone_4.7_P3,16.7.12,supports-self-one-to-one-invites,
iPhone,iPhone_4.7_P3,16.7.12,supports-people-request-messages-v2,
iPhone,iPhone_4.7_P3,16.7.12,supports-people-request-messages-v3,
iPhone,"iPhone14,4",16.6.1,show-peer-errors,
iPhone,"iPhone14,4",16.6.1,is-c2k-equipment,
iPhone,"iPhone14,4",16.6.1,supports-inline-attachments,
iPhone,"iPhone14,4",16.6.1,supports-keep-receipts,
iPhone,"iPhone14,4",16.6.1,supports-location-sharing,
iPhone,"iPhone14,4",16.6.1,supports-media-v2,
iPhone,"iPhone14,4",16.6.1,supports-st-v1,
iPhone,"iPhone14,4",16.6.1,supports-ca-v1,
iPhone,"iPhone14,4",16.6.1,supports-be-v1,
iPhone,"iPhone14,4",16.6.1,supports-ack-v1,
iPhone,"iPhone14,4",16.6.1,supports-fsm-v1,
iPhone,"iPhone14,4",16.6.1,supports-fsm-v2,
iPhone,"iPhone14,4",16.6.1,supports-fsm-v3,
iPhone,"iPhone14,4",16.6.1,supports-ii-v1,
iPhone,"iPhone14,4",16.6.1,supports-impact-v1,
iPhone,"iPhone14,4",16.6.1,supports-update-attachments-v1,
iPhone,"iPhone14,4",16.6.1,supports-autoloopvideo-v1,
iPhone,"iPhone14,4",16.6.1,supports-photos-extension-v1,
iPhone,"iPhone14,4",16.6.1,supports-photos-extension-v2,
iPhone,"iPhone14,4",16.6.1,supports-screen-time-v2,
iPhone,"iPhone14,4",16.6.1,supports-live-delivery,
iPhone,"iPhone14,4",16.6.1,supports-audio-messaging-v2,
iPhone,"iPhone14,4",16.6.1,supports-animoji-v2,
iPhone,"iPhone14,4",16.6.1,supports-certified-delivery-v1,
iPhone,"iPhone14,4",16.6.1,supports-original-timestamp-v1,
iPhone,"iPhone14,4",16.6.1,supports-incoming-fmd-v1,
iPhone,"iPhone14,4",16.6.1,optionally-receive-typing-indicators,
iPhone,"iPhone14,4",16.6.1,nicknames-version,
iPhone,"iPhone14,4",16.6.1,kt-version,5.0
iPhone,"iPhone14,4",16.6.1,device-key-signature,
iPhone,"iPhone14,4",16.6.1,ec-version,1.0
iPhone,"iPhone14,4",16.6.1,supports-protobuf-payload-data-v2,
iPhone,"iPhone14,4",16.6.1,supports-heif,True
iPhone,"iPhone14,4",16.6.1,supports-hdr,
iPhone,"iPhone14,4",16.6.1,prefers-sdr,
iPhone,"iPhone14,4",16.6.1,supports-modern-gft,
iPhone,"iPhone14,4",16.6.1,supports-co,
iPhone,"iPhone14,4",16.6.1,is-green-tea,
iPhone,"iPhone14,4",16.6.1,supports-sa-v1,
iPhone,"iPhone14,4",16.6.1,supports-dq-nr,
iPhone,"iPhone14,4",16.6.1,supports-rem,
iPhone,"iPhone14,4",16.6.1,supports-shared-exp,
iPhone,"iPhone14,4",16.6.1,supports-st-er,
iPhone,"iPhone14,4",16.6.1,supports-family-invite-message-bubble,
iPhone,"iPhone14,4",16.6.1,supports-maps-protocol-v5,
iPhone,"iPhone14,4",16.6.1,supports-mirage,
iPhone,"iPhone14,4",16.6.1,supports-key-sharing,
iPhone,"iPhone14,4",16.6.1,supports-harmony,
iPhone,"iPhone14,4",16.6.1,supports-activity-sharing-v1,True
iPhone,"iPhone14,4",16.6.1,supports-manatee-for-apple-cash,
iPhone,"iPhone14,4",16.6.1,supports-region-for-apple-cash,
iPhone,"iPhone14,4",16.6.1,supports-fmd-v2,
iPhone,"iPhone14,4",16.6.1,supports-fm-fence-v1,True
iPhone,"iPhone14,4",16.6.1,supports-secure-loc-v1,
iPhone,"iPhone14,4",16.6.1,supports-uwb,True
iPhone,"iPhone14,4",16.6.1,supports-gft-errors,
iPhone,"iPhone14,4",16.6.1,supports-gft-calls,
iPhone,"iPhone14,4",16.6.1,supports-hk-resident,
iPhone,"iPhone14,4",16.6.1,supports-maps-routing-path-leg,
iPhone,"iPhone14,4",16.6.1,supports-beacon-sharing-v2,
iPhone,"iPhone14,4",16.6.1,is-web-client,
iPhone,"iPhone14,4",16.6.1,supports-beneficiary-invites,
iPhone,"iPhone14,4",16.6.1,supports-people-request-messages,
iPhone,"iPhone14,4",16.6.1,supports-avless,
iPhone,"iPhone14,4",16.6.1,supports-maps-waypoint-route-sharing,
iPhone,"iPhone14,4",16.6.1,supports-cross-platform-sharing,
iPhone,"iPhone14,4",16.6.1,supports-self-one-to-one-invites,
iPhone,"iPhone14,4",16.6.1,supports-people-request-messages-v2,
iPhone,"iPhone14,4",16.6.1,supports-people-request-messages-v3,
iPad,iPad_Pro_Spring_2021,18.4,show-peer-errors,
iPad,iPad_Pro_Spring_2021,18.4,is-c2k-equipment,
iPad,iPad_Pro_Spring_2021,18.4,supports-inline-attachments,
iPad,iPad_Pro_Spring_2021,18.4,supports-keep-receipts,
iPad,iPad_Pro_Spring_2021,18.4,supports-location-sharing,
iPad,iPad_Pro_Spring_2021,18.4,supports-media-v2,
iPad,iPad_Pro_Spring_2021,18.4,supports-st-v1,
iPad,iPad_Pro_Spring_2021,18.4,supports-ca-v1,
iPad,iPad_Pro_Spring_2021,18.4,supports-be-v1,
iPad,iPad_Pro_Spring_2021,18.4,supports-ack-v1,
iPad,iPad_Pro_Spring_2021,18.4,supports-fsm-v1,
iPad,iPad_Pro_Spring_2021,18.4,supports-fsm-v2,
iPad,iPad_Pro_Spring_2021,18.4,supports-fsm-v3,
iPad,iPad_Pro_Spring_2021,18.4,supports-ii-v1,
iPad,iPad_Pro_Spring_2021,18.4,supports-impact-v1,
iPad,iPad_Pro_Spring_2021,18.4,supports-update-attachments-v1,
iPad,iPad_Pro_Spring_2021,18.4,supports-autoloopvideo-v1,
iPad,iPad_Pro_Spring_2021,18.4,supports-photos-extension-v1,
iPad,iPad_Pro_Spring_2021,18.4,supports-photos-extension-v2,
iPad,iPad_Pro_Spring_2021,18.4,supports-screen-time-v2,
iPad,iPad_Pro_Spring_2021,18.4,supports-live-delivery,
iPad,iPad_Pro_Spring_2021,18.4,supports-audio-messaging-v2,
iPad,iPad_Pro_Spring_2021,18.4,supports-animoji-v2,
iPad,iPad_Pro_Spring_2021,18.4,supports-certified-delivery-v1,
iPad,iPad_Pro_Spring_2021,18.4,supports-original-timestamp-v1,
iPad,iPad_Pro_Spring_2021,18.4,supports-incoming-fmd-v1,
iPad,iPad_Pro_Spring_2021,18.4,optionally-receive-typing-indicators,
iPad,iPad_Pro_Spring_2021,18.4,nicknames-version,
iPad,iPad_Pro_Spring_2021,18.4,kt-version,5.0
iPad,iPad_Pro_Spring_2021,18.4,device-key-signature,
iPad,iPad_Pro_Spring_2021,18.4,ec-version,1.0
iPad,iPad_Pro_Spring_2021,18.4,supports-protobuf-payload-data-v2,
iPad,iPad_Pro_Spring_2021,18.4,supports-heif,True
iPad,iPad_Pro_Spring_2021,18.4,supports-hdr,
iPad,iPad_Pro_Spring_2021,18.4,prefers-sdr,
iPad,iPad_Pro_Spring_2021,18.4,supports-modern-gft,
iPad,iPad_Pro_Spring_2021,18.4,supports-co,
iPad,iPad_Pro_Spring_2021,18.4,is-green-tea,
iPad,iPad_Pro_Spring_2021,18.4,supports-sa-v1,
iPad,iPad_Pro_Spring_2021,18.4,supports-dq-nr,
iPad,iPad_Pro_Spring_2021,18.4,supports-rem,
iPad,iPad_Pro_Spring_2021,18.4,supports-shared-exp,
iPad,iPad_Pro_Spring_2021,18.4,supports-st-er,
iPad,iPad_Pro_Spring_2021,18.4,supports-family-invite-message-bubble,
iPad,iPad_Pro_Spring_2021,18.4,supports-maps-protocol-v5,
iPad,iPad_Pro_Spring_2021,18.4,supports-hi-res-vid,
iPad,iPad_Pro_Spring_2021,18.4,supports-mirage,
iPad,iPad_Pro_Spring_2021,18.4,supports-emoji-stickers,
iPad,iPad_Pro_Spring_2021,18.4,supports-sticker-editing,
iPad,iPad_Pro_Spring_2021,18.4,supports-key-sharing,
iPad,iPad_Pro_Spring_2021,18.4,supports-harmony,
iPad,iPad_Pro_Spring_2021,18.4,supports-activity-sharing-v1,
iPad,iPad_Pro_Spring_2021,18.4,supports-manatee-for-apple-cash,
iPad,iPad_Pro_Spring_2021,18.4,supports-region-for-apple-cash,
iPad,iPad_Pro_Spring_2021,18.4,supports-fmd-v2,True
iPad,iPad_Pro_Spring_2021,18.4,supports-fm-fence-v1,True
iPad,iPad_Pro_Spring_2021,18.4,supports-secure-loc-v1,
iPad,iPad_Pro_Spring_2021,18.4,supports-zelkova,True
iPad,iPad_Pro_Spring_2021,18.4,supports-people-ranging-v1,
iPad,iPad_Pro_Spring_2021,18.4,supports-beacon-sharing-v3,
iPad,iPad_Pro_Spring_2021,18.4,supports-manatee-activity-sharing,
iPad,iPad_Pro_Spring_2021,18.4,supports-uwb,False
iPad,iPad_Pro_Spring_2021,18.4,supports-gft-errors,
iPad,iPad_Pro_Spring_2021,18.4,supports-gft-calls,
iPad,iPad_Pro_Spring_2021,18.4,supports-hk-resident,
iPad,iPad_Pro_Spring_2021,18.4,supports-maps-routing-path-leg,
iPad,iPad_Pro_Spring_2021,18.4,supports-beacon-sharing-v2,
iPad,iPad_Pro_Spring_2021,18.4,is-web-client,
iPad,iPad_Pro_Spring_2021,18.4,supports-beneficiary-invites,
iPad,iPad_Pro_Spring_2021,18.4,supports-people-request-messages,
iPad,iPad_Pro_Spring_2021,18.4,supports-avless,
iPad,iPad_Pro_Spring_2021,18.4,supports-maps-waypoint-route-sharing,
iPad,iPad_Pro_Spring_2021,18.4,supports-cross-platform-sharing,
iPad,iPad_Pro_Spring_2021,18.4,supports-self-one-to-one-invites,
iPad,iPad_Pro_Spring_2021,18.4,supports-people-request-messages-v2,
iPad,iPad_Pro_Spring_2021,18.4,supports-askto,
iPad,iPad_Pro_Spring_2021,18.4,supports-hybrid-groups-v1,
iPad,iPad_Pro_Spring_2021,18.4,supports-findmy-plugin-messages,
iPad,iPad_Pro_Spring_2021,18.4,supports-sos-alerting,
iPad,iPad_Pro_Spring_2021,18.4,supports-people-request-messages-v3,
iPad,iPad_Pro_Spring_2021,18.4,supports-recurring-payment-bubbles,
iPad,iPad_Pro_Spring_2021,18.4,supports-gft-relay,
iPad,iPad_Pro_Spring_2021,18.4,supports-group-photo-refresh-version,
iPad,iPad_Pro_Spring_2021,18.4,supports-ssrc,
iPad,iPad_Pro_Spring_2021,18.4,supports-emoji-tapbacks,
iPad,iPad_Pro_Spring_2021,18.4,supports-send-later-messages,
iPad,iPad_Pro_Spring_2021,18.4,supports-restricted-guest,
iPad,iPad_Pro_Spring_2021,18.4,supports-emoji-images,
iPad,iPad_Pro_Spring_2021,18.4,supports-stick-moji-backs,
iPad,iPad_Pro_Spring_2021,18.4,supports-high-quality-photo-file-sizes,
iPad,iPad_Pro_Spring_2021,18.4,supports-stewie,False
iPad,iPad_Pro_Spring_2021,18.4,sender-key-message-version,
iPad,iPad_Pro_Spring_2021,18.4,supports-remote-atv-signin,
iPad,iPad_Pro_Spring_2021,18.4,supports-sender-key-v1,
iPad,iPad_Pro_Spring_2021,18.4,supports-sender-key-self-check,
iPad,iPad_Pro_Spring_2021,18.4,supports-recovery-contact-upsell,
iPad,iPad_Pro_Spring_2021,18.4,supports-user-driven-call-activation,
iPad,iPad_Pro_Spring_2021,18.4,supports-legacy-contact-invites-v1,
iPad,iPad_Pro_Spring_2021,18.4,supports-rbm-chatbot,
iPad,iPad_Pro_Spring_2021,16.1,show-peer-errors,
iPad,iPad_Pro_Spring_2021,16.1,is-c2k-equipment,
iPad,iPad_Pro_Spring_2021,16.1,supports-inline-attachments,
iPad,iPad_Pro_Spring_2021,16.1,supports-keep-receipts,
iPad,iPad_Pro_Spring_2021,16.1,supports-location-sharing,
iPad,iPad_Pro_Spring_2021,16.1,supports-media-v2,
iPad,iPad_Pro_Spring_2021,16.1,supports-st-v1,
iPad,iPad_Pro_Spring_2021,16.1,supports-ca-v1,
iPad,iPad_Pro_Spring_2021,16.1,supports-be-v1,
iPad,iPad_Pro_Spring_2021,16.1,supports-ack-v1,
iPad,iPad_Pro_Spring_2021,16.1,supports-fsm-v1,
iPad,iPad_Pro_Spring_2021,16.1,supports-fsm-v2,
iPad,iPad_Pro_Spring_2021,16.1,supports-fsm-v3,
iPad,iPad_Pro_Spring_2021,16.1,supports-ii-v1,
iPad,iPad_Pro_Spring_2021,16.1,supports-impact-v1,
iPad,iPad_Pro_Spring_2021,16.1,supports-update-attachments-v1,
iPad,iPad_Pro_Spring_2021,16.1,supports-autoloopvideo-v1,
iPad,iPad_Pro_Spring_2021,16.1,supports-photos-extension-v1,
iPad,iPad_Pro_Spring_2021,16.1,supports-photos-extension-v2,
iPad,iPad_Pro_Spring_2021,16.1,supports-screen-time-v2,
iPad,iPad_Pro_Spring_2021,16.1,supports-live-delivery,
iPad,iPad_Pro_Spring_2021,16.1,supports-audio-messaging-v2,
iPad,iPad_Pro_Spring_2021,16.1,supports-animoji-v2,
iPad,iPad_Pro_Spring_2021,16.1,supports-certified-delivery-v1,
iPad,iPad_Pro_Spring_2021,16.1,supports-original-timestamp-v1,
iPad,iPad_Pro_Spring_2021,16.1,supports-incoming-fmd-v1,
iPad,iPad_Pro_Spring_2021,16.1,optionally-receive-typing-indicators,
iPad,iPad_Pro_Spring_2021,16.1,nicknames-version,
iPad,iPad_Pro_Spring_2021,16.1,kt-version,4.0
iPad,iPad_Pro_Spring_2021,16.1,device-key-signature,
iPad,iPad_Pro_Spring_2021,16.1,ec-version,1.0
iPad,iPad_Pro_Spring_2021,16.1,supports-protobuf-payload-data-v2,
iPad,iPad_Pro_Spring_2021,16.1,supports-heif,True
iPad,iPad_Pro_Spring_2021,16.1,supports-hdr,
iPad,iPad_Pro_Spring_2021,16.1,prefers-sdr,
iPad,iPad_Pro_Spring_2021,16.1,supports-modern-gft,
iPad,iPad_Pro_Spring_2021,16.1,supports-co,
iPad,iPad_Pro_Spring_2021,16.1,is-green-tea,
iPad,iPad_Pro_Spring_2021,16.1,supports-sa-v1,
iPad,iPad_Pro_Spring_2021,16.1,supports-dq-nr,
iPad,iPad_Pro_Spring_2021,16.1,supports-rem,
iPad,iPad_Pro_Spring_2021,16.1,supports-shared-exp,
iPad,iPad_Pro_Spring_2021,16.1,supports-st-er,
iPad,iPad_Pro_Spring_2021,16.1,supports-family-invite-message-bubble,
iPad,iPad_Pro_Spring_2021,16.1,supports-maps-protocol-v5,
iPad,iPad_Pro_Spring_2021,16.1,supports-mirage,
iPad,iPad_Pro_Spring_2021,16.1,supports-key-sharing,
iPad,iPad_Pro_Spring_2021,16.1,supports-harmony,
iPad,iPad_Pro_Spring_2021,16.1,supports-activity-sharing-v1,
iPad,iPad_Pro_Spring_2021,16.1,supports-manatee-for-apple-cash,
iPad,iPad_Pro_Spring_2021,16.1,supports-region-for-apple-cash,
iPad,iPad_Pro_Spring_2021,16.1,supports-fmd-v2,
iPad,iPad_Pro_Spring_2021,16.1,supports-fm-fence-v1,True
iPad,iPad_Pro_Spring_2021,16.1,supports-secure-loc-v1,
iPad,iPad_Pro_Spring_2021,16.1,supports-uwb,False
iPad,iPad_Pro_Spring_2021,16.1,supports-gft-errors,
iPad,iPad_Pro_Spring_2021,16.1,supports-gft-calls,
iPad,iPad_Pro_Spring_2021,16.1,supports-hk-resident,
iPad,iPad_Pro_Spring_2021,16.1,supports-maps-routing-path-leg,
iPad,iPad_Pro_Spring_2021,16.1,supports-beacon-sharing-v2,
iPad,iPad_Pro_Spring_2021,16.1,is-web-client,
iPad,iPad_Pro_Spring_2021,16.1,supports-beneficiary-invites,
iPad,iPad_Pro_Spring_2021,16.1,supports-people-request-messages,
iPad,iPad_Pro_Spring_2021,16.1,supports-avless,
iPad,iPad_Pro_Spring_2021,16.1,supports-maps-waypoint-route-sharing,
iPad,iPad_Pro_Spring_2021,16.1,supports-cross-platform-sharing,
iPad,iPad_Pro_Spring_2021,16.1,supports-self-one-to-one-invites,
Mac,UniversalMac,15.4,show-peer-errors,
Mac,UniversalMac,15.4,is-c2k-equipment,False
Mac,UniversalMac,15.4,supports-inline-attachments,
Mac,UniversalMac,15.4,supports-keep-receipts,
Mac,UniversalMac,15.4,supports-location-sharing,
Mac,UniversalMac,15.4,supports-media-v2,
Mac,UniversalMac,15.4,supports-st-v1,
Mac,UniversalMac,15.4,supports-ca-v1,
Mac,UniversalMac,15.4,supports-be-v1,
Mac,UniversalMac,15.4,supports-ack-v1,
Mac,UniversalMac,15.4,supports-fsm-v1,
Mac,UniversalMac,15.4,supports-fsm-v2,
Mac,UniversalMac,15.4,supports-fsm-v3,
Mac,UniversalMac,15.4,supports-ii-v1,
Mac,UniversalMac,15.4,supports-impact-v1,
Mac,UniversalMac,15.4,supports-update-attachments-v1,
Mac,UniversalMac,15.4,supports-autoloopvideo-v1,
Mac,UniversalMac,15.4,supports-photos-extension-v1,
Mac,UniversalMac,15.4,supports-photos-extension-v2,
Mac,UniversalMac,15.4,supports-screen-time-v2,
Mac,UniversalMac,15.4,supports-live-delivery,
Mac,UniversalMac,15.4,supports-audio-messaging-v2,
Mac,UniversalMac,15.4,supports-animoji-v2,True
Mac,UniversalMac,15.4,supports-certified-delivery-v1,
Mac,UniversalMac,15.4,supports-original-timestamp-v1,
Mac,UniversalMac,15.4,supports-incoming-fmd-v1,
Mac,UniversalMac,15.4,optionally-receive-typing-indicators,
Mac,UniversalMac,15.4,nicknames-version,
Mac,UniversalMac,15.4,kt-version,5.0
Mac,UniversalMac,15.4,device-key-signature,
Mac,UniversalMac,15.4,ec-version,1.0
Mac,UniversalMac,15.4,supports-protobuf-payload-data-v2,
Mac,UniversalMac,15.4,supports-heif,True
Mac,UniversalMac,15.4,supports-hdr,True
Mac,UniversalMac,15.4,prefers-sdr,
Mac,UniversalMac,15.4,supports-modern-gft,
Mac,UniversalMac,15.4,supports-co,
Mac,UniversalMac,15.4,is-green-tea,
Mac,UniversalMac,15.4,supports-sa-v1,
Mac,UniversalMac,15.4,supports-dq-nr,
Mac,UniversalMac,15.4,supports-rem,
Mac,UniversalMac,15.4,supports-shared-exp,
Mac,UniversalMac,15.4,supports-st-er,
Mac,UniversalMac,15.4,supports-family-invite-message-bubble,
Mac,UniversalMac,15.4,supports-maps-protocol-v5,
Mac,UniversalMac,15.4,supports-hi-res-vid,
Mac,UniversalMac,15.4,supports-mirage,
Mac,UniversalMac,15.4,supports-emoji-stickers,
Mac,UniversalMac,15.4,supports-sticker-editing,
Mac,UniversalMac,15.4,supports-key-sharing,
Mac,UniversalMac,15.4,supports-harmony,False
Mac,UniversalMac,15.4,supports-fmd-v2,True
Mac,UniversalMac,15.4,supports-fm-fence-v1,
Mac,UniversalMac,15.4,supports-secure-loc-v1,
Mac,UniversalMac,15.4,supports-zelkova,True
Mac,UniversalMac,15.4,supports-people-ranging-v1,
Mac,UniversalMac,15.4,supports-beacon-sharing-v3,
Mac,UniversalMac,15.4,supports-manatee-activity-sharing,
Mac,UniversalMac,15.4,supports-uwb,False
Mac,UniversalMac,15.4,supports-gft-errors,
Mac,UniversalMac,15.4,supports-gft-calls,
Mac,UniversalMac,15.4,supports-hk-resident,
Mac,UniversalMac,15.4,supports-maps-routing-path-leg,
Mac,UniversalMac,15.4,supports-beacon-sharing-v2,
Mac,UniversalMac,15.4,is-web-client,
Mac,UniversalMac,15.4,supports-beneficiary-invites,
Mac,UniversalMac,15.4,supports-people-request-messages,
Mac,UniversalMac,15.4,supports-avless,
Mac,UniversalMac,15.4,supports-maps-waypoint-route-sharing,
Mac,UniversalMac,15.4,supports-cross-platform-sharing,
Mac,UniversalMac,15.4,supports-self-one-to-one-invites,
Mac,UniversalMac,15.4,supports-people-request-messages-v2,
Mac,UniversalMac,15.4,supports-askto,
Mac,UniversalMac,15.4,supports-hybrid-groups-v1,
Mac,UniversalMac,15.4,supports-findmy-plugin-messages,
Mac,UniversalMac,15.4,supports-sos-alerting,
Mac,UniversalMac,15.4,supports-people-request-messages-v3,
Mac,UniversalMac,15.4,supports-recurring-payment-bubbles,
Mac,UniversalMac,15.4,supports-gft-relay,
Mac,UniversalMac,15.4,supports-group-photo-refresh-version,
Mac,UniversalMac,15.4,supports-ssrc,
Mac,UniversalMac,15.4,supports-emoji-tapbacks,
Mac,UniversalMac,15.4,supports-send-later-messages,
Mac,UniversalMac,15.4,supports-restricted-guest,
Mac,UniversalMac,15.4,supports-emoji-images,
Mac,UniversalMac,15.4,supports-stick-moji-backs,
Mac,UniversalMac,15.4,supports-high-quality-photo-file-sizes,
Mac,UniversalMac,15.4,supports-stewie,False
Mac,UniversalMac,15.4,sender-key-message-version,
Mac,UniversalMac,15.4,supports-remote-atv-signin,
Mac,UniversalMac,15.4,supports-sender-key-v1,
Mac,UniversalMac,15.4,supports-sender-key-self-check,
Mac,UniversalMac,15.4,supports-recovery-contact-upsell,
Mac,UniversalMac,15.4,supports-user-driven-call-activation,
Mac,UniversalMac,15.4,supports-legacy-contact-invites-v1,
Mac,UniversalMac,15.4,supports-rbm-chatbot,
iPhone,"iPhone14,5",26.3,show-peer-errors,
iPhone,"iPhone14,5",26.3,is-c2k-equipment,
iPhone,"iPhone14,5",26.3,supports-inline-attachments,
iPhone,"iPhone14,5",26.3,supports-keep-receipts,
iPhone,"iPhone14,5",26.3,supports-location-sharing,
iPhone,"iPhone14,5",26.3,supports-media-v2,
iPhone,"iPhone14,5",26.3,supports-st-v1,
iPhone,"iPhone14,5",26.3,supports-ca-v1,
iPhone,"iPhone14,5",26.3,supports-be-v1,
iPhone,"iPhone14,5",26.3,supports-ack-v1,
iPhone,"iPhone14,5",26.3,supports-fsm-v1,
iPhone,"iPhone14,5",26.3,supports-fsm-v2,
iPhone,"iPhone14,5",26.3,supports-fsm-v3,
iPhone,"iPhone14,5",26.3,supports-ii-v1,
iPhone,"iPhone14,5",26.3,supports-impact-v1,
iPhone,"iPhone14,5",26.3,supports-update-attachments-v1,
iPhone,"iPhone14,5",26.3,supports-autoloopvideo-v1,
iPhone,"iPhone14,5",26.3,supports-photos-extension-v1,
iPhone,"iPhone14,5",26.3,supports-photos-extension-v2,
iPhone,"iPhone14,5",26.3,supports-screen-time-v2,
iPhone,"iPhone14,5",26.3,supports-live-delivery,
iPhone,"iPhone14,5",26.3,supports-audio-messaging-v2,
iPhone,"iPhone14,5",26.3,supports-animoji-v2,
iPhone,"iPhone14,5",26.3,supports-certified-delivery-v1,
iPhone,"iPhone14,5",26.3,supports-original-timestamp-v1,
iPhone,"iPhone14,5",26.3,supports-incoming-fmd-v1,
iPhone,"iPhone14,5",26.3,optionally-receive-typing-indicators,
iPhone,"iPhone14,5",26.3,nicknames-version,
iPhone,"iPhone14,5",26.3,kt-version,5.0
iPhone,"iPhone14,5",26.3,device-key-signature,
iPhone,"iPhone14,5",26.3,ec-version,1.0
iPhone,"iPhone14,5",26.3,supports-protobuf-payload-data-v2,
iPhone,"iPhone14,5",26.3,supports-heif,True
iPhone,"iPhone14,5",26.3,supports-hdr,
iPhone,"iPhone14,5",26.3,prefers-sdr,
iPhone,"iPhone14,5",26.3,supports-qta,
iPhone,"iPhone14,5",26.3,supports-modern-gft,
iPhone,"iPhone14,5",26.3,supports-co,
iPhone,"iPhone14,5",26.3,is-green-tea,
iPhone,"iPhone14,5",26.3,supports-sa-v1,
iPhone,"iPhone14,5",26.3,supports-dq-nr,
iPhone,"iPhone14,5",26.3,supports-rem,
iPhone,"iPhone14,5",26.3,supports-shared-exp,
iPhone,"iPhone14,5",26.3,supports-st-er,
iPhone,"iPhone14,5",26.3,supports-family-invite-message-bubble,
iPhone,"iPhone14,5",26.3,supports-maps-protocol-v5,
iPhone,"iPhone14,5",26.3,supports-hi-res-vid,
iPhone,"iPhone14,5",26.3,supports-live-translation,
iPhone,"iPhone14,5",26.3,supports-mirage,
iPhone,"iPhone14,5",26.3,supports-nearby-facetime,
iPhone,"iPhone14,5",26.3,supports-emoji-stickers,
iPhone,"iPhone14,5",26.3,supports-sticker-editing,
iPhone,"iPhone14,5",26.3,supports-transcript-backgrounds,
iPhone,"iPhone14,5",26.3,supports-polls,
iPhone,"iPhone14,5",26.3,supports-lqm-hq,
iPhone,"iPhone14,5",26.3,supports-group-apple-cash,
iPhone,"iPhone14,5",26.3,supports-ckv-enforcement,
iPhone,"iPhone14,5",26.3,supports-gti,
iPhone,"iPhone14,5",26.3,supports-aot,
iPhone,"iPhone14,5",26.3,supports-key-sharing,
iPhone,"iPhone14,5",26.3,supports-harmony,
iPhone,"iPhone14,5",26.3,supports-activity-sharing-v1,True
iPhone,"iPhone14,5",26.3,supports-manatee-for-apple-cash,
iPhone,"iPhone14,5",26.3,supports-region-for-apple-cash,
iPhone,"iPhone14,5",26.3,supports-fmd-v2,True
iPhone,"iPhone14,5",26.3,supports-fm-fence-v1,True
iPhone,"iPhone14,5",26.3,supports-secure-loc-v1,
iPhone,"iPhone14,5",26.3,supports-zelkova,True
iPhone,"iPhone14,5",26.3,supports-people-ranging-v1,
iPhone,"iPhone14,5",26.3,supports-beacon-sharing-v3,
iPhone,"iPhone14,5",26.3,supports-manatee-activity-sharing,
iPhone,"iPhone14,5",26.3,supports-queue-one-read-receipts-v3,
iPhone,"iPhone14,5",26.3,supports-uwb,True
iPhone,"iPhone14,5",26.3,supports-gft-errors,
iPhone,"iPhone14,5",26.3,supports-gft-calls,
iPhone,"iPhone14,5",26.3,supports-hk-resident,
iPhone,"iPhone14,5",26.3,supports-maps-routing-path-leg,
iPhone,"iPhone14,5",26.3,supports-maps-wgs84-elevation-model,
iPhone,"iPhone14,5",26.3,supports-beacon-sharing-v2,
iPhone,"iPhone14,5",26.3,is-web-client,
iPhone,"iPhone14,5",26.3,supports-beneficiary-invites,
iPhone,"iPhone14,5",26.3,supports-people-request-messages,
iPhone,"iPhone14,5",26.3,supports-avless,
iPhone,"iPhone14,5",26.3,supports-maps-waypoint-route-sharing,
iPhone,"iPhone14,5",26.3,supports-cross-platform-sharing,
iPhone,"iPhone14,5",26.3,supports-self-one-to-one-invites,
iPhone,"iPhone14,5",26.3,supports-people-request-messages-v2,
iPhone,"iPhone14,5",26.3,supports-askto,
iPhone,"iPhone14,5",26.3,supports-askto-v2,
iPhone,"iPhone14,5",26.3,supports-askto-responseUI,
iPhone,"iPhone14,5",26.3,supports-significant-app-update,
iPhone,"iPhone14,5",26.3,supports-hybrid-groups-v1,
iPhone,"iPhone14,5",26.3,supports-findmy-plugin-messages,
iPhone,"iPhone14,5",26.3,supports-sos-alerting,True
iPhone,"iPhone14,5",26.3,supports-people-request-messages-v3,
iPhone,"iPhone14,5",26.3,supports-recurring-payment-bubbles,
iPhone,"iPhone14,5",26.3,supports-gft-relay,
iPhone,"iPhone14,5",26.3,supports-group-photo-refresh-version,
iPhone,"iPhone14,5",26.3,supports-ssrc,
iPhone,"iPhone14,5",26.3,supports-emoji-tapbacks,
iPhone,"iPhone14,5",26.3,supports-send-later-messages,
iPhone,"iPhone14,5",26.3,supports-restricted-guest,
iPhone,"iPhone14,5",26.3,supports-adaptive-temperature-automations,
iPhone,"iPhone14,5",26.3,supports-emoji-images,
iPhone,"iPhone14,5",26.3,supports-stick-moji-backs,
iPhone,"iPhone14,5",26.3,supports-high-quality-photo-file-sizes,
iPhone,"iPhone14,5",26.3,supports-stewie,True
iPhone,"iPhone14,5",26.3,sender-key-message-version,
iPhone,"iPhone14,5",26.3,supports-remote-atv-signin,
iPhone,"iPhone14,5",26.3,supports-sender-key-v1,
iPhone,"iPhone14,5",26.3,supports-uriless-membership-updates,
iPhone,"iPhone14,5",26.3,supports-sender-key-self-check,
iPhone,"iPhone14,5",26.3,supports-recovery-contact-upsell,
iPhone,"iPhone14,5",26.3,supports-user-driven-call-activation,
iPhone,"iPhone14,5",26.3,supports-legacy-contact-invites-v1,
iPhone,"iPhone14,5",26.3,supports-legacy-contact-invites-v2,
iPhone,"iPhone14,5",26.3,supports-legacy-contact-invites-v3,
iPhone,"iPhone14,5",26.3,supports-calls-25,
iPhone,"iPhone14,5",26.3,supports-introductions-v1,
iPhone,"iPhone14,5",26.3,supports-rbm-chatbot,
iPad,iPad_64bit_TouchID_ASTC,13.1,show-peer-errors,
iPad,iPad_64bit_TouchID_ASTC,13.1,is-c2k-equipment,
iPad,iPad_64bit_TouchID_ASTC,13.1,supports-inline-attachments,
iPad,iPad_64bit_TouchID_ASTC,13.1,supports-keep-receipts,
iPad,iPad_64bit_TouchID_ASTC,13.1,supports-location-sharing,
iPad,iPad_64bit_TouchID_ASTC,13.1,supports-media-v2,
iPad,iPad_64bit_TouchID_ASTC,13.1,supports-st-v1,
iPad,iPad_64bit_TouchID_ASTC,13.1,supports-ca-v1,
iPad,iPad_64bit_TouchID_ASTC,13.1,supports-be-v1,
iPad,iPad_64bit_TouchID_ASTC,13.1,supports-ack-v1,
iPad,iPad_64bit_TouchID_ASTC,13.1,supports-fsm-v1,
iPad,iPad_64bit_TouchID_ASTC,13.1,supports-fsm-v2,
iPad,iPad_64bit_TouchID_ASTC,13.1,supports-fsm-v3,
iPad,iPad_64bit_TouchID_ASTC,13.1,supports-ii-v1,
iPad,iPad_64bit_TouchID_ASTC,13.1,supports-impact-v1,
iPad,iPad_64bit_TouchID_ASTC,13.1,supports-update-attachments-v1,
iPad,iPad_64bit_TouchID_ASTC,13.1,supports-autoloopvideo-v1,
iPad,iPad_64bit_TouchID_ASTC,13.1,supports-photos-extension-v1,
iPad,iPad_64bit_TouchID_ASTC,13.1,supports-screen-time-v2,
iPad,iPad_64bit_TouchID_ASTC,13.1,supports-live-delivery,
iPad,iPad_64bit_TouchID_ASTC,13.1,supports-audio-messaging-v2,
iPad,iPad_64bit_TouchID_ASTC,13.1,supports-animoji-v2,
iPad,iPad_64bit_TouchID_ASTC,13.1,supports-certified-delivery-v1,
iPad,iPad_64bit_TouchID_ASTC,13.1,supports-original-timestamp-v1,
iPad,iPad_64bit_TouchID_ASTC,13.1,supports-incoming-fmd-v1,
iPad,iPad_64bit_TouchID_ASTC,13.1,optionally-receive-typing-indicators,
iPad,iPad_64bit_TouchID_ASTC,13.1,nicknames-version,
iPad,iPad_64bit_TouchID_ASTC,13.1,kt-version,
iPad,iPad_64bit_TouchID_ASTC,13.1,ec-version,
iPad,iPad_64bit_TouchID_ASTC,13.1,supports-protobuf-payload-data-v1,
iPad,iPad_64bit_TouchID_ASTC,13.1,supports-activity-sharing-v1,
iPhone,"iPhone14,4",16.1,show-peer-errors,
iPhone,"iPhone14,4",16.1,is-c2k-equipment,
iPhone,"iPhone14,4",16.1,supports-inline-attachments,
iPhone,"iPhone14,4",16.1,supports-keep-receipts,
iPhone,"iPhone14,4",16.1,supports-location-sharing,
iPhone,"iPhone14,4",16.1,supports-media-v2,
iPhone,"iPhone14,4",16.1,supports-st-v1,
iPhone,"iPhone14,4",16.1,supports-ca-v1,
iPhone,"iPhone14,4",16.1,supports-be-v1,
iPhone,"iPhone14,4",16.1,supports-ack-v1,
iPhone,"iPhone14,4",16.1,supports-fsm-v1,
iPhone,"iPhone14,4",16.1,supports-fsm-v2,
iPhone,"iPhone14,4",16.1,supports-fsm-v3,
iPhone,"iPhone14,4",16.1,supports-ii-v1,
iPhone,"iPhone14,4",16.1,supports-impact-v1,
iPhone,"iPhone14,4",16.1,supports-update-attachments-v1,
iPhone,"iPhone14,4",16.1,supports-autoloopvideo-v1,
iPhone,"iPhone14,4",16.1,supports-photos-extension-v1,
iPhone,"iPhone14,4",16.1,supports-photos-extension-v2,
iPhone,"iPhone14,4",16.1,supports-screen-time-v2,
iPhone,"iPhone14,4",16.1,supports-live-delivery,
iPhone,"iPhone14,4",16.1,supports-audio-messaging-v2,
iPhone,"iPhone14,4",16.1,supports-animoji-v2,
iPhone,"iPhone14,4",16.1,supports-certified-delivery-v1,
iPhone,"iPhone14,4",16.1,supports-original-timestamp-v1,
iPhone,"iPhone14,4",16.1,supports-incoming-fmd-v1,
iPhone,"iPhone14,4",16.1,optionally-receive-typing-indicators,
iPhone,"iPhone14,4",16.1,nicknames-version,
iPhone,"iPhone14,4",16.1,kt-version,4.0
iPhone,"iPhone14,4",16.1,device-key-signature,
iPhone,"iPhone14,4",16.1,ec-version,1.0
iPhone,"iPhone14,4",16.1,supports-protobuf-payload-data-v2,
iPhone,"iPhone14,4",16.1,supports-heif,True
iPhone,"iPhone14,4",16.1,supports-hdr,
iPhone,"iPhone14,4",16.1,prefers-sdr,
iPhone,"iPhone14,4",16.1,supports-modern-gft,
iPhone,"iPhone14,4",16.1,supports-co,
iPhone,"iPhone14,4",16.1,is-green-tea,
iPhone,"iPhone14,4",16.1,supports-sa-v1,
iPhone,"iPhone14,4",16.1,supports-dq-nr,
iPhone,"iPhone14,4",16.1,supports-rem,
iPhone,"iPhone14,4",16.1,supports-shared-exp,
iPhone,"iPhone14,4",16.1,supports-st-er,
iPhone,"iPhone14,4",16.1,supports-family-invite-message-bubble,
iPhone,"iPhone14,4",16.1,supports-maps-protocol-v5,
iPhone,"iPhone14,4",16.1,supports-mirage,
iPhone,"iPhone14,4",16.1,supports-key-sharing,
iPhone,"iPhone14,4",16.1,supports-harmony,
iPhone,"iPhone14,4",16.1,supports-activity-sharing-v1,True
iPhone,"iPhone14,4",16.1,supports-manatee-for-apple-cash,
iPhone,"iPhone14,4",16.1,supports-region-for-apple-cash,
iPhone,"iPhone14,4",16.1,supports-fmd-v2,
iPhone,"iPhone14,4",16.1,supports-fm-fence-v1,True
iPhone,"iPhone14,4",16.1,supports-secure-loc-v1,
iPhone,"iPhone14,4",16.1,supports-uwb,True
iPhone,"iPhone14,4",16.1,supports-gft-errors,
iPhone,"iPhone14,4",16.1,supports-gft-calls,
iPhone,"iPhone14,4",16.1,supports-hk-resident,
iPhone,"iPhone14,4",16.1,supports-maps-routing-path-leg,
iPhone,"iPhone14,4",16.1,supports-beacon-sharing-v2,
iPhone,"iPhone14,4",16.1,is-web-client,
iPhone,"iPhone14,4",16.1,supports-beneficiary-invites,
iPhone,"iPhone14,4",16.1,supports-people-request-messages,
iPhone,"iPhone14,4",16.1,supports-avless,
iPhone,"iPhone14,4",16.1,supports-maps-waypoint-route-sharing,
iPhone,"iPhone14,4",16.1,supports-cross-platform-sharing,
iPhone,"iPhone14,4",16.1,supports-self-one-to-one-invites,
iPad,iPad_Pro_M4,26.3,show-peer-errors,
iPad,iPad_Pro_M4,26.3,is-c2k-equipment,
iPad,iPad_Pro_M4,26.3,supports-inline-attachments,
iPad,iPad_Pro_M4,26.3,supports-keep-receipts,
iPad,iPad_Pro_M4,26.3,supports-location-sharing,
iPad,iPad_Pro_M4,26.3,supports-media-v2,
iPad,iPad_Pro_M4,26.3,supports-st-v1,
iPad,iPad_Pro_M4,26.3,supports-ca-v1,
iPad,iPad_Pro_M4,26.3,supports-be-v1,
iPad,iPad_Pro_M4,26.3,supports-ack-v1,
iPad,iPad_Pro_M4,26.3,supports-fsm-v1,
iPad,iPad_Pro_M4,26.3,supports-fsm-v2,
iPad,iPad_Pro_M4,26.3,supports-fsm-v3,
iPad,iPad_Pro_M4,26.3,supports-ii-v1,
iPad,iPad_Pro_M4,26.3,supports-impact-v1,
iPad,iPad_Pro_M4,26.3,supports-update-attachments-v1,
iPad,iPad_Pro_M4,26.3,supports-autoloopvideo-v1,
iPad,iPad_Pro_M4,26.3,supports-photos-extension-v1,
iPad,iPad_Pro_M4,26.3,supports-photos-extension-v2,
iPad,iPad_Pro_M4,26.3,supports-screen-time-v2,
iPad,iPad_Pro_M4,26.3,supports-live-delivery,
iPad,iPad_Pro_M4,26.3,supports-audio-messaging-v2,
iPad,iPad_Pro_M4,26.3,supports-animoji-v2,
iPad,iPad_Pro_M4,26.3,supports-certified-delivery-v1,
iPad,iPad_Pro_M4,26.3,supports-original-timestamp-v1,
iPad,iPad_Pro_M4,26.3,supports-incoming-fmd-v1,
iPad,iPad_Pro_M4,26.3,optionally-receive-typing-indicators,
iPad,iPad_Pro_M4,26.3,nicknames-version,
iPad,iPad_Pro_M4,26.3,kt-version,5.0
iPad,iPad_Pro_M4,26.3,device-key-signature,
iPad,iPad_Pro_M4,26.3,ec-version,1.0
iPad,iPad_Pro_M4,26.3,supports-protobuf-payload-data-v2,
iPad,iPad_Pro_M4,26.3,supports-heif,True
iPad,iPad_Pro_M4,26.3,supports-hdr,
iPad,iPad_Pro_M4,26.3,prefers-sdr,
iPad,iPad_Pro_M4,26.3,supports-qta,
iPad,iPad_Pro_M4,26.3,supports-modern-gft,
iPad,iPad_Pro_M4,26.3,supports-co,
iPad,iPad_Pro_M4,26.3,is-green-tea,
iPad,iPad_Pro_M4,26.3,supports-sa-v1,
iPad,iPad_Pro_M4,26.3,supports-dq-nr,
iPad,iPad_Pro_M4,26.3,supports-rem,
iPad,iPad_Pro_M4,26.3,supports-shared-exp,
iPad,iPad_Pro_M4,26.3,supports-st-er,
iPad,iPad_Pro_M4,26.3,supports-family-invite-message-bubble,
iPad,iPad_Pro_M4,26.3,supports-maps-protocol-v5,
iPad,iPad_Pro_M4,26.3,supports-hi-res-vid,
iPad,iPad_Pro_M4,26.3,supports-live-translation,
iPad,iPad_Pro_M4,26.3,supports-mirage,
iPad,iPad_Pro_M4,26.3,supports-nearby-facetime,
iPad,iPad_Pro_M4,26.3,supports-emoji-stickers,
iPad,iPad_Pro_M4,26.3,supports-sticker-editing,
iPad,iPad_Pro_M4,26.3,supports-transcript-backgrounds,
iPad,iPad_Pro_M4,26.3,supports-polls,
iPad,iPad_Pro_M4,26.3,supports-lqm-hq,
iPad,iPad_Pro_M4,26.3,supports-group-apple-cash,
iPad,iPad_Pro_M4,26.3,supports-ckv-enforcement,
iPad,iPad_Pro_M4,26.3,supports-gti,
iPad,iPad_Pro_M4,26.3,supports-aot,
iPad,iPad_Pro_M4,26.3,supports-key-sharing,
iPad,iPad_Pro_M4,26.3,supports-harmony,
iPad,iPad_Pro_M4,26.3,supports-activity-sharing-v1,
iPad,iPad_Pro_M4,26.3,supports-manatee-for-apple-cash,
iPad,iPad_Pro_M4,26.3,supports-region-for-apple-cash,
iPad,iPad_Pro_M4,26.3,supports-fmd-v2,True
iPad,iPad_Pro_M4,26.3,supports-fm-fence-v1,True
iPad,iPad_Pro_M4,26.3,supports-secure-loc-v1,
iPad,iPad_Pro_M4,26.3,supports-zelkova,True
iPad,iPad_Pro_M4,26.3,supports-people-ranging-v1,
iPad,iPad_Pro_M4,26.3,supports-beacon-sharing-v3,
iPad,iPad_Pro_M4,26.3,supports-manatee-activity-sharing,
iPad,iPad_Pro_M4,26.3,supports-queue-one-read-receipts-v3,
iPad,iPad_Pro_M4,26.3,supports-uwb,False
iPad,iPad_Pro_M4,26.3,supports-gft-errors,
iPad,iPad_Pro_M4,26.3,supports-gft-calls,
iPad,iPad_Pro_M4,26.3,supports-hk-resident,
iPad,iPad_Pro_M4,26.3,supports-maps-routing-path-leg,
iPad,iPad_Pro_M4,26.3,supports-maps-wgs84-elevation-model,
iPad,iPad_Pro_M4,26.3,supports-beacon-sharing-v2,
iPad,iPad_Pro_M4,26.3,is-web-client,
iPad,iPad_Pro_M4,26.3,supports-beneficiary-invites,
iPad,iPad_Pro_M4,26.3,supports-people-request-messages,
iPad,iPad_Pro_M4,26.3,supports-avless,
iPad,iPad_Pro_M4,26.3,supports-maps-waypoint-route-sharing,
iPad,iPad_Pro_M4,26.3,supports-cross-platform-sharing,
iPad,iPad_Pro_M4,26.3,supports-self-one-to-one-invites,
iPad,iPad_Pro_M4,26.3,supports-people-request-messages-v2,
iPad,iPad_Pro_M4,26.3,supports-askto,
iPad,iPad_Pro_M4,26.3,supports-askto-v2,
iPad,iPad_Pro_M4,26.3,supports-askto-responseUI,
iPad,iPad_Pro_M4,26.3,supports-significant-app-update,
iPad,iPad_Pro_M4,26.3,supports-hybrid-groups-v1,
iPad,iPad_Pro_M4,26.3,supports-findmy-plugin-messages,
iPad,iPad_Pro_M4,26.3,supports-sos-alerting,
iPad,iPad_Pro_M4,26.3,supports-people-request-messages-v3,
iPad,iPad_Pro_M4,26.3,supports-recurring-payment-bubbles,
iPad,iPad_Pro_M4,26.3,supports-gft-relay,
iPad,iPad_Pro_M4,26.3,supports-group-photo-refresh-version,
iPad,iPad_Pro_M4,26.3,supports-ssrc,
iPad,iPad_Pro_M4,26.3,supports-emoji-tapbacks,
iPad,iPad_Pro_M4,26.3,supports-send-later-messages,
iPad,iPad_Pro_M4,26.3,supports-restricted-guest,
iPad,iPad_Pro_M4,26.3,supports-adaptive-temperature-automations,
iPad,iPad_Pro_M4,26.3,supports-emoji-images,
iPad,iPad_Pro_M4,26.3,supports-stick-moji-backs,
iPad,iPad_Pro_M4,26.3,supports-high-quality-photo-file-sizes,
iPad,iPad_Pro_M4,26.3,supports-stewie,False
iPad,iPad_Pro_M4,26.3,sender-key-message-version,
iPad,iPad_Pro_M4,26.3,supports-remote-atv-signin,
iPad,iPad_Pro_M4,26.3,supports-sender-key-v1,
iPad,iPad_Pro_M4,26.3,supports-uriless-membership-updates,
iPad,iPad_Pro_M4,26.3,supports-sender-key-self-check,
iPad,iPad_Pro_M4,26.3,supports-recovery-contact-upsell,
iPad,iPad_Pro_M4,26.3,supports-user-driven-call-activation,
iPad,iPad_Pro_M4,26.3,supports-legacy-contact-invites-v1,
iPad,iPad_Pro_M4,26.3,supports-legacy-contact-invites-v2,
iPad,iPad_Pro_M4,26.3,supports-legacy-contact-invites-v3,
iPad,iPad_Pro_M4,26.3,supports-calls-25,
iPad,iPad_Pro_M4,26.3,supports-introductions-v1,
iPad,iPad_Pro_M4,26.3,supports-rbm-chatbot,
iPhone,"iPhone14,4",18.0,show-peer-errors,
iPhone,"iPhone14,4",18.0,is-c2k-equipment,
iPhone,"iPhone14,4",18.0,supports-inline-attachments,
iPhone,"iPhone14,4",18.0,supports-keep-receipts,
iPhone,"iPhone14,4",18.0,supports-location-sharing,
iPhone,"iPhone14,4",18.0,supports-media-v2,
iPhone,"iPhone14,4",18.0,supports-st-v1,
iPhone,"iPhone14,4",18.0,supports-ca-v1,
iPhone,"iPhone14,4",18.0,supports-be-v1,
iPhone,"iPhone14,4",18.0,supports-ack-v1,
iPhone,"iPhone14,4",18.0,supports-fsm-v1,
iPhone,"iPhone14,4",18.0,supports-fsm-v2,
iPhone,"iPhone14,4",18.0,supports-fsm-v3,
iPhone,"iPhone14,4",18.0,supports-ii-v1,
iPhone,"iPhone14,4",18.0,supports-impact-v1,
iPhone,"iPhone14,4",18.0,supports-update-attachments-v1,
iPhone,"iPhone14,4",18.0,supports-autoloopvideo-v1,
iPhone,"iPhone14,4",18.0,supports-photos-extension-v1,
iPhone,"iPhone14,4",18.0,supports-photos-extension-v2,
iPhone,"iPhone14,4",18.0,supports-screen-time-v2,
iPhone,"iPhone14,4",18.0,supports-live-delivery,
iPhone,"iPhone14,4",18.0,supports-audio-messaging-v2,
iPhone,"iPhone14,4",18.0,supports-animoji-v2,
iPhone,"iPhone14,4",18.0,supports-certified-delivery-v1,
iPhone,"iPhone14,4",18.0,supports-original-timestamp-v1,
iPhone,"iPhone14,4",18.0,supports-incoming-fmd-v1,
iPhone,"iPhone14,4",18.0,optionally-receive-typing-indicators,
iPhone,"iPhone14,4",18.0,nicknames-version,
iPhone,"iPhone14,4",18.0,kt-version,5.0
iPhone,"iPhone14,4",18.0,device-key-signature,
iPhone,"iPhone14,4",18.0,ec-version,1.0
iPhone,"iPhone14,4",18.0,supports-protobuf-payload-data-v2,
iPhone,"iPhone14,4",18.0,supports-heif,True
iPhone,"iPhone14,4",18.0,supports-hdr,
iPhone,"iPhone14,4",18.0,prefers-sdr,
iPhone,"iPhone14,4",18.0,supports-modern-gft,
iPhone,"iPhone14,4",18.0,supports-co,
iPhone,"iPhone14,4",18.0,is-green-tea,
iPhone,"iPhone14,4",18.0,supports-sa-v1,
iPhone,"iPhone14,4",18.0,supports-dq-nr,
iPhone,"iPhone14,4",18.0,supports-rem,
iPhone,"iPhone14,4",18.0,supports-shared-exp,
iPhone,"iPhone14,4",18.0,supports-st-er,
iPhone,"iPhone14,4",18.0,supports-family-invite-message-bubble,
iPhone,"iPhone14,4",18.0,supports-maps-protocol-v5,
iPhone,"iPhone14,4",18.0,supports-hi-res-vid,
iPhone,"iPhone14,4",18.0,supports-mirage,
iPhone,"iPhone14,4",18.0,supports-emoji-stickers,
iPhone,"iPhone14,4",18.0,supports-sticker-editing,
iPhone,"iPhone14,4",18.0,supports-key-sharing,
iPhone,"iPhone14,4",18.0,supports-harmony,
iPhone,"iPhone14,4",18.0,supports-activity-sharing-v1,True
iPhone,"iPhone14,4",18.0,supports-manatee-for-apple-cash,
iPhone,"iPhone14,4",18.0,supports-region-for-apple-cash,
iPhone,"iPhone14,4",18.0,supports-fmd-v2,
iPhone,"iPhone14,4",18.0,supports-fm-fence-v1,True
iPhone,"iPhone14,4",18.0,supports-secure-loc-v1,
iPhone,"iPhone14,4",18.0,supports-zelkova,True
iPhone,"iPhone14,4",18.0,supports-people-ranging-v1,
iPhone,"iPhone14,4",18.0,supports-beacon-sharing-v3,
iPhone,"iPhone14,4",18.0,supports-manatee-activity-sharing,
iPhone,"iPhone14,4",18.0,supports-uwb,True
iPhone,"iPhone14,4",18.0,supports-gft-errors,
iPhone,"iPhone14,4",18.0,supports-gft-calls,
iPhone,"iPhone14,4",18.0,supports-hk-resident,
iPhone,"iPhone14,4",18.0,supports-maps-routing-path-leg,
iPhone,"iPhone14,4",18.0,supports-beacon-sharing-v2,
iPhone,"iPhone14,4",18.0,is-web-client,
iPhone,"iPhone14,4",18.0,supports-beneficiary-invites,
iPhone,"iPhone14,4",18.0,supports-people-request-messages,
iPhone,"iPhone14,4",18.0,supports-avless,
iPhone,"iPhone14,4",18.0,supports-maps-waypoint-route-sharing,
iPhone,"iPhone14,4",18.0,supports-cross-platform-sharing,
iPhone,"iPhone14,4",18.0,supports-self-one-to-one-invites,
iPhone,"iPhone14,4",18.0,supports-people-request-messages-v2,
iPhone,"iPhone14,4",18.0,supports-askto,
iPhone,"iPhone14,4",18.0,supports-hybrid-groups-v1,
iPhone,"iPhone14,4",18.0,supports-findmy-plugin-messages,
iPhone,"iPhone14,4",18.0,supports-sos-alerting,True
iPhone,"iPhone14,4",18.0,supports-people-request-messages-v3,
iPhone,"iPhone14,4",18.0,supports-recurring-payment-bubbles,
iPhone,"iPhone14,4",18.0,supports-gft-relay,
iPhone,"iPhone14,4",18.0,supports-group-photo-refresh-version,
iPhone,"iPhone14,4",18.0,supports-ssrc,
iPhone,"iPhone14,4",18.0,supports-emoji-tapbacks,
iPhone,"iPhone14,4",18.0,supports-send-later-messages,
iPhone,"iPhone14,4",18.0,supports-restricted-guest,
iPhone,"iPhone14,4",18.0,supports-emoji-images,
iPhone,"iPhone14,4",18.0,supports-stick-moji-backs,
iPhone,"iPhone14,4",18.0,supports-high-quality-photo-file-sizes,
iPhone,"iPhone14,4",18.0,supports-stewie,True
iPhone,"iPhone14,4",18.0,sender-key-message-version,
iPhone,"iPhone14,4",18.0,supports-remote-atv-signin,
iPhone,"iPhone14,4",18.0,supports-sender-key-v1,
iPhone,"iPhone10,3",14.0,show-peer-errors,
iPhone,"iPhone10,6",14.0,show-peer-errors,
iPhone,"iPhone10,3",14.0,is-c2k-equipment,
iPhone,"iPhone10,6",14.0,is-c2k-equipment,
iPhone,"iPhone10,3",14.0,supports-inline-attachments,
iPhone,"iPhone10,6",14.0,supports-inline-attachments,
iPhone,"iPhone10,3",14.0,supports-keep-receipts,
iPhone,"iPhone10,6",14.0,supports-keep-receipts,
iPhone,"iPhone10,3",14.0,supports-location-sharing,
iPhone,"iPhone10,6",14.0,supports-location-sharing,
iPhone,"iPhone10,3",14.0,supports-media-v2,
iPhone,"iPhone10,6",14.0,supports-media-v2,
iPhone,"iPhone10,3",14.0,supports-st-v1,
iPhone,"iPhone10,6",14.0,supports-st-v1,
iPhone,"iPhone10,3",14.0,supports-ca-v1,
iPhone,"iPhone10,6",14.0,supports-ca-v1,
iPhone,"iPhone10,3",14.0,supports-be-v1,
iPhone,"iPhone10,6",14.0,supports-be-v1,
iPhone,"iPhone10,3",14.0,supports-ack-v1,
iPhone,"iPhone10,6",14.0,supports-ack-v1,
iPhone,"iPhone10,3",14.0,supports-fsm-v1,
iPhone,"iPhone10,6",14.0,supports-fsm-v1,
iPhone,"iPhone10,3",14.0,supports-fsm-v2,
iPhone,"iPhone10,6",14.0,supports-fsm-v2,
iPhone,"iPhone10,3",14.0,supports-fsm-v3,
iPhone,"iPhone10,6",14.0,supports-fsm-v3,
iPhone,"iPhone10,3",14.0,supports-ii-v1,
iPhone,"iPhone10,6",14.0,supports-ii-v1,
iPhone,"iPhone10,3",14.0,supports-impact-v1,
iPhone,"iPhone10,6",14.0,supports-impact-v1,
iPhone,"iPhone10,3",14.0,supports-update-attachments-v1,
iPhone,"iPhone10,6",14.0,supports-update-attachments-v1,
iPhone,"iPhone10,3",14.0,supports-autoloopvideo-v1,
iPhone,"iPhone10,6",14.0,supports-autoloopvideo-v1,
iPhone,"iPhone10,3",14.0,supports-photos-extension-v1,
iPhone,"iPhone10,6",14.0,supports-photos-extension-v1,
iPhone,"iPhone10,3",14.0,supports-screen-time-v2,
iPhone,"iPhone10,6",14.0,supports-screen-time-v2,
iPhone,"iPhone10,3",14.0,supports-live-delivery,
iPhone,"iPhone10,6",14.0,supports-live-delivery,
iPhone,"iPhone10,3",14.0,supports-audio-messaging-v2,
iPhone,"iPhone10,6",14.0,supports-audio-messaging-v2,
iPhone,"iPhone10,3",14.0,supports-animoji-v2,
iPhone,"iPhone10,6",14.0,supports-animoji-v2,
iPhone,"iPhone10,3",14.0,supports-certified-delivery-v1,
iPhone,"iPhone10,6",14.0,supports-certified-delivery-v1,
iPhone,"iPhone10,3",14.0,supports-original-timestamp-v1,
iPhone,"iPhone10,6",14.0,supports-original-timestamp-v1,
iPhone,"iPhone10,3",14.0,supports-incoming-fmd-v1,
iPhone,"iPhone10,6",14.0,supports-incoming-fmd-v1,
iPhone,"iPhone10,3",14.0,optionally-receive-typing-indicators,
iPhone,"iPhone10,6",14.0,optionally-receive-typing-indicators,
iPhone,"iPhone10,3",14.0,nicknames-version,
iPhone,"iPhone10,6",14.0,nicknames-version,
iPhone,"iPhone10,3",14.0,kt-version,4.0
iPhone,"iPhone10,6",14.0,kt-version,4.0
iPhone,"iPhone10,3",14.0,ec-version,1.0
iPhone,"iPhone10,6",14.0,ec-version,1.0
iPhone,"iPhone10,3",14.0,supports-protobuf-payload-data-v2,
iPhone,"iPhone10,6",14.0,supports-protobuf-payload-data-v2,
iPhone,"iPhone10,3",14.0,supports-heif,True
iPhone,"iPhone10,6",14.0,supports-heif,True
iPhone,"iPhone10,3",14.0,supports-hdr,False
iPhone,"iPhone10,6",14.0,supports-hdr,False
iPhone,"iPhone10,3",14.0,prefers-sdr,
iPhone,"iPhone10,6",14.0,prefers-sdr,
iPhone,"iPhone10,3",14.0,supports-key-sharing,
iPhone,"iPhone10,6",14.0,supports-key-sharing,
iPhone,"iPhone10,3",14.0,supports-harmony,
iPhone,"iPhone10,6",14.0,supports-harmony,
iPhone,"iPhone10,3",14.0,supports-activity-sharing-v1,True
iPhone,"iPhone10,6",14.0,supports-activity-sharing-v1,True
iPhone,"iPhone10,3",14.0,supports-manatee-for-apple-cash,
iPhone,"iPhone10,6",14.0,supports-manatee-for-apple-cash,
iPhone,"iPhone10,3",14.0,supports-region-for-apple-cash,
iPhone,"iPhone10,6",14.0,supports-region-for-apple-cash,
iPhone,"iPhone10,3",14.0,supports-fmd-v2,
iPhone,"iPhone10,6",14.0,supports-fmd-v2,
iPhone,"iPhone10,3",14.0,supports-fm-fence-v1,True
iPhone,"iPhone10,6",14.0,supports-fm-fence-v1,True
VisionPro,Apple_Vision_Pro_M5,26.3,show-peer-errors,
VisionPro,Apple_Vision_Pro_M5,26.3,is-c2k-equipment,
VisionPro,Apple_Vision_Pro_M5,26.3,supports-inline-attachments,
VisionPro,Apple_Vision_Pro_M5,26.3,supports-keep-receipts,
VisionPro,Apple_Vision_Pro_M5,26.3,supports-location-sharing,
VisionPro,Apple_Vision_Pro_M5,26.3,supports-media-v2,
VisionPro,Apple_Vision_Pro_M5,26.3,supports-st-v1,
VisionPro,Apple_Vision_Pro_M5,26.3,supports-ca-v1,
VisionPro,Apple_Vision_Pro_M5,26.3,supports-be-v1,
VisionPro,Apple_Vision_Pro_M5,26.3,supports-ack-v1,
VisionPro,Apple_Vision_Pro_M5,26.3,supports-fsm-v1,
VisionPro,Apple_Vision_Pro_M5,26.3,supports-fsm-v2,
VisionPro,Apple_Vision_Pro_M5,26.3,supports-fsm-v3,
VisionPro,Apple_Vision_Pro_M5,26.3,supports-ii-v1,
VisionPro,Apple_Vision_Pro_M5,26.3,supports-impact-v1,
VisionPro,Apple_Vision_Pro_M5,26.3,supports-update-attachments-v1,
VisionPro,Apple_Vision_Pro_M5,26.3,supports-autoloopvideo-v1,
VisionPro,Apple_Vision_Pro_M5,26.3,supports-photos-extension-v1,
VisionPro,Apple_Vision_Pro_M5,26.3,supports-photos-extension-v2,
VisionPro,Apple_Vision_Pro_M5,26.3,supports-screen-time-v2,
VisionPro,Apple_Vision_Pro_M5,26.3,supports-live-delivery,
VisionPro,Apple_Vision_Pro_M5,26.3,supports-audio-messaging-v2,
VisionPro,Apple_Vision_Pro_M5,26.3,supports-animoji-v2,
VisionPro,Apple_Vision_Pro_M5,26.3,supports-certified-delivery-v1,
VisionPro,Apple_Vision_Pro_M5,26.3,supports-original-timestamp-v1,
VisionPro,Apple_Vision_Pro_M5,26.3,supports-incoming-fmd-v1,
VisionPro,Apple_Vision_Pro_M5,26.3,optionally-receive-typing-indicators,
VisionPro,Apple_Vision_Pro_M5,26.3,nicknames-version,
VisionPro,Apple_Vision_Pro_M5,26.3,kt-version,5.0
VisionPro,Apple_Vision_Pro_M5,26.3,device-key-signature,
VisionPro,Apple_Vision_Pro_M5,26.3,ec-version,1.0
VisionPro,Apple_Vision_Pro_M5,26.3,supports-protobuf-payload-data-v2,
VisionPro,Apple_Vision_Pro_M5,26.3,supports-heif,True
VisionPro,Apple_Vision_Pro_M5,26.3,supports-hdr,
VisionPro,Apple_Vision_Pro_M5,26.3,prefers-sdr,
VisionPro,Apple_Vision_Pro_M5,26.3,supports-qta,
VisionPro,Apple_Vision_Pro_M5,26.3,supports-modern-gft,
VisionPro,Apple_Vision_Pro_M5,26.3,supports-co,
VisionPro,Apple_Vision_Pro_M5,26.3,is-green-tea,
VisionPro,Apple_Vision_Pro_M5,26.3,supports-sa-v1,
VisionPro,Apple_Vision_Pro_M5,26.3,supports-dq-nr,
VisionPro,Apple_Vision_Pro_M5,26.3,supports-rem,
VisionPro,Apple_Vision_Pro_M5,26.3,supports-shared-exp,
VisionPro,Apple_Vision_Pro_M5,26.3,supports-st-er,
VisionPro,Apple_Vision_Pro_M5,26.3,supports-family-invite-message-bubble,
VisionPro,Apple_Vision_Pro_M5,26.3,supports-maps-protocol-v5,
VisionPro,Apple_Vision_Pro_M5,26.3,supports-hi-res-vid,
VisionPro,Apple_Vision_Pro_M5,26.3,supports-live-translation,
VisionPro,Apple_Vision_Pro_M5,26.3,supports-mirage,
VisionPro,Apple_Vision_Pro_M5,26.3,supports-nearby-facetime,
VisionPro,Apple_Vision_Pro_M5,26.3,supports-emoji-stickers,
VisionPro,Apple_Vision_Pro_M5,26.3,supports-sticker-editing,
VisionPro,Apple_Vision_Pro_M5,26.3,supports-transcript-backgrounds,
VisionPro,Apple_Vision_Pro_M5,26.3,supports-polls,
VisionPro,Apple_Vision_Pro_M5,26.3,supports-lqm-hq,
VisionPro,Apple_Vision_Pro_M5,26.3,supports-group-apple-cash,
VisionPro,Apple_Vision_Pro_M5,26.3,supports-ckv-enforcement,
VisionPro,Apple_Vision_Pro_M5,26.3,supports-gti,
VisionPro,Apple_Vision_Pro_M5,26.3,supports-key-sharing,
VisionPro,Apple_Vision_Pro_M5,26.3,supports-harmony,
VisionPro,Apple_Vision_Pro_M5,26.3,supports-activity-sharing-v1,
VisionPro,Apple_Vision_Pro_M5,26.3,supports-manatee-for-apple-cash,
VisionPro,Apple_Vision_Pro_M5,26.3,supports-region-for-apple-cash,
VisionPro,Apple_Vision_Pro_M5,26.3,supports-fmd-v2,True
VisionPro,Apple_Vision_Pro_M5,26.3,supports-fm-fence-v1,
VisionPro,Apple_Vision_Pro_M5,26.3,supports-secure-loc-v1,
VisionPro,Apple_Vision_Pro_M5,26.3,supports-zelkova,False
VisionPro,Apple_Vision_Pro_M5,26.3,supports-people-ranging-v1,
VisionPro,Apple_Vision_Pro_M5,26.3,supports-beacon-sharing-v3,
VisionPro,Apple_Vision_Pro_M5,26.3,supports-manatee-activity-sharing,
VisionPro,Apple_Vision_Pro_M5,26.3,supports-queue-one-read-receipts-v3,
VisionPro,Apple_Vision_Pro_M5,26.3,supports-uwb,False
VisionPro,Apple_Vision_Pro_M5,26.3,supports-gft-errors,
VisionPro,Apple_Vision_Pro_M5,26.3,supports-gft-calls,
VisionPro,Apple_Vision_Pro_M5,26.3,supports-hk-resident,
VisionPro,Apple_Vision_Pro_M5,26.3,supports-maps-routing-path-leg,
VisionPro,Apple_Vision_Pro_M5,26.3,supports-maps-wgs84-elevation-model,
VisionPro,Apple_Vision_Pro_M5,26.3,supports-beacon-sharing-v2,
VisionPro,Apple_Vision_Pro_M5,26.3,is-web-client,
VisionPro,Apple_Vision_Pro_M5,26.3,supports-beneficiary-invites,
VisionPro,Apple_Vision_Pro_M5,26.3,supports-people-request-messages,
VisionPro,Apple_Vision_Pro_M5,26.3,supports-avless,
VisionPro,Apple_Vision_Pro_M5,26.3,supports-maps-waypoint-route-sharing,
VisionPro,Apple_Vision_Pro_M5,26.3,supports-cross-platform-sharing,
VisionPro,Apple_Vision_Pro_M5,26.3,supports-self-one-to-one-invites,
VisionPro,Apple_Vision_Pro_M5,26.3,supports-people-request-messages-v2,
VisionPro,Apple_Vision_Pro_M5,26.3,supports-askto,
VisionPro,Apple_Vision_Pro_M5,26.3,supports-askto-v2,
VisionPro,Apple_Vision_Pro_M5,26.3,supports-askto-responseUI,
VisionPro,Apple_Vision_Pro_M5,26.3,supports-significant-app-update,
VisionPro,Apple_Vision_Pro_M5,26.3,supports-hybrid-groups-v1,
VisionPro,Apple_Vision_Pro_M5,26.3,supports-findmy-plugin-messages,
VisionPro,Apple_Vision_Pro_M5,26.3,supports-sos-alerting,
VisionPro,Apple_Vision_Pro_M5,26.3,supports-people-request-messages-v3,
VisionPro,Apple_Vision_Pro_M5,26.3,supports-recurring-payment-bubbles,
VisionPro,Apple_Vision_Pro_M5,26.3,supports-gft-relay,
VisionPro,Apple_Vision_Pro_M5,26.3,supports-group-photo-refresh-version,
VisionPro,Apple_Vision_Pro_M5,26.3,supports-ssrc,
VisionPro,Apple_Vision_Pro_M5,26.3,supports-emoji-tapbacks,
VisionPro,Apple_Vision_Pro_M5,26.3,supports-send-later-messages,
VisionPro,Apple_Vision_Pro_M5,26.3,supports-restricted-guest,
VisionPro,Apple_Vision_Pro_M5,26.3,supports-adaptive-temperature-automations,
VisionPro,Apple_Vision_Pro_M5,26.3,supports-emoji-images,
VisionPro,Apple_Vision_Pro_M5,26.3,supports-stick-moji-backs,
VisionPro,Apple_Vision_Pro_M5,26.3,supports-high-quality-photo-file-sizes,
VisionPro,Apple_Vision_Pro_M5,26.3,supports-stewie,False
VisionPro,Apple_Vision_Pro_M5,26.3,sender-key-message-version,
VisionPro,Apple_Vision_Pro_M5,26.3,supports-remote-atv-signin,
VisionPro,Apple_Vision_Pro_M5,26.3,supports-sender-key-v1,
VisionPro,Apple_Vision_Pro_M5,26.3,supports-uriless-membership-updates,
VisionPro,Apple_Vision_Pro_M5,26.3,supports-sender-key-self-check,
VisionPro,Apple_Vision_Pro_M5,26.3,supports-recovery-contact-upsell,
VisionPro,Apple_Vision_Pro_M5,26.3,supports-user-driven-call-activation,
VisionPro,Apple_Vision_Pro_M5,26.3,supports-legacy-contact-invites-v1,
VisionPro,Apple_Vision_Pro_M5,26.3,supports-legacy-contact-invites-v2,
VisionPro,Apple_Vision_Pro_M5,26.3,supports-legacy-contact-invites-v3,
VisionPro,Apple_Vision_Pro_M5,26.3,supports-calls-25,
VisionPro,Apple_Vision_Pro_M5,26.3,supports-introductions-v1,
VisionPro,Apple_Vision_Pro_M5,26.3,supports-rbm-chatbot,
iPhone,"iPhone13,2",26.3,show-peer-errors,
iPhone,"iPhone13,3",26.3,show-peer-errors,
iPhone,"iPhone13,2",26.3,is-c2k-equipment,
iPhone,"iPhone13,3",26.3,is-c2k-equipment,
iPhone,"iPhone13,2",26.3,supports-inline-attachments,
iPhone,"iPhone13,3",26.3,supports-inline-attachments,
iPhone,"iPhone13,2",26.3,supports-keep-receipts,
iPhone,"iPhone13,3",26.3,supports-keep-receipts,
iPhone,"iPhone13,2",26.3,supports-location-sharing,
iPhone,"iPhone13,3",26.3,supports-location-sharing,
iPhone,"iPhone13,2",26.3,supports-media-v2,
iPhone,"iPhone13,3",26.3,supports-media-v2,
iPhone,"iPhone13,2",26.3,supports-st-v1,
iPhone,"iPhone13,3",26.3,supports-st-v1,
iPhone,"iPhone13,2",26.3,supports-ca-v1,
iPhone,"iPhone13,3",26.3,supports-ca-v1,
iPhone,"iPhone13,2",26.3,supports-be-v1,
iPhone,"iPhone13,3",26.3,supports-be-v1,
iPhone,"iPhone13,2",26.3,supports-ack-v1,
iPhone,"iPhone13,3",26.3,supports-ack-v1,
iPhone,"iPhone13,2",26.3,supports-fsm-v1,
iPhone,"iPhone13,3",26.3,supports-fsm-v1,
iPhone,"iPhone13,2",26.3,supports-fsm-v2,
iPhone,"iPhone13,3",26.3,supports-fsm-v2,
iPhone,"iPhone13,2",26.3,supports-fsm-v3,
iPhone,"iPhone13,3",26.3,supports-fsm-v3,
iPhone,"iPhone13,2",26.3,supports-ii-v1,
iPhone,"iPhone13,3",26.3,supports-ii-v1,
iPhone,"iPhone13,2",26.3,supports-impact-v1,
iPhone,"iPhone13,3",26.3,supports-impact-v1,
iPhone,"iPhone13,2",26.3,supports-update-attachments-v1,
iPhone,"iPhone13,3",26.3,supports-update-attachments-v1,
iPhone,"iPhone13,2",26.3,supports-autoloopvideo-v1,
iPhone,"iPhone13,3",26.3,supports-autoloopvideo-v1,
iPhone,"iPhone13,2",26.3,supports-photos-extension-v1,
iPhone,"iPhone13,3",26.3,supports-photos-extension-v1,
iPhone,"iPhone13,2",26.3,supports-photos-extension-v2,
iPhone,"iPhone13,3",26.3,supports-photos-extension-v2,
iPhone,"iPhone13,2",26.3,supports-screen-time-v2,
iPhone,"iPhone13,3",26.3,supports-screen-time-v2,
iPhone,"iPhone13,2",26.3,supports-live-delivery,
iPhone,"iPhone13,3",26.3,supports-live-delivery,
iPhone,"iPhone13,2",26.3,supports-audio-messaging-v2,
iPhone,"iPhone13,3",26.3,supports-audio-messaging-v2,
iPhone,"iPhone13,2",26.3,supports-animoji-v2,
iPhone,"iPhone13,3",26.3,supports-animoji-v2,
iPhone,"iPhone13,2",26.3,supports-certified-delivery-v1,
iPhone,"iPhone13,3",26.3,supports-certified-delivery-v1,
iPhone,"iPhone13,2",26.3,supports-original-timestamp-v1,
iPhone,"iPhone13,3",26.3,supports-original-timestamp-v1,
iPhone,"iPhone13,2",26.3,supports-incoming-fmd-v1,
iPhone,"iPhone13,3",26.3,supports-incoming-fmd-v1,
iPhone,"iPhone13,2",26.3,optionally-receive-typing-indicators,
iPhone,"iPhone13,3",26.3,optionally-receive-typing-indicators,
iPhone,"iPhone13,2",26.3,nicknames-version,
iPhone,"iPhone13,3",26.3,nicknames-version,
iPhone,"iPhone13,2",26.3,kt-version,5.0
iPhone,"iPhone13,3",26.3,kt-version,5.0
iPhone,"iPhone13,2",26.3,device-key-signature,
iPhone,"iPhone13,3",26.3,device-key-signature,
iPhone,"iPhone13,2",26.3,ec-version,1.0
iPhone,"iPhone13,3",26.3,ec-version,1.0
iPhone,"iPhone13,2",26.3,supports-protobuf-payload-data-v2,
iPhone,"iPhone13,3",26.3,supports-protobuf-payload-data-v2,
iPhone,"iPhone13,2",26.3,supports-heif,True
iPhone,"iPhone13,3",26.3,supports-heif,True
iPhone,"iPhone13,2",26.3,supports-hdr,
iPhone,"iPhone13,3",26.3,supports-hdr,
iPhone,"iPhone13,2",26.3,prefers-sdr,
iPhone,"iPhone13,3",26.3,prefers-sdr,
iPhone,"iPhone13,2",26.3,supports-qta,
iPhone,"iPhone13,3",26.3,supports-qta,
iPhone,"iPhone13,2",26.3,supports-modern-gft,
iPhone,"iPhone13,3",26.3,supports-modern-gft,
iPhone,"iPhone13,2",26.3,supports-co,
iPhone,"iPhone13,3",26.3,supports-co,
iPhone,"iPhone13,2",26.3,is-green-tea,
iPhone,"iPhone13,3",26.3,is-green-tea,
iPhone,"iPhone13,2",26.3,supports-sa-v1,
iPhone,"iPhone13,3",26.3,supports-sa-v1,
iPhone,"iPhone13,2",26.3,supports-dq-nr,
iPhone,"iPhone13,3",26.3,supports-dq-nr,
iPhone,"iPhone13,2",26.3,supports-rem,
iPhone,"iPhone13,3",26.3,supports-rem,
iPhone,"iPhone13,2",26.3,supports-shared-exp,
iPhone,"iPhone13,3",26.3,supports-shared-exp,
iPhone,"iPhone13,2",26.3,supports-st-er,
iPhone,"iPhone13,3",26.3,supports-st-er,
iPhone,"iPhone13,2",26.3,supports-family-invite-message-bubble,
iPhone,"iPhone13,3",26.3,supports-family-invite-message-bubble,
iPhone,"iPhone13,2",26.3,supports-maps-protocol-v5,
iPhone,"iPhone13,3",26.3,supports-maps-protocol-v5,
iPhone,"iPhone13,2",26.3,supports-hi-res-vid,
iPhone,"iPhone13,3",26.3,supports-hi-res-vid,
iPhone,"iPhone13,2",26.3,supports-live-translation,
iPhone,"iPhone13,3",26.3,supports-live-translation,
iPhone,"iPhone13,2",26.3,supports-mirage,
iPhone,"iPhone13,3",26.3,supports-mirage,
iPhone,"iPhone13,2",26.3,supports-nearby-facetime,
iPhone,"iPhone13,3",26.3,supports-nearby-facetime,
iPhone,"iPhone13,2",26.3,supports-emoji-stickers,
iPhone,"iPhone13,3",26.3,supports-emoji-stickers,
iPhone,"iPhone13,2",26.3,supports-sticker-editing,
iPhone,"iPhone13,3",26.3,supports-sticker-editing,
iPhone,"iPhone13,2",26.3,supports-transcript-backgrounds,
iPhone,"iPhone13,3",26.3,supports-transcript-backgrounds,
iPhone,"iPhone13,2",26.3,supports-polls,
iPhone,"iPhone13,3",26.3,supports-polls,
iPhone,"iPhone13,2",26.3,supports-lqm-hq,
iPhone,"iPhone13,3",26.3,supports-lqm-hq,
iPhone,"iPhone13,2",26.3,supports-group-apple-cash,
iPhone,"iPhone13,3",26.3,supports-group-apple-cash,
iPhone,"iPhone13,2",26.3,supports-ckv-enforcement,
iPhone,"iPhone13,3",26.3,supports-ckv-enforcement,
iPhone,"iPhone13,2",26.3,supports-gti,
iPhone,"iPhone13,3",26.3,supports-gti,
iPhone,"iPhone13,2",26.3,supports-aot,
iPhone,"iPhone13,3",26.3,supports-aot,
iPhone,"iPhone13,2",26.3,supports-key-sharing,
iPhone,"iPhone13,3",26.3,supports-key-sharing,
iPhone,"iPhone13,2",26.3,supports-harmony,
iPhone,"iPhone13,3",26.3,supports-harmony,
iPhone,"iPhone13,2",26.3,supports-activity-sharing-v1,True
iPhone,"iPhone13,3",26.3,supports-activity-sharing-v1,True
iPhone,"iPhone13,2",26.3,supports-manatee-for-apple-cash,
iPhone,"iPhone13,3",26.3,supports-manatee-for-apple-cash,
iPhone,"iPhone13,2",26.3,supports-region-for-apple-cash,
iPhone,"iPhone13,3",26.3,supports-region-for-apple-cash,
iPhone,"iPhone13,2",26.3,supports-fmd-v2,True
iPhone,"iPhone13,3",26.3,supports-fmd-v2,True
iPhone,"iPhone13,2",26.3,supports-fm-fence-v1,True
iPhone,"iPhone13,3",26.3,supports-fm-fence-v1,True
iPhone,"iPhone13,2",26.3,supports-secure-loc-v1,
iPhone,"iPhone13,3",26.3,supports-secure-loc-v1,
iPhone,"iPhone13,2",26.3,supports-zelkova,True
iPhone,"iPhone13,3",26.3,supports-zelkova,True
iPhone,"iPhone13,2",26.3,supports-people-ranging-v1,
iPhone,"iPhone13,3",26.3,supports-people-ranging-v1,
iPhone,"iPhone13,2",26.3,supports-beacon-sharing-v3,
iPhone,"iPhone13,3",26.3,supports-beacon-sharing-v3,
iPhone,"iPhone13,2",26.3,supports-manatee-activity-sharing,
iPhone,"iPhone13,3",26.3,supports-manatee-activity-sharing,
iPhone,"iPhone13,2",26.3,supports-queue-one-read-receipts-v3,
iPhone,"iPhone13,3",26.3,supports-queue-one-read-receipts-v3,
iPhone,"iPhone13,2",26.3,supports-uwb,True
iPhone,"iPhone13,3",26.3,supports-uwb,True
iPhone,"iPhone13,2",26.3,supports-gft-errors,
iPhone,"iPhone13,3",26.3,supports-gft-errors,
iPhone,"iPhone13,2",26.3,supports-gft-calls,
iPhone,"iPhone13,3",26.3,supports-gft-calls,
iPhone,"iPhone13,2",26.3,supports-hk-resident,
iPhone,"iPhone13,3",26.3,supports-hk-resident,
iPhone,"iPhone13,2",26.3,supports-maps-routing-path-leg,
iPhone,"iPhone13,3",26.3,supports-maps-routing-path-leg,
iPhone,"iPhone13,2",26.3,supports-maps-wgs84-elevation-model,
iPhone,"iPhone13,3",26.3,supports-maps-wgs84-elevation-model,
iPhone,"iPhone13,2",26.3,supports-beacon-sharing-v2,
iPhone,"iPhone13,3",26.3,supports-beacon-sharing-v2,
iPhone,"iPhone13,2",26.3,is-web-client,
iPhone,"iPhone13,3",26.3,is-web-client,
iPhone,"iPhone13,2",26.3,supports-beneficiary-invites,
iPhone,"iPhone13,3",26.3,supports-beneficiary-invites,
iPhone,"iPhone13,2",26.3,supports-people-request-messages,
iPhone,"iPhone13,3",26.3,supports-people-request-messages,
iPhone,"iPhone13,2",26.3,supports-avless,
iPhone,"iPhone13,3",26.3,supports-avless,
iPhone,"iPhone13,2",26.3,supports-maps-waypoint-route-sharing,
iPhone,"iPhone13,3",26.3,supports-maps-waypoint-route-sharing,
iPhone,"iPhone13,2",26.3,supports-cross-platform-sharing,
iPhone,"iPhone13,3",26.3,supports-cross-platform-sharing,
iPhone,"iPhone13,2",26.3,supports-self-one-to-one-invites,
iPhone,"iPhone13,3",26.3,supports-self-one-to-one-invites,
iPhone,"iPhone13,2",26.3,supports-people-request-messages-v2,
iPhone,"iPhone13,3",26.3,supports-people-request-messages-v2,
iPhone,"iPhone13,2",26.3,supports-askto,
iPhone,"iPhone13,3",26.3,supports-askto,
iPhone,"iPhone13,2",26.3,supports-askto-v2,
iPhone,"iPhone13,3",26.3,supports-askto-v2,
iPhone,"iPhone13,2",26.3,supports-askto-responseUI,
iPhone,"iPhone13,3",26.3,supports-askto-responseUI,
iPhone,"iPhone13,2",26.3,supports-significant-app-update,
iPhone,"iPhone13,3",26.3,supports-significant-app-update,
iPhone,"iPhone13,2",26.3,supports-hybrid-groups-v1,
iPhone,"iPhone13,3",26.3,supports-hybrid-groups-v1,
iPhone,"iPhone13,2",26.3,supports-findmy-plugin-messages,
iPhone,"iPhone13,3",26.3,supports-findmy-plugin-messages,
iPhone,"iPhone13,2",26.3,supports-sos-alerting,True
iPhone,"iPhone13,3",26.3,supports-sos-alerting,True
iPhone,"iPhone13,2",26.3,supports-people-request-messages-v3,
iPhone,"iPhone13,3",26.3,supports-people-request-messages-v3,
iPhone,"iPhone13,2",26.3,supports-recurring-payment-bubbles,
iPhone,"iPhone13,3",26.3,supports-recurring-payment-bubbles,
iPhone,"iPhone13,2",26.3,supports-gft-relay,
iPhone,"iPhone13,3",26.3,supports-gft-relay,
iPhone,"iPhone13,2",26.3,supports-group-photo-refresh-version,
iPhone,"iPhone13,3",26.3,supports-group-photo-refresh-version,
iPhone,"iPhone13,2",26.3,supports-ssrc,
iPhone,"iPhone13,3",26.3,supports-ssrc,
iPhone,"iPhone13,2",26.3,supports-emoji-tapbacks,
iPhone,"iPhone13,3",26.3,supports-emoji-tapbacks,
iPhone,"iPhone13,2",26.3,supports-send-later-messages,
iPhone,"iPhone13,3",26.3,supports-send-later-messages,
iPhone,"iPhone13,2",26.3,supports-restricted-guest,
iPhone,"iPhone13,3",26.3,supports-restricted-guest,
iPhone,"iPhone13,2",26.3,supports-adaptive-temperature-automations,
iPhone,"iPhone13,3",26.3,supports-adaptive-temperature-automations,
iPhone,"iPhone13,2",26.3,supports-emoji-images,
iPhone,"iPhone13,3",26.3,supports-emoji-images,
iPhone,"iPhone13,2",26.3,supports-stick-moji-backs,
iPhone,"iPhone13,3",26.3,supports-stick-moji-backs,
iPhone,"iPhone13,2",26.3,supports-high-quality-photo-file-sizes,
iPhone,"iPhone13,3",26.3,supports-high-quality-photo-file-sizes,
iPhone,"iPhone13,2",26.3,supports-stewie,False
iPhone,"iPhone13,3",26.3,supports-stewie,False
iPhone,"iPhone13,2",26.3,sender-key-message-version,
iPhone,"iPhone13,3",26.3,sender-key-message-version,
iPhone,"iPhone13,2",26.3,supports-remote-atv-signin,
iPhone,"iPhone13,3",26.3,supports-remote-atv-signin,
iPhone,"iPhone13,2",26.3,supports-sender-key-v1,
iPhone,"iPhone13,3",26.3,supports-sender-key-v1,
iPhone,"iPhone13,2",26.3,supports-uriless-membership-updates,
iPhone,"iPhone13,3",26.3,supports-uriless-membership-updates,
iPhone,"iPhone13,2",26.3,supports-sender-key-self-check,
iPhone,"iPhone13,3",26.3,supports-sender-key-self-check,
iPhone,"iPhone13,2",26.3,supports-recovery-contact-upsell,
iPhone,"iPhone13,3",26.3,supports-recovery-contact-upsell,
iPhone,"iPhone13,2",26.3,supports-user-driven-call-activation,
iPhone,"iPhone13,3",26.3,supports-user-driven-call-activation,
iPhone,"iPhone13,2",26.3,supports-legacy-contact-invites-v1,
iPhone,"iPhone13,3",26.3,supports-legacy-contact-invites-v1,
iPhone,"iPhone13,2",26.3,supports-legacy-contact-invites-v2,
iPhone,"iPhone13,3",26.3,supports-legacy-contact-invites-v2,
iPhone,"iPhone13,2",26.3,supports-legacy-contact-invites-v3,
iPhone,"iPhone13,3",26.3,supports-legacy-contact-invites-v3,
iPhone,"iPhone13,2",26.3,supports-calls-25,
iPhone,"iPhone13,3",26.3,supports-calls-25,
iPhone,"iPhone13,2",26.3,supports-introductions-v1,
iPhone,"iPhone13,3",26.3,supports-introductions-v1,
iPhone,"iPhone13,2",26.3,supports-rbm-chatbot,
iPhone,"iPhone13,3",26.3,supports-rbm-chatbot,
iPad,iPad_Air_M2,26.3,show-peer-errors,
iPad,iPad_Air_M2,26.3,is-c2k-equipment,
iPad,iPad_Air_M2,26.3,supports-inline-attachments,
iPad,iPad_Air_M2,26.3,supports-keep-receipts,
iPad,iPad_Air_M2,26.3,supports-location-sharing,
iPad,iPad_Air_M2,26.3,supports-media-v2,
iPad,iPad_Air_M2,26.3,supports-st-v1,
iPad,iPad_Air_M2,26.3,supports-ca-v1,
iPad,iPad_Air_M2,26.3,supports-be-v1,
iPad,iPad_Air_M2,26.3,supports-ack-v1,
iPad,iPad_Air_M2,26.3,supports-fsm-v1,
iPad,iPad_Air_M2,26.3,supports-fsm-v2,
iPad,iPad_Air_M2,26.3,supports-fsm-v3,
iPad,iPad_Air_M2,26.3,supports-ii-v1,
iPad,iPad_Air_M2,26.3,supports-impact-v1,
iPad,iPad_Air_M2,26.3,supports-update-attachments-v1,
iPad,iPad_Air_M2,26.3,supports-autoloopvideo-v1,
iPad,iPad_Air_M2,26.3,supports-photos-extension-v1,
iPad,iPad_Air_M2,26.3,supports-photos-extension-v2,
iPad,iPad_Air_M2,26.3,supports-screen-time-v2,
iPad,iPad_Air_M2,26.3,supports-live-delivery,
iPad,iPad_Air_M2,26.3,supports-audio-messaging-v2,
iPad,iPad_Air_M2,26.3,supports-animoji-v2,
iPad,iPad_Air_M2,26.3,supports-certified-delivery-v1,
iPad,iPad_Air_M2,26.3,supports-original-timestamp-v1,
iPad,iPad_Air_M2,26.3,supports-incoming-fmd-v1,
iPad,iPad_Air_M2,26.3,optionally-receive-typing-indicators,
iPad,iPad_Air_M2,26.3,nicknames-version,
iPad,iPad_Air_M2,26.3,kt-version,5.0
iPad,iPad_Air_M2,26.3,device-key-signature,
iPad,iPad_Air_M2,26.3,ec-version,1.0
iPad,iPad_Air_M2,26.3,supports-protobuf-payload-data-v2,
iPad,iPad_Air_M2,26.3,supports-heif,True
iPad,iPad_Air_M2,26.3,supports-hdr,
iPad,iPad_Air_M2,26.3,prefers-sdr,
iPad,iPad_Air_M2,26.3,supports-qta,
iPad,iPad_Air_M2,26.3,supports-modern-gft,
iPad,iPad_Air_M2,26.3,supports-co,
iPad,iPad_Air_M2,26.3,is-green-tea,
iPad,iPad_Air_M2,26.3,supports-sa-v1,
iPad,iPad_Air_M2,26.3,supports-dq-nr,
iPad,iPad_Air_M2,26.3,supports-rem,
iPad,iPad_Air_M2,26.3,supports-shared-exp,
iPad,iPad_Air_M2,26.3,supports-st-er,
iPad,iPad_Air_M2,26.3,supports-family-invite-message-bubble,
iPad,iPad_Air_M2,26.3,supports-maps-protocol-v5,
iPad,iPad_Air_M2,26.3,supports-hi-res-vid,
iPad,iPad_Air_M2,26.3,supports-live-translation,
iPad,iPad_Air_M2,26.3,supports-mirage,
iPad,iPad_Air_M2,26.3,supports-nearby-facetime,
iPad,iPad_Air_M2,26.3,supports-emoji-stickers,
iPad,iPad_Air_M2,26.3,supports-sticker-editing,
iPad,iPad_Air_M2,26.3,supports-transcript-backgrounds,
iPad,iPad_Air_M2,26.3,supports-polls,
iPad,iPad_Air_M2,26.3,supports-lqm-hq,
iPad,iPad_Air_M2,26.3,supports-group-apple-cash,
iPad,iPad_Air_M2,26.3,supports-ckv-enforcement,
iPad,iPad_Air_M2,26.3,supports-gti,
iPad,iPad_Air_M2,26.3,supports-aot,
iPad,iPad_Air_M2,26.3,supports-key-sharing,
iPad,iPad_Air_M2,26.3,supports-harmony,
iPad,iPad_Air_M2,26.3,supports-activity-sharing-v1,
iPad,iPad_Air_M2,26.3,supports-manatee-for-apple-cash,
iPad,iPad_Air_M2,26.3,supports-region-for-apple-cash,
iPad,iPad_Air_M2,26.3,supports-fmd-v2,True
iPad,iPad_Air_M2,26.3,supports-fm-fence-v1,True
iPad,iPad_Air_M2,26.3,supports-secure-loc-v1,
iPad,iPad_Air_M2,26.3,supports-zelkova,True
iPad,iPad_Air_M2,26.3,supports-people-ranging-v1,
iPad,iPad_Air_M2,26.3,supports-beacon-sharing-v3,
iPad,iPad_Air_M2,26.3,supports-manatee-activity-sharing,
iPad,iPad_Air_M2,26.3,supports-queue-one-read-receipts-v3,
iPad,iPad_Air_M2,26.3,supports-uwb,False
iPad,iPad_Air_M2,26.3,supports-gft-errors,
iPad,iPad_Air_M2,26.3,supports-gft-calls,
iPad,iPad_Air_M2,26.3,supports-hk-resident,
iPad,iPad_Air_M2,26.3,supports-maps-routing-path-leg,
iPad,iPad_Air_M2,26.3,supports-maps-wgs84-elevation-model,
iPad,iPad_Air_M2,26.3,supports-beacon-sharing-v2,
iPad,iPad_Air_M2,26.3,is-web-client,
iPad,iPad_Air_M2,26.3,supports-beneficiary-invites,
iPad,iPad_Air_M2,26.3,supports-people-request-messages,
iPad,iPad_Air_M2,26.3,supports-avless,
iPad,iPad_Air_M2,26.3,supports-maps-waypoint-route-sharing,
iPad,iPad_Air_M2,26.3,supports-cross-platform-sharing,
iPad,iPad_Air_M2,26.3,supports-self-one-to-one-invites,
iPad,iPad_Air_M2,26.3,supports-people-request-messages-v2,
iPad,iPad_Air_M2,26.3,supports-askto,
iPad,iPad_Air_M2,26.3,supports-askto-v2,
iPad,iPad_Air_M2,26.3,supports-askto-responseUI,
iPad,iPad_Air_M2,26.3,supports-significant-app-update,
iPad,iPad_Air_M2,26.3,supports-hybrid-groups-v1,
iPad,iPad_Air_M2,26.3,supports-findmy-plugin-messages,
iPad,iPad_Air_M2,26.3,supports-sos-alerting,
iPad,iPad_Air_M2,26.3,supports-people-request-messages-v3,
iPad,iPad_Air_M2,26.3,supports-recurring-payment-bubbles,
iPad,iPad_Air_M2,26.3,supports-gft-relay,
iPad,iPad_Air_M2,26.3,supports-group-photo-refresh-version,
iPad,iPad_Air_M2,26.3,supports-ssrc,
iPad,iPad_Air_M2,26.3,supports-emoji-tapbacks,
iPad,iPad_Air_M2,26.3,supports-send-later-messages,
iPad,iPad_Air_M2,26.3,supports-restricted-guest,
iPad,iPad_Air_M2,26.3,supports-adaptive-temperature-automations,
iPad,iPad_Air_M2,26.3,supports-emoji-images,
iPad,iPad_Air_M2,26.3,supports-stick-moji-backs,
iPad,iPad_Air_M2,26.3,supports-high-quality-photo-file-sizes,
iPad,iPad_Air_M2,26.3,supports-stewie,False
iPad,iPad_Air_M2,26.3,sender-key-message-version,
iPad,iPad_Air_M2,26.3,supports-remote-atv-signin,
iPad,iPad_Air_M2,26.3,supports-sender-key-v1,
iPad,iPad_Air_M2,26.3,supports-uriless-membership-updates,
iPad,iPad_Air_M2,26.3,supports-sender-key-self-check,
iPad,iPad_Air_M2,26.3,supports-recovery-contact-upsell,
iPad,iPad_Air_M2,26.3,supports-user-driven-call-activation,
iPad,iPad_Air_M2,26.3,supports-legacy-contact-invites-v1,
iPad,iPad_Air_M2,26.3,supports-legacy-contact-invites-v2,
iPad,iPad_Air_M2,26.3,supports-legacy-contact-invites-v3,
iPad,iPad_Air_M2,26.3,supports-calls-25,
iPad,iPad_Air_M2,26.3,supports-introductions-v1,
iPad,iPad_Air_M2,26.3,supports-rbm-chatbot,
iPhone,"iPhone14,4",16.5,show-peer-errors,
iPhone,"iPhone14,4",16.5,is-c2k-equipment,
iPhone,"iPhone14,4",16.5,supports-inline-attachments,
iPhone,"iPhone14,4",16.5,supports-keep-receipts,
iPhone,"iPhone14,4",16.5,supports-location-sharing,
iPhone,"iPhone14,4",16.5,supports-media-v2,
iPhone,"iPhone14,4",16.5,supports-st-v1,
iPhone,"iPhone14,4",16.5,supports-ca-v1,
iPhone,"iPhone14,4",16.5,supports-be-v1,
iPhone,"iPhone14,4",16.5,supports-ack-v1,
iPhone,"iPhone14,4",16.5,supports-fsm-v1,
iPhone,"iPhone14,4",16.5,supports-fsm-v2,
iPhone,"iPhone14,4",16.5,supports-fsm-v3,
iPhone,"iPhone14,4",16.5,supports-ii-v1,
iPhone,"iPhone14,4",16.5,supports-impact-v1,
iPhone,"iPhone14,4",16.5,supports-update-attachments-v1,
iPhone,"iPhone14,4",16.5,supports-autoloopvideo-v1,
iPhone,"iPhone14,4",16.5,supports-photos-extension-v1,
iPhone,"iPhone14,4",16.5,supports-photos-extension-v2,
iPhone,"iPhone14,4",16.5,supports-screen-time-v2,
iPhone,"iPhone14,4",16.5,supports-live-delivery,
iPhone,"iPhone14,4",16.5,supports-audio-messaging-v2,
iPhone,"iPhone14,4",16.5,supports-animoji-v2,
iPhone,"iPhone14,4",16.5,supports-certified-delivery-v1,
iPhone,"iPhone14,4",16.5,supports-original-timestamp-v1,
iPhone,"iPhone14,4",16.5,supports-incoming-fmd-v1,
iPhone,"iPhone14,4",16.5,optionally-receive-typing-indicators,
iPhone,"iPhone14,4",16.5,nicknames-version,
iPhone,"iPhone14,4",16.5,kt-version,5.0
iPhone,"iPhone14,4",16.5,device-key-signature,
iPhone,"iPhone14,4",16.5,ec-version,1.0
iPhone,"iPhone14,4",16.5,supports-protobuf-payload-data-v2,
iPhone,"iPhone14,4",16.5,supports-heif,True
iPhone,"iPhone14,4",16.5,supports-hdr,
iPhone,"iPhone14,4",16.5,prefers-sdr,
iPhone,"iPhone14,4",16.5,supports-modern-gft,
iPhone,"iPhone14,4",16.5,supports-co,
iPhone,"iPhone14,4",16.5,is-green-tea,
iPhone,"iPhone14,4",16.5,supports-sa-v1,
iPhone,"iPhone14,4",16.5,supports-dq-nr,
iPhone,"iPhone14,4",16.5,supports-rem,
iPhone,"iPhone14,4",16.5,supports-shared-exp,
iPhone,"iPhone14,4",16.5,supports-st-er,
iPhone,"iPhone14,4",16.5,supports-family-invite-message-bubble,
iPhone,"iPhone14,4",16.5,supports-maps-protocol-v5,
iPhone,"iPhone14,4",16.5,supports-mirage,
iPhone,"iPhone14,4",16.5,supports-key-sharing,
iPhone,"iPhone14,4",16.5,supports-harmony,
iPhone,"iPhone14,4",16.5,supports-activity-sharing-v1,True
iPhone,"iPhone14,4",16.5,supports-manatee-for-apple-cash,
iPhone,"iPhone14,4",16.5,supports-region-for-apple-cash,
iPhone,"iPhone14,4",16.5,supports-fmd-v2,
iPhone,"iPhone14,4",16.5,supports-fm-fence-v1,True
iPhone,"iPhone14,4",16.5,supports-secure-loc-v1,
iPhone,"iPhone14,4",16.5,supports-uwb,True
iPhone,"iPhone14,4",16.5,supports-gft-errors,
iPhone,"iPhone14,4",16.5,supports-gft-calls,
iPhone,"iPhone14,4",16.5,supports-hk-resident,
iPhone,"iPhone14,4",16.5,supports-maps-routing-path-leg,
iPhone,"iPhone14,4",16.5,supports-beacon-sharing-v2,
iPhone,"iPhone14,4",16.5,is-web-client,
iPhone,"iPhone14,4",16.5,supports-beneficiary-invites,
iPhone,"iPhone14,4",16.5,supports-people-request-messages,
iPhone,"iPhone14,4",16.5,supports-avless,
iPhone,"iPhone14,4",16.5,supports-maps-waypoint-route-sharing,
iPhone,"iPhone14,4",16.5,supports-cross-platform-sharing,
iPhone,"iPhone14,4",16.5,supports-self-one-to-one-invites,
iPhone,"iPhone14,4",16.5,supports-people-request-messages-v2,
iPhone,"iPhone14,4",16.5,supports-people-request-messages-v3,
VisionPro,Apple_Vision_Pro,26.0,show-peer-errors,
VisionPro,Apple_Vision_Pro,26.0,is-c2k-equipment,
VisionPro,Apple_Vision_Pro,26.0,supports-inline-attachments,
VisionPro,Apple_Vision_Pro,26.0,supports-keep-receipts,
VisionPro,Apple_Vision_Pro,26.0,supports-location-sharing,
VisionPro,Apple_Vision_Pro,26.0,supports-media-v2,
VisionPro,Apple_Vision_Pro,26.0,supports-st-v1,
VisionPro,Apple_Vision_Pro,26.0,supports-ca-v1,
VisionPro,Apple_Vision_Pro,26.0,supports-be-v1,
VisionPro,Apple_Vision_Pro,26.0,supports-ack-v1,
VisionPro,Apple_Vision_Pro,26.0,supports-fsm-v1,
VisionPro,Apple_Vision_Pro,26.0,supports-fsm-v2,
VisionPro,Apple_Vision_Pro,26.0,supports-fsm-v3,
VisionPro,Apple_Vision_Pro,26.0,supports-ii-v1,
VisionPro,Apple_Vision_Pro,26.0,supports-impact-v1,
VisionPro,Apple_Vision_Pro,26.0,supports-update-attachments-v1,
VisionPro,Apple_Vision_Pro,26.0,supports-autoloopvideo-v1,
VisionPro,Apple_Vision_Pro,26.0,supports-photos-extension-v1,
VisionPro,Apple_Vision_Pro,26.0,supports-photos-extension-v2,
VisionPro,Apple_Vision_Pro,26.0,supports-screen-time-v2,
VisionPro,Apple_Vision_Pro,26.0,supports-live-delivery,
VisionPro,Apple_Vision_Pro,26.0,supports-audio-messaging-v2,
VisionPro,Apple_Vision_Pro,26.0,supports-animoji-v2,
VisionPro,Apple_Vision_Pro,26.0,supports-certified-delivery-v1,
VisionPro,Apple_Vision_Pro,26.0,supports-original-timestamp-v1,
VisionPro,Apple_Vision_Pro,26.0,supports-incoming-fmd-v1,
VisionPro,Apple_Vision_Pro,26.0,optionally-receive-typing-indicators,
VisionPro,Apple_Vision_Pro,26.0,nicknames-version,
VisionPro,Apple_Vision_Pro,26.0,kt-version,5.0
VisionPro,Apple_Vision_Pro,26.0,device-key-signature,
VisionPro,Apple_Vision_Pro,26.0,ec-version,1.0
VisionPro,Apple_Vision_Pro,26.0,supports-protobuf-payload-data-v2,
VisionPro,Apple_Vision_Pro,26.0,supports-heif,True
VisionPro,Apple_Vision_Pro,26.0,supports-hdr,
VisionPro,Apple_Vision_Pro,26.0,prefers-sdr,
VisionPro,Apple_Vision_Pro,26.0,supports-qta,
VisionPro,Apple_Vision_Pro,26.0,supports-modern-gft,
VisionPro,Apple_Vision_Pro,26.0,supports-co,
VisionPro,Apple_Vision_Pro,26.0,is-green-tea,
VisionPro,Apple_Vision_Pro,26.0,supports-sa-v1,
VisionPro,Apple_Vision_Pro,26.0,supports-dq-nr,
VisionPro,Apple_Vision_Pro,26.0,supports-rem,
VisionPro,Apple_Vision_Pro,26.0,supports-shared-exp,
VisionPro,Apple_Vision_Pro,26.0,supports-st-er,
VisionPro,Apple_Vision_Pro,26.0,supports-family-invite-message-bubble,
VisionPro,Apple_Vision_Pro,26.0,supports-maps-protocol-v5,
VisionPro,Apple_Vision_Pro,26.0,supports-hi-res-vid,
VisionPro,Apple_Vision_Pro,26.0,supports-live-translation,
VisionPro,Apple_Vision_Pro,26.0,supports-mirage,
VisionPro,Apple_Vision_Pro,26.0,supports-nearby-facetime,
VisionPro,Apple_Vision_Pro,26.0,supports-emoji-stickers,
VisionPro,Apple_Vision_Pro,26.0,supports-sticker-editing,
VisionPro,Apple_Vision_Pro,26.0,supports-transcript-backgrounds,
VisionPro,Apple_Vision_Pro,26.0,supports-polls,
VisionPro,Apple_Vision_Pro,26.0,supports-lqm-hq,
VisionPro,Apple_Vision_Pro,26.0,supports-group-apple-cash,
VisionPro,Apple_Vision_Pro,26.0,supports-ckv-enforcement,
VisionPro,Apple_Vision_Pro,26.0,supports-gti,
VisionPro,Apple_Vision_Pro,26.0,supports-key-sharing,
VisionPro,Apple_Vision_Pro,26.0,supports-harmony,
VisionPro,Apple_Vision_Pro,26.0,supports-activity-sharing-v1,
VisionPro,Apple_Vision_Pro,26.0,supports-manatee-for-apple-cash,
VisionPro,Apple_Vision_Pro,26.0,supports-region-for-apple-cash,
VisionPro,Apple_Vision_Pro,26.0,supports-fmd-v2,True
VisionPro,Apple_Vision_Pro,26.0,supports-fm-fence-v1,
VisionPro,Apple_Vision_Pro,26.0,supports-secure-loc-v1,
VisionPro,Apple_Vision_Pro,26.0,supports-zelkova,False
VisionPro,Apple_Vision_Pro,26.0,supports-people-ranging-v1,
VisionPro,Apple_Vision_Pro,26.0,supports-beacon-sharing-v3,
VisionPro,Apple_Vision_Pro,26.0,supports-manatee-activity-sharing,
VisionPro,Apple_Vision_Pro,26.0,supports-queue-one-read-receipts,
VisionPro,Apple_Vision_Pro,26.0,supports-uwb,False
VisionPro,Apple_Vision_Pro,26.0,supports-gft-errors,
VisionPro,Apple_Vision_Pro,26.0,supports-gft-calls,
VisionPro,Apple_Vision_Pro,26.0,supports-hk-resident,
VisionPro,Apple_Vision_Pro,26.0,supports-maps-routing-path-leg,
VisionPro,Apple_Vision_Pro,26.0,supports-maps-wgs84-elevation-model,
VisionPro,Apple_Vision_Pro,26.0,supports-beacon-sharing-v2,
VisionPro,Apple_Vision_Pro,26.0,is-web-client,
VisionPro,Apple_Vision_Pro,26.0,supports-beneficiary-invites,
VisionPro,Apple_Vision_Pro,26.0,supports-people-request-messages,
VisionPro,Apple_Vision_Pro,26.0,supports-avless,
VisionPro,Apple_Vision_Pro,26.0,supports-maps-waypoint-route-sharing,
VisionPro,Apple_Vision_Pro,26.0,supports-cross-platform-sharing,
VisionPro,Apple_Vision_Pro,26.0,supports-self-one-to-one-invites,
VisionPro,Apple_Vision_Pro,26.0,supports-people-request-messages-v2,
VisionPro,Apple_Vision_Pro,26.0,supports-askto,
VisionPro,Apple_Vision_Pro,26.0,supports-askto-v2,
VisionPro,Apple_Vision_Pro,26.0,supports-hybrid-groups-v1,
VisionPro,Apple_Vision_Pro,26.0,supports-findmy-plugin-messages,
VisionPro,Apple_Vision_Pro,26.0,supports-sos-alerting,
VisionPro,Apple_Vision_Pro,26.0,supports-people-request-messages-v3,
VisionPro,Apple_Vision_Pro,26.0,supports-recurring-payment-bubbles,
VisionPro,Apple_Vision_Pro,26.0,supports-gft-relay,
VisionPro,Apple_Vision_Pro,26.0,supports-group-photo-refresh-version,
VisionPro,Apple_Vision_Pro,26.0,supports-ssrc,
VisionPro,Apple_Vision_Pro,26.0,supports-emoji-tapbacks,
VisionPro,Apple_Vision_Pro,26.0,supports-send-later-messages,
VisionPro,Apple_Vision_Pro,26.0,supports-restricted-guest,
VisionPro,Apple_Vision_Pro,26.0,supports-adaptive-temperature-automations,
VisionPro,Apple_Vision_Pro,26.0,supports-emoji-images,
VisionPro,Apple_Vision_Pro,26.0,supports-stick-moji-backs,
VisionPro,Apple_Vision_Pro,26.0,supports-high-quality-photo-file-sizes,
VisionPro,Apple_Vision_Pro,26.0,supports-stewie,False
VisionPro,Apple_Vision_Pro,26.0,sender-key-message-version,
VisionPro,Apple_Vision_Pro,26.0,supports-remote-atv-signin,
VisionPro,Apple_Vision_Pro,26.0,supports-sender-key-v1,
VisionPro,Apple_Vision_Pro,26.0,supports-uriless-membership-updates,
VisionPro,Apple_Vision_Pro,26.0,supports-sender-key-self-check,
VisionPro,Apple_Vision_Pro,26.0,supports-recovery-contact-upsell,
VisionPro,Apple_Vision_Pro,26.0,supports-user-driven-call-activation,
VisionPro,Apple_Vision_Pro,26.0,supports-legacy-contact-invites-v1,
VisionPro,Apple_Vision_Pro,26.0,supports-legacy-contact-invites-v2,
VisionPro,Apple_Vision_Pro,26.0,supports-legacy-contact-invites-v3,
VisionPro,Apple_Vision_Pro,26.0,supports-calls-25,
VisionPro,Apple_Vision_Pro,26.0,supports-introductions-v1,
VisionPro,Apple_Vision_Pro,26.0,supports-rbm-chatbot,
iPhone,"iPhone14,4",15.7,show-peer-errors,
iPhone,"iPhone14,4",15.7,is-c2k-equipment,
iPhone,"iPhone14,4",15.7,supports-inline-attachments,
iPhone,"iPhone14,4",15.7,supports-keep-receipts,
iPhone,"iPhone14,4",15.7,supports-location-sharing,
iPhone,"iPhone14,4",15.7,supports-media-v2,
iPhone,"iPhone14,4",15.7,supports-st-v1,
iPhone,"iPhone14,4",15.7,supports-ca-v1,
iPhone,"iPhone14,4",15.7,supports-be-v1,
iPhone,"iPhone14,4",15.7,supports-ack-v1,
iPhone,"iPhone14,4",15.7,supports-fsm-v1,
iPhone,"iPhone14,4",15.7,supports-fsm-v2,
iPhone,"iPhone14,4",15.7,supports-fsm-v3,
iPhone,"iPhone14,4",15.7,supports-ii-v1,
iPhone,"iPhone14,4",15.7,supports-impact-v1,
iPhone,"iPhone14,4",15.7,supports-update-attachments-v1,
iPhone,"iPhone14,4",15.7,supports-autoloopvideo-v1,
iPhone,"iPhone14,4",15.7,supports-photos-extension-v1,
iPhone,"iPhone14,4",15.7,supports-photos-extension-v2,
iPhone,"iPhone14,4",15.7,supports-screen-time-v2,
iPhone,"iPhone14,4",15.7,supports-live-delivery,
iPhone,"iPhone14,4",15.7,supports-audio-messaging-v2,
iPhone,"iPhone14,4",15.7,supports-animoji-v2,
iPhone,"iPhone14,4",15.7,supports-certified-delivery-v1,
iPhone,"iPhone14,4",15.7,supports-original-timestamp-v1,
iPhone,"iPhone14,4",15.7,supports-incoming-fmd-v1,
iPhone,"iPhone14,4",15.7,optionally-receive-typing-indicators,
iPhone,"iPhone14,4",15.7,nicknames-version,
iPhone,"iPhone14,4",15.7,kt-version,4.0
iPhone,"iPhone14,4",15.7,device-key-signature,
iPhone,"iPhone14,4",15.7,ec-version,1.0
iPhone,"iPhone14,4",15.7,supports-protobuf-payload-data-v2,
iPhone,"iPhone14,4",15.7,supports-heif,True
iPhone,"iPhone14,4",15.7,supports-hdr,
iPhone,"iPhone14,4",15.7,prefers-sdr,
iPhone,"iPhone14,4",15.7,supports-modern-gft,
iPhone,"iPhone14,4",15.7,supports-co,
iPhone,"iPhone14,4",15.7,is-green-tea,
iPhone,"iPhone14,4",15.7,supports-sa-v1,
iPhone,"iPhone14,4",15.7,supports-dq-nr,
iPhone,"iPhone14,4",15.7,supports-st-er,
iPhone,"iPhone14,4",15.7,supports-key-sharing,
iPhone,"iPhone14,4",15.7,supports-harmony,
iPhone,"iPhone14,4",15.7,supports-activity-sharing-v1,True
iPhone,"iPhone14,4",15.7,supports-manatee-for-apple-cash,
iPhone,"iPhone14,4",15.7,supports-region-for-apple-cash,
iPhone,"iPhone14,4",15.7,supports-fmd-v2,
iPhone,"iPhone14,4",15.7,supports-fm-fence-v1,True
iPhone,"iPhone14,4",15.7,supports-secure-loc-v1,
iPhone,"iPhone14,4",15.7,supports-uwb,True
iPhone,"iPhone14,4",15.7,supports-gft-errors,
iPhone,"iPhone14,4",15.7,supports-gft-calls,
iPhone,"iPhone14,4",15.7,supports-hk-resident,
iPhone,"iPhone14,4",15.7,supports-maps-routing-path-leg,
iPhone,"iPhone14,4",15.7,supports-beacon-sharing-v2,
iPhone,"iPhone14,4",15.7,is-web-client,
iPhone,"iPhone14,4",15.7,supports-beneficiary-invites,
iPhone,"iPhone14,7",18.0,show-peer-errors,
iPhone,"iPhone14,7",18.0,is-c2k-equipment,
iPhone,"iPhone14,7",18.0,supports-inline-attachments,
iPhone,"iPhone14,7",18.0,supports-keep-receipts,
iPhone,"iPhone14,7",18.0,supports-location-sharing,
iPhone,"iPhone14,7",18.0,supports-media-v2,
iPhone,"iPhone14,7",18.0,supports-st-v1,
iPhone,"iPhone14,7",18.0,supports-ca-v1,
iPhone,"iPhone14,7",18.0,supports-be-v1,
iPhone,"iPhone14,7",18.0,supports-ack-v1,
iPhone,"iPhone14,7",18.0,supports-fsm-v1,
iPhone,"iPhone14,7",18.0,supports-fsm-v2,
iPhone,"iPhone14,7",18.0,supports-fsm-v3,
iPhone,"iPhone14,7",18.0,supports-ii-v1,
iPhone,"iPhone14,7",18.0,supports-impact-v1,
iPhone,"iPhone14,7",18.0,supports-update-attachments-v1,
iPhone,"iPhone14,7",18.0,supports-autoloopvideo-v1,
iPhone,"iPhone14,7",18.0,supports-photos-extension-v1,
iPhone,"iPhone14,7",18.0,supports-photos-extension-v2,
iPhone,"iPhone14,7",18.0,supports-screen-time-v2,
iPhone,"iPhone14,7",18.0,supports-live-delivery,
iPhone,"iPhone14,7",18.0,supports-audio-messaging-v2,
iPhone,"iPhone14,7",18.0,supports-animoji-v2,
iPhone,"iPhone14,7",18.0,supports-certified-delivery-v1,
iPhone,"iPhone14,7",18.0,supports-original-timestamp-v1,
iPhone,"iPhone14,7",18.0,supports-incoming-fmd-v1,
iPhone,"iPhone14,7",18.0,optionally-receive-typing-indicators,
iPhone,"iPhone14,7",18.0,nicknames-version,
iPhone,"iPhone14,7",18.0,kt-version,5.0
iPhone,"iPhone14,7",18.0,device-key-signature,
iPhone,"iPhone14,7",18.0,ec-version,1.0
iPhone,"iPhone14,7",18.0,supports-protobuf-payload-data-v2,
iPhone,"iPhone14,7",18.0,supports-heif,True
iPhone,"iPhone14,7",18.0,supports-hdr,
iPhone,"iPhone14,7",18.0,prefers-sdr,
iPhone,"iPhone14,7",18.0,supports-modern-gft,
iPhone,"iPhone14,7",18.0,supports-co,
iPhone,"iPhone14,7",18.0,is-green-tea,
iPhone,"iPhone14,7",18.0,supports-sa-v1,
iPhone,"iPhone14,7",18.0,supports-dq-nr,
iPhone,"iPhone14,7",18.0,supports-rem,
iPhone,"iPhone14,7",18.0,supports-shared-exp,
iPhone,"iPhone14,7",18.0,supports-st-er,
iPhone,"iPhone14,7",18.0,supports-family-invite-message-bubble,
iPhone,"iPhone14,7",18.0,supports-maps-protocol-v5,
iPhone,"iPhone14,7",18.0,supports-hi-res-vid,
iPhone,"iPhone14,7",18.0,supports-mirage,
iPhone,"iPhone14,7",18.0,supports-emoji-stickers,
iPhone,"iPhone14,7",18.0,supports-sticker-editing,
iPhone,"iPhone14,7",18.0,supports-key-sharing,
iPhone,"iPhone14,7",18.0,supports-harmony,
iPhone,"iPhone14,7",18.0,supports-activity-sharing-v1,True
iPhone,"iPhone14,7",18.0,supports-manatee-for-apple-cash,
iPhone,"iPhone14,7",18.0,supports-region-for-apple-cash,
iPhone,"iPhone14,7",18.0,supports-fmd-v2,
iPhone,"iPhone14,7",18.0,supports-fm-fence-v1,True
iPhone,"iPhone14,7",18.0,supports-secure-loc-v1,
iPhone,"iPhone14,7",18.0,supports-zelkova,True
iPhone,"iPhone14,7",18.0,supports-people-ranging-v1,
iPhone,"iPhone14,7",18.0,supports-beacon-sharing-v3,
iPhone,"iPhone14,7",18.0,supports-manatee-activity-sharing,
iPhone,"iPhone14,7",18.0,supports-uwb,True
iPhone,"iPhone14,7",18.0,supports-gft-errors,
iPhone,"iPhone14,7",18.0,supports-gft-calls,
iPhone,"iPhone14,7",18.0,supports-hk-resident,
iPhone,"iPhone14,7",18.0,supports-maps-routing-path-leg,
iPhone,"iPhone14,7",18.0,supports-beacon-sharing-v2,
iPhone,"iPhone14,7",18.0,is-web-client,
iPhone,"iPhone14,7",18.0,supports-beneficiary-invites,
iPhone,"iPhone14,7",18.0,supports-people-request-messages,
iPhone,"iPhone14,7",18.0,supports-avless,
iPhone,"iPhone14,7",18.0,supports-maps-waypoint-route-sharing,
iPhone,"iPhone14,7",18.0,supports-cross-platform-sharing,
iPhone,"iPhone14,7",18.0,supports-self-one-to-one-invites,
iPhone,"iPhone14,7",18.0,supports-people-request-messages-v2,
iPhone,"iPhone14,7",18.0,supports-askto,
iPhone,"iPhone14,7",18.0,supports-hybrid-groups-v1,
iPhone,"iPhone14,7",18.0,supports-findmy-plugin-messages,
iPhone,"iPhone14,7",18.0,supports-sos-alerting,True
iPhone,"iPhone14,7",18.0,supports-people-request-messages-v3,
iPhone,"iPhone14,7",18.0,supports-recurring-payment-bubbles,
iPhone,"iPhone14,7",18.0,supports-gft-relay,
iPhone,"iPhone14,7",18.0,supports-group-photo-refresh-version,
iPhone,"iPhone14,7",18.0,supports-ssrc,
iPhone,"iPhone14,7",18.0,supports-emoji-tapbacks,
iPhone,"iPhone14,7",18.0,supports-send-later-messages,
iPhone,"iPhone14,7",18.0,supports-restricted-guest,
iPhone,"iPhone14,7",18.0,supports-emoji-images,
iPhone,"iPhone14,7",18.0,supports-stick-moji-backs,
iPhone,"iPhone14,7",18.0,supports-high-quality-photo-file-sizes,
iPhone,"iPhone14,7",18.0,supports-stewie,True
iPhone,"iPhone14,7",18.0,sender-key-message-version,
iPhone,"iPhone14,7",18.0,supports-remote-atv-signin,
iPhone,"iPhone14,7",18.0,supports-sender-key-v1,
Mac,UniversalMac,26.0,show-peer-errors,
Mac,UniversalMac,26.0,is-c2k-equipment,False
Mac,UniversalMac,26.0,supports-inline-attachments,
Mac,UniversalMac,26.0,supports-keep-receipts,
Mac,UniversalMac,26.0,supports-location-sharing,
Mac,UniversalMac,26.0,supports-media-v2,
Mac,UniversalMac,26.0,supports-st-v1,
Mac,UniversalMac,26.0,supports-ca-v1,
Mac,UniversalMac,26.0,supports-be-v1,
Mac,UniversalMac,26.0,supports-ack-v1,
Mac,UniversalMac,26.0,supports-fsm-v1,
Mac,UniversalMac,26.0,supports-fsm-v2,
Mac,UniversalMac,26.0,supports-fsm-v3,
Mac,UniversalMac,26.0,supports-ii-v1,
Mac,UniversalMac,26.0,supports-impact-v1,
Mac,UniversalMac,26.0,supports-update-attachments-v1,
Mac,UniversalMac,26.0,supports-autoloopvideo-v1,
Mac,UniversalMac,26.0,supports-photos-extension-v1,
Mac,UniversalMac,26.0,supports-photos-extension-v2,
Mac,UniversalMac,26.0,supports-screen-time-v2,
Mac,UniversalMac,26.0,supports-live-delivery,
Mac,UniversalMac,26.0,supports-audio-messaging-v2,
Mac,UniversalMac,26.0,supports-animoji-v2,True
Mac,UniversalMac,26.0,supports-certified-delivery-v1,
Mac,UniversalMac,26.0,supports-original-timestamp-v1,
Mac,UniversalMac,26.0,supports-incoming-fmd-v1,
Mac,UniversalMac,26.0,optionally-receive-typing-indicators,
Mac,UniversalMac,26.0,nicknames-version,
Mac,UniversalMac,26.0,kt-version,5.0
Mac,UniversalMac,26.0,device-key-signature,
Mac,UniversalMac,26.0,ec-version,1.0
Mac,UniversalMac,26.0,supports-protobuf-payload-data-v2,
Mac,UniversalMac,26.0,supports-heif,True
Mac,UniversalMac,26.0,supports-hdr,True
Mac,UniversalMac,26.0,prefers-sdr,
Mac,UniversalMac,26.0,supports-qta,
Mac,UniversalMac,26.0,supports-modern-gft,
Mac,UniversalMac,26.0,supports-co,
Mac,UniversalMac,26.0,is-green-tea,
Mac,UniversalMac,26.0,supports-sa-v1,
Mac,UniversalMac,26.0,supports-dq-nr,
Mac,UniversalMac,26.0,supports-rem,
Mac,UniversalMac,26.0,supports-shared-exp,
Mac,UniversalMac,26.0,supports-st-er,
Mac,UniversalMac,26.0,supports-family-invite-message-bubble,
Mac,UniversalMac,26.0,supports-maps-protocol-v5,
Mac,UniversalMac,26.0,supports-hi-res-vid,
Mac,UniversalMac,26.0,supports-live-translation,
Mac,UniversalMac,26.0,supports-mirage,
Mac,UniversalMac,26.0,supports-nearby-facetime,
Mac,UniversalMac,26.0,supports-emoji-stickers,
Mac,UniversalMac,26.0,supports-sticker-editing,
Mac,UniversalMac,26.0,supports-transcript-backgrounds,
Mac,UniversalMac,26.0,supports-polls,
Mac,UniversalMac,26.0,supports-lqm-hq,
Mac,UniversalMac,26.0,supports-group-apple-cash,
Mac,UniversalMac,26.0,supports-ckv-enforcement,
Mac,UniversalMac,26.0,supports-gti,
Mac,UniversalMac,26.0,supports-aot,
Mac,UniversalMac,26.0,supports-key-sharing,
Mac,UniversalMac,26.0,supports-harmony,False
Mac,UniversalMac,26.0,supports-fmd-v2,True
Mac,UniversalMac,26.0,supports-fm-fence-v1,
Mac,UniversalMac,26.0,supports-secure-loc-v1,
Mac,UniversalMac,26.0,supports-zelkova,True
Mac,UniversalMac,26.0,supports-people-ranging-v1,
Mac,UniversalMac,26.0,supports-beacon-sharing-v3,
Mac,UniversalMac,26.0,supports-manatee-activity-sharing,
Mac,UniversalMac,26.0,supports-queue-one-read-receipts,
Mac,UniversalMac,26.0,supports-uwb,False
Mac,UniversalMac,26.0,supports-gft-errors,
Mac,UniversalMac,26.0,supports-gft-calls,
Mac,UniversalMac,26.0,supports-hk-resident,
Mac,UniversalMac,26.0,supports-maps-routing-path-leg,
Mac,UniversalMac,26.0,supports-maps-wgs84-elevation-model,
Mac,UniversalMac,26.0,supports-beacon-sharing-v2,
Mac,UniversalMac,26.0,is-web-client,
Mac,UniversalMac,26.0,supports-beneficiary-invites,
Mac,UniversalMac,26.0,supports-people-request-messages,
Mac,UniversalMac,26.0,supports-avless,
Mac,UniversalMac,26.0,supports-maps-waypoint-route-sharing,
Mac,UniversalMac,26.0,supports-cross-platform-sharing,
Mac,UniversalMac,26.0,supports-self-one-to-one-invites,
Mac,UniversalMac,26.0,supports-people-request-messages-v2,
Mac,UniversalMac,26.0,supports-askto,
Mac,UniversalMac,26.0,supports-askto-v2,
Mac,UniversalMac,26.0,supports-hybrid-groups-v1,
Mac,UniversalMac,26.0,supports-findmy-plugin-messages,
Mac,UniversalMac,26.0,supports-sos-alerting,
Mac,UniversalMac,26.0,supports-people-request-messages-v3,
Mac,UniversalMac,26.0,supports-recurring-payment-bubbles,
Mac,UniversalMac,26.0,supports-gft-relay,
Mac,UniversalMac,26.0,supports-group-photo-refresh-version,
Mac,UniversalMac,26.0,supports-ssrc,
Mac,UniversalMac,26.0,supports-emoji-tapbacks,
Mac,UniversalMac,26.0,supports-send-later-messages,
Mac,UniversalMac,26.0,supports-restricted-guest,
Mac,UniversalMac,26.0,supports-adaptive-temperature-automations,
Mac,UniversalMac,26.0,supports-emoji-images,
Mac,UniversalMac,26.0,supports-stick-moji-backs,
Mac,UniversalMac,26.0,supports-high-quality-photo-file-sizes,
Mac,UniversalMac,26.0,supports-stewie,False
Mac,UniversalMac,26.0,sender-key-message-version,
Mac,UniversalMac,26.0,supports-remote-atv-signin,
Mac,UniversalMac,26.0,supports-sender-key-v1,
Mac,UniversalMac,26.0,supports-uriless-membership-updates,
Mac,UniversalMac,26.0,supports-sender-key-self-check,
Mac,UniversalMac,26.0,supports-recovery-contact-upsell,
Mac,UniversalMac,26.0,supports-user-driven-call-activation,
Mac,UniversalMac,26.0,supports-legacy-contact-invites-v1,
Mac,UniversalMac,26.0,supports-legacy-contact-invites-v2,
Mac,UniversalMac,26.0,supports-legacy-contact-invites-v3,
Mac,UniversalMac,26.0,supports-calls-25,
Mac,UniversalMac,26.0,supports-introductions-v1,
Mac,UniversalMac,26.0,supports-rbm-chatbot,
iPad,iPad_10.2_2020,26.3,show-peer-errors,
iPad,iPad_10.2_2020,26.3,is-c2k-equipment,
iPad,iPad_10.2_2020,26.3,supports-inline-attachments,
iPad,iPad_10.2_2020,26.3,supports-keep-receipts,
iPad,iPad_10.2_2020,26.3,supports-location-sharing,
iPad,iPad_10.2_2020,26.3,supports-media-v2,
iPad,iPad_10.2_2020,26.3,supports-st-v1,
iPad,iPad_10.2_2020,26.3,supports-ca-v1,
iPad,iPad_10.2_2020,26.3,supports-be-v1,
iPad,iPad_10.2_2020,26.3,supports-ack-v1,
iPad,iPad_10.2_2020,26.3,supports-fsm-v1,
iPad,iPad_10.2_2020,26.3,supports-fsm-v2,
iPad,iPad_10.2_2020,26.3,supports-fsm-v3,
iPad,iPad_10.2_2020,26.3,supports-ii-v1,
iPad,iPad_10.2_2020,26.3,supports-impact-v1,
iPad,iPad_10.2_2020,26.3,supports-update-attachments-v1,
iPad,iPad_10.2_2020,26.3,supports-autoloopvideo-v1,
iPad,iPad_10.2_2020,26.3,supports-photos-extension-v1,
iPad,iPad_10.2_2020,26.3,supports-photos-extension-v2,
iPad,iPad_10.2_2020,26.3,supports-screen-time-v2,
iPad,iPad_10.2_2020,26.3,supports-live-delivery,
iPad,iPad_10.2_2020,26.3,supports-audio-messaging-v2,
iPad,iPad_10.2_2020,26.3,supports-animoji-v2,
iPad,iPad_10.2_2020,26.3,supports-certified-delivery-v1,
iPad,iPad_10.2_2020,26.3,supports-original-timestamp-v1,
iPad,iPad_10.2_2020,26.3,supports-incoming-fmd-v1,
iPad,iPad_10.2_2020,26.3,optionally-receive-typing-indicators,
iPad,iPad_10.2_2020,26.3,nicknames-version,
iPad,iPad_10.2_2020,26.3,kt-version,5.0
iPad,iPad_10.2_2020,26.3,device-key-signature,
iPad,iPad_10.2_2020,26.3,ec-version,1.0
iPad,iPad_10.2_2020,26.3,supports-protobuf-payload-data-v2,
iPad,iPad_10.2_2020,26.3,supports-heif,True
iPad,iPad_10.2_2020,26.3,supports-hdr,
iPad,iPad_10.2_2020,26.3,prefers-sdr,
iPad,iPad_10.2_2020,26.3,supports-qta,
iPad,iPad_10.2_2020,26.3,supports-modern-gft,
iPad,iPad_10.2_2020,26.3,supports-co,
iPad,iPad_10.2_2020,26.3,is-green-tea,
iPad,iPad_10.2_2020,26.3,supports-sa-v1,
iPad,iPad_10.2_2020,26.3,supports-dq-nr,
iPad,iPad_10.2_2020,26.3,supports-rem,
iPad,iPad_10.2_2020,26.3,supports-shared-exp,
iPad,iPad_10.2_2020,26.3,supports-st-er,
iPad,iPad_10.2_2020,26.3,supports-family-invite-message-bubble,
iPad,iPad_10.2_2020,26.3,supports-maps-protocol-v5,
iPad,iPad_10.2_2020,26.3,supports-hi-res-vid,
iPad,iPad_10.2_2020,26.3,supports-live-translation,
iPad,iPad_10.2_2020,26.3,supports-mirage,
iPad,iPad_10.2_2020,26.3,supports-nearby-facetime,
iPad,iPad_10.2_2020,26.3,supports-emoji-stickers,
iPad,iPad_10.2_2020,26.3,supports-sticker-editing,
iPad,iPad_10.2_2020,26.3,supports-transcript-backgrounds,
iPad,iPad_10.2_2020,26.3,supports-polls,
iPad,iPad_10.2_2020,26.3,supports-lqm-hq,
iPad,iPad_10.2_2020,26.3,supports-group-apple-cash,
iPad,iPad_10.2_2020,26.3,supports-ckv-enforcement,
iPad,iPad_10.2_2020,26.3,supports-gti,
iPad,iPad_10.2_2020,26.3,supports-aot,
iPad,iPad_10.2_2020,26.3,supports-key-sharing,
iPad,iPad_10.2_2020,26.3,supports-harmony,
iPad,iPad_10.2_2020,26.3,supports-activity-sharing-v1,
iPad,iPad_10.2_2020,26.3,supports-manatee-for-apple-cash,
iPad,iPad_10.2_2020,26.3,supports-region-for-apple-cash,
iPad,iPad_10.2_2020,26.3,supports-fmd-v2,True
iPad,iPad_10.2_2020,26.3,supports-fm-fence-v1,True
iPad,iPad_10.2_2020,26.3,supports-secure-loc-v1,
iPad,iPad_10.2_2020,26.3,supports-zelkova,True
iPad,iPad_10.2_2020,26.3,supports-people-ranging-v1,
iPad,iPad_10.2_2020,26.3,supports-beacon-sharing-v3,
iPad,iPad_10.2_2020,26.3,supports-manatee-activity-sharing,
iPad,iPad_10.2_2020,26.3,supports-queue-one-read-receipts-v3,
iPad,iPad_10.2_2020,26.3,supports-uwb,False
iPad,iPad_10.2_2020,26.3,supports-gft-errors,
iPad,iPad_10.2_2020,26.3,supports-gft-calls,
iPad,iPad_10.2_2020,26.3,supports-hk-resident,
iPad,iPad_10.2_2020,26.3,supports-maps-routing-path-leg,
iPad,iPad_10.2_2020,26.3,supports-maps-wgs84-elevation-model,
iPad,iPad_10.2_2020,26.3,supports-beacon-sharing-v2,
iPad,iPad_10.2_2020,26.3,is-web-client,
iPad,iPad_10.2_2020,26.3,supports-beneficiary-invites,
iPad,iPad_10.2_2020,26.3,supports-people-request-messages,
iPad,iPad_10.2_2020,26.3,supports-avless,
iPad,iPad_10.2_2020,26.3,supports-maps-waypoint-route-sharing,
iPad,iPad_10.2_2020,26.3,supports-cross-platform-sharing,
iPad,iPad_10.2_2020,26.3,supports-self-one-to-one-invites,
iPad,iPad_10.2_2020,26.3,supports-people-request-messages-v2,
iPad,iPad_10.2_2020,26.3,supports-askto,
iPad,iPad_10.2_2020,26.3,supports-askto-v2,
iPad,iPad_10.2_2020,26.3,supports-askto-responseUI,
iPad,iPad_10.2_2020,26.3,supports-significant-app-update,
iPad,iPad_10.2_2020,26.3,supports-hybrid-groups-v1,
iPad,iPad_10.2_2020,26.3,supports-findmy-plugin-messages,
iPad,iPad_10.2_2020,26.3,supports-sos-alerting,
iPad,iPad_10.2_2020,26.3,supports-people-request-messages-v3,
iPad,iPad_10.2_2020,26.3,supports-recurring-payment-bubbles,
iPad,iPad_10.2_2020,26.3,supports-gft-relay,
iPad,iPad_10.2_2020,26.3,supports-group-photo-refresh-version,
iPad,iPad_10.2_2020,26.3,supports-ssrc,
iPad,iPad_10.2_2020,26.3,supports-emoji-tapbacks,
iPad,iPad_10.2_2020,26.3,supports-send-later-messages,
iPad,iPad_10.2_2020,26.3,supports-restricted-guest,
iPad,iPad_10.2_2020,26.3,supports-adaptive-temperature-automations,
iPad,iPad_10.2_2020,26.3,supports-emoji-images,
iPad,iPad_10.2_2020,26.3,supports-stick-moji-backs,
iPad,iPad_10.2_2020,26.3,supports-high-quality-photo-file-sizes,
iPad,iPad_10.2_2020,26.3,supports-stewie,False
iPad,iPad_10.2_2020,26.3,sender-key-message-version,
iPad,iPad_10.2_2020,26.3,supports-remote-atv-signin,
iPad,iPad_10.2_2020,26.3,supports-sender-key-v1,
iPad,iPad_10.2_2020,26.3,supports-uriless-membership-updates,
iPad,iPad_10.2_2020,26.3,supports-sender-key-self-check,
iPad,iPad_10.2_2020,26.3,supports-recovery-contact-upsell,
iPad,iPad_10.2_2020,26.3,supports-user-driven-call-activation,
iPad,iPad_10.2_2020,26.3,supports-legacy-contact-invites-v1,
iPad,iPad_10.2_2020,26.3,supports-legacy-contact-invites-v2,
iPad,iPad_10.2_2020,26.3,supports-legacy-contact-invites-v3,
iPad,iPad_10.2_2020,26.3,supports-calls-25,
iPad,iPad_10.2_2020,26.3,supports-introductions-v1,
iPad,iPad_10.2_2020,26.3,supports-rbm-chatbot,
iPad,"iPad15,8",26.3,show-peer-errors,
iPad,"iPad15,8",26.3,is-c2k-equipment,
iPad,"iPad15,8",26.3,supports-inline-attachments,
iPad,"iPad15,8",26.3,supports-keep-receipts,
iPad,"iPad15,8",26.3,supports-location-sharing,
iPad,"iPad15,8",26.3,supports-media-v2,
iPad,"iPad15,8",26.3,supports-st-v1,
iPad,"iPad15,8",26.3,supports-ca-v1,
iPad,"iPad15,8",26.3,supports-be-v1,
iPad,"iPad15,8",26.3,supports-ack-v1,
iPad,"iPad15,8",26.3,supports-fsm-v1,
iPad,"iPad15,8",26.3,supports-fsm-v2,
iPad,"iPad15,8",26.3,supports-fsm-v3,
iPad,"iPad15,8",26.3,supports-ii-v1,
iPad,"iPad15,8",26.3,supports-impact-v1,
iPad,"iPad15,8",26.3,supports-update-attachments-v1,
iPad,"iPad15,8",26.3,supports-autoloopvideo-v1,
iPad,"iPad15,8",26.3,supports-photos-extension-v1,
iPad,"iPad15,8",26.3,supports-photos-extension-v2,
iPad,"iPad15,8",26.3,supports-screen-time-v2,
iPad,"iPad15,8",26.3,supports-live-delivery,
iPad,"iPad15,8",26.3,supports-audio-messaging-v2,
iPad,"iPad15,8",26.3,supports-animoji-v2,
iPad,"iPad15,8",26.3,supports-certified-delivery-v1,
iPad,"iPad15,8",26.3,supports-original-timestamp-v1,
iPad,"iPad15,8",26.3,supports-incoming-fmd-v1,
iPad,"iPad15,8",26.3,optionally-receive-typing-indicators,
iPad,"iPad15,8",26.3,nicknames-version,
iPad,"iPad15,8",26.3,kt-version,5.0
iPad,"iPad15,8",26.3,device-key-signature,
iPad,"iPad15,8",26.3,ec-version,1.0
iPad,"iPad15,8",26.3,supports-protobuf-payload-data-v2,
iPad,"iPad15,8",26.3,supports-heif,True
iPad,"iPad15,8",26.3,supports-hdr,
iPad,"iPad15,8",26.3,prefers-sdr,
iPad,"iPad15,8",26.3,supports-qta,
iPad,"iPad15,8",26.3,supports-modern-gft,
iPad,"iPad15,8",26.3,supports-co,
iPad,"iPad15,8",26.3,is-green-tea,
iPad,"iPad15,8",26.3,supports-sa-v1,
iPad,"iPad15,8",26.3,supports-dq-nr,
iPad,"iPad15,8",26.3,supports-rem,
iPad,"iPad15,8",26.3,supports-shared-exp,
iPad,"iPad15,8",26.3,supports-st-er,
iPad,"iPad15,8",26.3,supports-family-invite-message-bubble,
iPad,"iPad15,8",26.3,supports-maps-protocol-v5,
iPad,"iPad15,8",26.3,supports-hi-res-vid,
iPad,"iPad15,8",26.3,supports-live-translation,
iPad,"iPad15,8",26.3,supports-mirage,
iPad,"iPad15,8",26.3,supports-nearby-facetime,
iPad,"iPad15,8",26.3,supports-emoji-stickers,
iPad,"iPad15,8",26.3,supports-sticker-editing,
iPad,"iPad15,8",26.3,supports-transcript-backgrounds,
iPad,"iPad15,8",26.3,supports-polls,
iPad,"iPad15,8",26.3,supports-lqm-hq,
iPad,"iPad15,8",26.3,supports-group-apple-cash,
iPad,"iPad15,8",26.3,supports-ckv-enforcement,
iPad,"iPad15,8",26.3,supports-gti,
iPad,"iPad15,8",26.3,supports-aot,
iPad,"iPad15,8",26.3,supports-key-sharing,
iPad,"iPad15,8",26.3,supports-harmony,
iPad,"iPad15,8",26.3,supports-activity-sharing-v1,
iPad,"iPad15,8",26.3,supports-manatee-for-apple-cash,
iPad,"iPad15,8",26.3,supports-region-for-apple-cash,
iPad,"iPad15,8",26.3,supports-fmd-v2,True
iPad,"iPad15,8",26.3,supports-fm-fence-v1,True
iPad,"iPad15,8",26.3,supports-secure-loc-v1,
iPad,"iPad15,8",26.3,supports-zelkova,True
iPad,"iPad15,8",26.3,supports-people-ranging-v1,
iPad,"iPad15,8",26.3,supports-beacon-sharing-v3,
iPad,"iPad15,8",26.3,supports-manatee-activity-sharing,
iPad,"iPad15,8",26.3,supports-queue-one-read-receipts-v3,
iPad,"iPad15,8",26.3,supports-uwb,False
iPad,"iPad15,8",26.3,supports-gft-errors,
iPad,"iPad15,8",26.3,supports-gft-calls,
iPad,"iPad15,8",26.3,supports-hk-resident,
iPad,"iPad15,8",26.3,supports-maps-routing-path-leg,
iPad,"iPad15,8",26.3,supports-maps-wgs84-elevation-model,
iPad,"iPad15,8",26.3,supports-beacon-sharing-v2,
iPad,"iPad15,8",26.3,is-web-client,
iPad,"iPad15,8",26.3,supports-beneficiary-invites,
iPad,"iPad15,8",26.3,supports-people-request-messages,
iPad,"iPad15,8",26.3,supports-avless,
iPad,"iPad15,8",26.3,supports-maps-waypoint-route-sharing,
iPad,"iPad15,8",26.3,supports-cross-platform-sharing,
iPad,"iPad15,8",26.3,supports-self-one-to-one-invites,
iPad,"iPad15,8",26.3,supports-people-request-messages-v2,
iPad,"iPad15,8",26.3,supports-askto,
iPad,"iPad15,8",26.3,supports-askto-v2,
iPad,"iPad15,8",26.3,supports-askto-responseUI,
iPad,"iPad15,8",26.3,supports-significant-app-update,
iPad,"iPad15,8",26.3,supports-hybrid-groups-v1,
iPad,"iPad15,8",26.3,supports-findmy-plugin-messages,
iPad,"iPad15,8",26.3,supports-sos-alerting,
iPad,"iPad15,8",26.3,supports-people-request-messages-v3,
iPad,"iPad15,8",26.3,supports-recurring-payment-bubbles,
iPad,"iPad15,8",26.3,supports-gft-relay,
iPad,"iPad15,8",26.3,supports-group-photo-refresh-version,
iPad,"iPad15,8",26.3,supports-ssrc,
iPad,"iPad15,8",26.3,supports-emoji-tapbacks,
iPad,"iPad15,8",26.3,supports-send-later-messages,
iPad,"iPad15,8",26.3,supports-restricted-guest,
iPad,"iPad15,8",26.3,supports-adaptive-temperature-automations,
iPad,"iPad15,8",26.3,supports-emoji-images,
iPad,"iPad15,8",26.3,supports-stick-moji-backs,
iPad,"iPad15,8",26.3,supports-high-quality-photo-file-sizes,
iPad,"iPad15,8",26.3,supports-stewie,False
iPad,"iPad15,8",26.3,sender-key-message-version,
iPad,"iPad15,8",26.3,supports-remote-atv-signin,
iPad,"iPad15,8",26.3,supports-sender-key-v1,
iPad,"iPad15,8",26.3,supports-uriless-membership-updates,
iPad,"iPad15,8",26.3,supports-sender-key-self-check,
iPad,"iPad15,8",26.3,supports-recovery-contact-upsell,
iPad,"iPad15,8",26.3,supports-user-driven-call-activation,
iPad,"iPad15,8",26.3,supports-legacy-contact-invites-v1,
iPad,"iPad15,8",26.3,supports-legacy-contact-invites-v2,
iPad,"iPad15,8",26.3,supports-legacy-contact-invites-v3,
iPad,"iPad15,8",26.3,supports-calls-25,
iPad,"iPad15,8",26.3,supports-introductions-v1,
iPad,"iPad15,8",26.3,supports-rbm-chatbot,
iPad,iPad_Pro_A12X_A12Z,26.3,show-peer-errors,
iPad,iPad_Pro_A12X_A12Z,26.3,is-c2k-equipment,
iPad,iPad_Pro_A12X_A12Z,26.3,supports-inline-attachments,
iPad,iPad_Pro_A12X_A12Z,26.3,supports-keep-receipts,
iPad,iPad_Pro_A12X_A12Z,26.3,supports-location-sharing,
iPad,iPad_Pro_A12X_A12Z,26.3,supports-media-v2,
iPad,iPad_Pro_A12X_A12Z,26.3,supports-st-v1,
iPad,iPad_Pro_A12X_A12Z,26.3,supports-ca-v1,
iPad,iPad_Pro_A12X_A12Z,26.3,supports-be-v1,
iPad,iPad_Pro_A12X_A12Z,26.3,supports-ack-v1,
iPad,iPad_Pro_A12X_A12Z,26.3,supports-fsm-v1,
iPad,iPad_Pro_A12X_A12Z,26.3,supports-fsm-v2,
iPad,iPad_Pro_A12X_A12Z,26.3,supports-fsm-v3,
iPad,iPad_Pro_A12X_A12Z,26.3,supports-ii-v1,
iPad,iPad_Pro_A12X_A12Z,26.3,supports-impact-v1,
iPad,iPad_Pro_A12X_A12Z,26.3,supports-update-attachments-v1,
iPad,iPad_Pro_A12X_A12Z,26.3,supports-autoloopvideo-v1,
iPad,iPad_Pro_A12X_A12Z,26.3,supports-photos-extension-v1,
iPad,iPad_Pro_A12X_A12Z,26.3,supports-photos-extension-v2,
iPad,iPad_Pro_A12X_A12Z,26.3,supports-screen-time-v2,
iPad,iPad_Pro_A12X_A12Z,26.3,supports-live-delivery,
iPad,iPad_Pro_A12X_A12Z,26.3,supports-audio-messaging-v2,
iPad,iPad_Pro_A12X_A12Z,26.3,supports-animoji-v2,
iPad,iPad_Pro_A12X_A12Z,26.3,supports-certified-delivery-v1,
iPad,iPad_Pro_A12X_A12Z,26.3,supports-original-timestamp-v1,
iPad,iPad_Pro_A12X_A12Z,26.3,supports-incoming-fmd-v1,
iPad,iPad_Pro_A12X_A12Z,26.3,optionally-receive-typing-indicators,
iPad,iPad_Pro_A12X_A12Z,26.3,nicknames-version,
iPad,iPad_Pro_A12X_A12Z,26.3,kt-version,5.0
iPad,iPad_Pro_A12X_A12Z,26.3,device-key-signature,
iPad,iPad_Pro_A12X_A12Z,26.3,ec-version,1.0
iPad,iPad_Pro_A12X_A12Z,26.3,supports-protobuf-payload-data-v2,
iPad,iPad_Pro_A12X_A12Z,26.3,supports-heif,True
iPad,iPad_Pro_A12X_A12Z,26.3,supports-hdr,
iPad,iPad_Pro_A12X_A12Z,26.3,prefers-sdr,
iPad,iPad_Pro_A12X_A12Z,26.3,supports-qta,
iPad,iPad_Pro_A12X_A12Z,26.3,supports-modern-gft,
iPad,iPad_Pro_A12X_A12Z,26.3,supports-co,
iPad,iPad_Pro_A12X_A12Z,26.3,is-green-tea,
iPad,iPad_Pro_A12X_A12Z,26.3,supports-sa-v1,
iPad,iPad_Pro_A12X_A12Z,26.3,supports-dq-nr,
iPad,iPad_Pro_A12X_A12Z,26.3,supports-rem,
iPad,iPad_Pro_A12X_A12Z,26.3,supports-shared-exp,
iPad,iPad_Pro_A12X_A12Z,26.3,supports-st-er,
iPad,iPad_Pro_A12X_A12Z,26.3,supports-family-invite-message-bubble,
iPad,iPad_Pro_A12X_A12Z,26.3,supports-maps-protocol-v5,
iPad,iPad_Pro_A12X_A12Z,26.3,supports-hi-res-vid,
iPad,iPad_Pro_A12X_A12Z,26.3,supports-live-translation,
iPad,iPad_Pro_A12X_A12Z,26.3,supports-mirage,
iPad,iPad_Pro_A12X_A12Z,26.3,supports-nearby-facetime,
iPad,iPad_Pro_A12X_A12Z,26.3,supports-emoji-stickers,
iPad,iPad_Pro_A12X_A12Z,26.3,supports-sticker-editing,
iPad,iPad_Pro_A12X_A12Z,26.3,supports-transcript-backgrounds,
iPad,iPad_Pro_A12X_A12Z,26.3,supports-polls,
iPad,iPad_Pro_A12X_A12Z,26.3,supports-lqm-hq,
iPad,iPad_Pro_A12X_A12Z,26.3,supports-group-apple-cash,
iPad,iPad_Pro_A12X_A12Z,26.3,supports-ckv-enforcement,
iPad,iPad_Pro_A12X_A12Z,26.3,supports-gti,
iPad,iPad_Pro_A12X_A12Z,26.3,supports-aot,
iPad,iPad_Pro_A12X_A12Z,26.3,supports-key-sharing,
iPad,iPad_Pro_A12X_A12Z,26.3,supports-harmony,
iPad,iPad_Pro_A12X_A12Z,26.3,supports-activity-sharing-v1,
iPad,iPad_Pro_A12X_A12Z,26.3,supports-manatee-for-apple-cash,
iPad,iPad_Pro_A12X_A12Z,26.3,supports-region-for-apple-cash,
iPad,iPad_Pro_A12X_A12Z,26.3,supports-fmd-v2,True
iPad,iPad_Pro_A12X_A12Z,26.3,supports-fm-fence-v1,True
iPad,iPad_Pro_A12X_A12Z,26.3,supports-secure-loc-v1,
iPad,iPad_Pro_A12X_A12Z,26.3,supports-zelkova,True
iPad,iPad_Pro_A12X_A12Z,26.3,supports-people-ranging-v1,
iPad,iPad_Pro_A12X_A12Z,26.3,supports-beacon-sharing-v3,
iPad,iPad_Pro_A12X_A12Z,26.3,supports-manatee-activity-sharing,
iPad,iPad_Pro_A12X_A12Z,26.3,supports-queue-one-read-receipts-v3,
iPad,iPad_Pro_A12X_A12Z,26.3,supports-uwb,False
iPad,iPad_Pro_A12X_A12Z,26.3,supports-gft-errors,
iPad,iPad_Pro_A12X_A12Z,26.3,supports-gft-calls,
iPad,iPad_Pro_A12X_A12Z,26.3,supports-hk-resident,
iPad,iPad_Pro_A12X_A12Z,26.3,supports-maps-routing-path-leg,
iPad,iPad_Pro_A12X_A12Z,26.3,supports-maps-wgs84-elevation-model,
iPad,iPad_Pro_A12X_A12Z,26.3,supports-beacon-sharing-v2,
iPad,iPad_Pro_A12X_A12Z,26.3,is-web-client,
iPad,iPad_Pro_A12X_A12Z,26.3,supports-beneficiary-invites,
iPad,iPad_Pro_A12X_A12Z,26.3,supports-people-request-messages,
iPad,iPad_Pro_A12X_A12Z,26.3,supports-avless,
iPad,iPad_Pro_A12X_A12Z,26.3,supports-maps-waypoint-route-sharing,
iPad,iPad_Pro_A12X_A12Z,26.3,supports-cross-platform-sharing,
iPad,iPad_Pro_A12X_A12Z,26.3,supports-self-one-to-one-invites,
iPad,iPad_Pro_A12X_A12Z,26.3,supports-people-request-messages-v2,
iPad,iPad_Pro_A12X_A12Z,26.3,supports-askto,
iPad,iPad_Pro_A12X_A12Z,26.3,supports-askto-v2,
iPad,iPad_Pro_A12X_A12Z,26.3,supports-askto-responseUI,
iPad,iPad_Pro_A12X_A12Z,26.3,supports-significant-app-update,
iPad,iPad_Pro_A12X_A12Z,26.3,supports-hybrid-groups-v1,
iPad,iPad_Pro_A12X_A12Z,26.3,supports-findmy-plugin-messages,
iPad,iPad_Pro_A12X_A12Z,26.3,supports-sos-alerting,
iPad,iPad_Pro_A12X_A12Z,26.3,supports-people-request-messages-v3,
iPad,iPad_Pro_A12X_A12Z,26.3,supports-recurring-payment-bubbles,
iPad,iPad_Pro_A12X_A12Z,26.3,supports-gft-relay,
iPad,iPad_Pro_A12X_A12Z,26.3,supports-group-photo-refresh-version,
iPad,iPad_Pro_A12X_A12Z,26.3,supports-ssrc,
iPad,iPad_Pro_A12X_A12Z,26.3,supports-emoji-tapbacks,
iPad,iPad_Pro_A12X_A12Z,26.3,supports-send-later-messages,
iPad,iPad_Pro_A12X_A12Z,26.3,supports-restricted-guest,
iPad,iPad_Pro_A12X_A12Z,26.3,supports-adaptive-temperature-automations,
iPad,iPad_Pro_A12X_A12Z,26.3,supports-emoji-images,
iPad,iPad_Pro_A12X_A12Z,26.3,supports-stick-moji-backs,
iPad,iPad_Pro_A12X_A12Z,26.3,supports-high-quality-photo-file-sizes,
iPad,iPad_Pro_A12X_A12Z,26.3,supports-stewie,False
iPad,iPad_Pro_A12X_A12Z,26.3,sender-key-message-version,
iPad,iPad_Pro_A12X_A12Z,26.3,supports-remote-atv-signin,
iPad,iPad_Pro_A12X_A12Z,26.3,supports-sender-key-v1,
iPad,iPad_Pro_A12X_A12Z,26.3,supports-uriless-membership-updates,
iPad,iPad_Pro_A12X_A12Z,26.3,supports-sender-key-self-check,
iPad,iPad_Pro_A12X_A12Z,26.3,supports-recovery-contact-upsell,
iPad,iPad_Pro_A12X_A12Z,26.3,supports-user-driven-call-activation,
iPad,iPad_Pro_A12X_A12Z,26.3,supports-legacy-contact-invites-v1,
iPad,iPad_Pro_A12X_A12Z,26.3,supports-legacy-contact-invites-v2,
iPad,iPad_Pro_A12X_A12Z,26.3,supports-legacy-contact-invites-v3,
iPad,iPad_Pro_A12X_A12Z,26.3,supports-calls-25,
iPad,iPad_Pro_A12X_A12Z,26.3,supports-introductions-v1,
iPad,iPad_Pro_A12X_A12Z,26.3,supports-rbm-chatbot,
Mac,UniversalMac,15.3,show-peer-errors,
Mac,UniversalMac,15.3,is-c2k-equipment,False
Mac,UniversalMac,15.3,supports-inline-attachments,
Mac,UniversalMac,15.3,supports-keep-receipts,
Mac,UniversalMac,15.3,supports-location-sharing,
Mac,UniversalMac,15.3,supports-media-v2,
Mac,UniversalMac,15.3,supports-st-v1,
Mac,UniversalMac,15.3,supports-ca-v1,
Mac,UniversalMac,15.3,supports-be-v1,
Mac,UniversalMac,15.3,supports-ack-v1,
Mac,UniversalMac,15.3,supports-fsm-v1,
Mac,UniversalMac,15.3,supports-fsm-v2,
Mac,UniversalMac,15.3,supports-fsm-v3,
Mac,UniversalMac,15.3,supports-ii-v1,
Mac,UniversalMac,15.3,supports-impact-v1,
Mac,UniversalMac,15.3,supports-update-attachments-v1,
Mac,UniversalMac,15.3,supports-autoloopvideo-v1,
Mac,UniversalMac,15.3,supports-photos-extension-v1,
Mac,UniversalMac,15.3,supports-photos-extension-v2,
Mac,UniversalMac,15.3,supports-screen-time-v2,
Mac,UniversalMac,15.3,supports-live-delivery,
Mac,UniversalMac,15.3,supports-audio-messaging-v2,
Mac,UniversalMac,15.3,supports-animoji-v2,True
Mac,UniversalMac,15.3,supports-certified-delivery-v1,
Mac,UniversalMac,15.3,supports-original-timestamp-v1,
Mac,UniversalMac,15.3,supports-incoming-fmd-v1,
Mac,UniversalMac,15.3,optionally-receive-typing-indicators,
Mac,UniversalMac,15.3,nicknames-version,
Mac,UniversalMac,15.3,kt-version,5.0
Mac,UniversalMac,15.3,device-key-signature,
Mac,UniversalMac,15.3,ec-version,1.0
Mac,UniversalMac,15.3,supports-protobuf-payload-data-v2,
Mac,UniversalMac,15.3,supports-heif,True
Mac,UniversalMac,15.3,supports-hdr,True
Mac,UniversalMac,15.3,prefers-sdr,
Mac,UniversalMac,15.3,supports-modern-gft,
Mac,UniversalMac,15.3,supports-co,
Mac,UniversalMac,15.3,is-green-tea,
Mac,UniversalMac,15.3,supports-sa-v1,
Mac,UniversalMac,15.3,supports-dq-nr,
Mac,UniversalMac,15.3,supports-rem,
Mac,UniversalMac,15.3,supports-shared-exp,
Mac,UniversalMac,15.3,supports-st-er,
Mac,UniversalMac,15.3,supports-family-invite-message-bubble,
Mac,UniversalMac,15.3,supports-maps-protocol-v5,
Mac,UniversalMac,15.3,supports-hi-res-vid,
Mac,UniversalMac,15.3,supports-mirage,
Mac,UniversalMac,15.3,supports-emoji-stickers,
Mac,UniversalMac,15.3,supports-sticker-editing,
Mac,UniversalMac,15.3,supports-key-sharing,
Mac,UniversalMac,15.3,supports-harmony,False
Mac,UniversalMac,15.3,supports-fmd-v2,
Mac,UniversalMac,15.3,supports-fm-fence-v1,
Mac,UniversalMac,15.3,supports-secure-loc-v1,
Mac,UniversalMac,15.3,supports-zelkova,True
Mac,UniversalMac,15.3,supports-people-ranging-v1,
Mac,UniversalMac,15.3,supports-beacon-sharing-v3,
Mac,UniversalMac,15.3,supports-manatee-activity-sharing,
Mac,UniversalMac,15.3,supports-uwb,False
Mac,UniversalMac,15.3,supports-gft-errors,
Mac,UniversalMac,15.3,supports-gft-calls,
Mac,UniversalMac,15.3,supports-hk-resident,
Mac,UniversalMac,15.3,supports-maps-routing-path-leg,
Mac,UniversalMac,15.3,supports-beacon-sharing-v2,
Mac,UniversalMac,15.3,is-web-client,
Mac,UniversalMac,15.3,supports-beneficiary-invites,
Mac,UniversalMac,15.3,supports-people-request-messages,
Mac,UniversalMac,15.3,supports-avless,
Mac,UniversalMac,15.3,supports-maps-waypoint-route-sharing,
Mac,UniversalMac,15.3,supports-cross-platform-sharing,
Mac,UniversalMac,15.3,supports-self-one-to-one-invites,
Mac,UniversalMac,15.3,supports-people-request-messages-v2,
Mac,UniversalMac,15.3,supports-askto,
Mac,UniversalMac,15.3,supports-hybrid-groups-v1,
Mac,UniversalMac,15.3,supports-findmy-plugin-messages,
Mac,UniversalMac,15.3,supports-sos-alerting,
Mac,UniversalMac,15.3,supports-people-request-messages-v3,
Mac,UniversalMac,15.3,supports-recurring-payment-bubbles,
Mac,UniversalMac,15.3,supports-gft-relay,
Mac,UniversalMac,15.3,supports-group-photo-refresh-version,
Mac,UniversalMac,15.3,supports-ssrc,
Mac,UniversalMac,15.3,supports-emoji-tapbacks,
Mac,UniversalMac,15.3,supports-send-later-messages,
Mac,UniversalMac,15.3,supports-restricted-guest,
Mac,UniversalMac,15.3,supports-emoji-images,
Mac,UniversalMac,15.3,supports-stick-moji-backs,
Mac,UniversalMac,15.3,supports-high-quality-photo-file-sizes,
Mac,UniversalMac,15.3,supports-stewie,False
Mac,UniversalMac,15.3,sender-key-message-version,
Mac,UniversalMac,15.3,supports-remote-atv-signin,
Mac,UniversalMac,15.3,supports-sender-key-v1,
Mac,UniversalMac,15.3,supports-recovery-contact-upsell,
iPhone,"iPhone14,4",18.6,show-peer-errors,
iPhone,"iPhone14,4",18.6,is-c2k-equipment,
iPhone,"iPhone14,4",18.6,supports-inline-attachments,
iPhone,"iPhone14,4",18.6,supports-keep-receipts,
iPhone,"iPhone14,4",18.6,supports-location-sharing,
iPhone,"iPhone14,4",18.6,supports-media-v2,
iPhone,"iPhone14,4",18.6,supports-st-v1,
iPhone,"iPhone14,4",18.6,supports-ca-v1,
iPhone,"iPhone14,4",18.6,supports-be-v1,
iPhone,"iPhone14,4",18.6,supports-ack-v1,
iPhone,"iPhone14,4",18.6,supports-fsm-v1,
iPhone,"iPhone14,4",18.6,supports-fsm-v2,
iPhone,"iPhone14,4",18.6,supports-fsm-v3,
iPhone,"iPhone14,4",18.6,supports-ii-v1,
iPhone,"iPhone14,4",18.6,supports-impact-v1,
iPhone,"iPhone14,4",18.6,supports-update-attachments-v1,
iPhone,"iPhone14,4",18.6,supports-autoloopvideo-v1,
iPhone,"iPhone14,4",18.6,supports-photos-extension-v1,
iPhone,"iPhone14,4",18.6,supports-photos-extension-v2,
iPhone,"iPhone14,4",18.6,supports-screen-time-v2,
iPhone,"iPhone14,4",18.6,supports-live-delivery,
iPhone,"iPhone14,4",18.6,supports-audio-messaging-v2,
iPhone,"iPhone14,4",18.6,supports-animoji-v2,
iPhone,"iPhone14,4",18.6,supports-certified-delivery-v1,
iPhone,"iPhone14,4",18.6,supports-original-timestamp-v1,
iPhone,"iPhone14,4",18.6,supports-incoming-fmd-v1,
iPhone,"iPhone14,4",18.6,optionally-receive-typing-indicators,
iPhone,"iPhone14,4",18.6,nicknames-version,
iPhone,"iPhone14,4",18.6,kt-version,5.0
iPhone,"iPhone14,4",18.6,device-key-signature,
iPhone,"iPhone14,4",18.6,ec-version,1.0
iPhone,"iPhone14,4",18.6,supports-protobuf-payload-data-v2,
iPhone,"iPhone14,4",18.6,supports-heif,True
iPhone,"iPhone14,4",18.6,supports-hdr,
iPhone,"iPhone14,4",18.6,prefers-sdr,
iPhone,"iPhone14,4",18.6,supports-qta,
iPhone,"iPhone14,4",18.6,supports-modern-gft,
iPhone,"iPhone14,4",18.6,supports-co,
iPhone,"iPhone14,4",18.6,is-green-tea,
iPhone,"iPhone14,4",18.6,supports-sa-v1,
iPhone,"iPhone14,4",18.6,supports-dq-nr,
iPhone,"iPhone14,4",18.6,supports-rem,
iPhone,"iPhone14,4",18.6,supports-shared-exp,
iPhone,"iPhone14,4",18.6,supports-st-er,
iPhone,"iPhone14,4",18.6,supports-family-invite-message-bubble,
iPhone,"iPhone14,4",18.6,supports-maps-protocol-v5,
iPhone,"iPhone14,4",18.6,supports-hi-res-vid,
iPhone,"iPhone14,4",18.6,supports-mirage,
iPhone,"iPhone14,4",18.6,supports-emoji-stickers,
iPhone,"iPhone14,4",18.6,supports-sticker-editing,
iPhone,"iPhone14,4",18.6,supports-key-sharing,
iPhone,"iPhone14,4",18.6,supports-harmony,
iPhone,"iPhone14,4",18.6,supports-activity-sharing-v1,True
iPhone,"iPhone14,4",18.6,supports-manatee-for-apple-cash,
iPhone,"iPhone14,4",18.6,supports-region-for-apple-cash,
iPhone,"iPhone14,4",18.6,supports-fmd-v2,True
iPhone,"iPhone14,4",18.6,supports-fm-fence-v1,True
iPhone,"iPhone14,4",18.6,supports-secure-loc-v1,
iPhone,"iPhone14,4",18.6,supports-zelkova,True
iPhone,"iPhone14,4",18.6,supports-people-ranging-v1,
iPhone,"iPhone14,4",18.6,supports-beacon-sharing-v3,
iPhone,"iPhone14,4",18.6,supports-manatee-activity-sharing,
iPhone,"iPhone14,4",18.6,supports-uwb,True
iPhone,"iPhone14,4",18.6,supports-gft-errors,
iPhone,"iPhone14,4",18.6,supports-gft-calls,
iPhone,"iPhone14,4",18.6,supports-hk-resident,
iPhone,"iPhone14,4",18.6,supports-maps-routing-path-leg,
iPhone,"iPhone14,4",18.6,supports-beacon-sharing-v2,
iPhone,"iPhone14,4",18.6,is-web-client,
iPhone,"iPhone14,4",18.6,supports-beneficiary-invites,
iPhone,"iPhone14,4",18.6,supports-people-request-messages,
iPhone,"iPhone14,4",18.6,supports-avless,
iPhone,"iPhone14,4",18.6,supports-maps-waypoint-route-sharing,
iPhone,"iPhone14,4",18.6,supports-cross-platform-sharing,
iPhone,"iPhone14,4",18.6,supports-self-one-to-one-invites,
iPhone,"iPhone14,4",18.6,supports-people-request-messages-v2,
iPhone,"iPhone14,4",18.6,supports-askto,
iPhone,"iPhone14,4",18.6,supports-hybrid-groups-v1,
iPhone,"iPhone14,4",18.6,supports-findmy-plugin-messages,
iPhone,"iPhone14,4",18.6,supports-sos-alerting,True
iPhone,"iPhone14,4",18.6,supports-people-request-messages-v3,
iPhone,"iPhone14,4",18.6,supports-recurring-payment-bubbles,
iPhone,"iPhone14,4",18.6,supports-gft-relay,
iPhone,"iPhone14,4",18.6,supports-group-photo-refresh-version,
iPhone,"iPhone14,4",18.6,supports-ssrc,
iPhone,"iPhone14,4",18.6,supports-emoji-tapbacks,
iPhone,"iPhone14,4",18.6,supports-send-later-messages,
iPhone,"iPhone14,4",18.6,supports-restricted-guest,
iPhone,"iPhone14,4",18.6,supports-emoji-images,
iPhone,"iPhone14,4",18.6,supports-stick-moji-backs,
iPhone,"iPhone14,4",18.6,supports-high-quality-photo-file-sizes,
iPhone,"iPhone14,4",18.6,supports-stewie,True
iPhone,"iPhone14,4",18.6,sender-key-message-version,
iPhone,"iPhone14,4",18.6,supports-remote-atv-signin,
iPhone,"iPhone14,4",18.6,supports-sender-key-v1,
iPhone,"iPhone14,4",18.6,supports-sender-key-self-check,
iPhone,"iPhone14,4",18.6,supports-recovery-contact-upsell,
iPhone,"iPhone14,4",18.6,supports-user-driven-call-activation,
iPhone,"iPhone14,4",18.6,supports-legacy-contact-invites-v1,
iPhone,"iPhone14,4",18.6,supports-rbm-chatbot,
iPad,"iPad17,1",26.3,show-peer-errors,
iPad,"iPad17,2",26.3,show-peer-errors,
iPad,"iPad17,3",26.3,show-peer-errors,
iPad,"iPad17,4",26.3,show-peer-errors,
iPad,"iPad17,1",26.3,is-c2k-equipment,
iPad,"iPad17,2",26.3,is-c2k-equipment,
iPad,"iPad17,3",26.3,is-c2k-equipment,
iPad,"iPad17,4",26.3,is-c2k-equipment,
iPad,"iPad17,1",26.3,supports-inline-attachments,
iPad,"iPad17,2",26.3,supports-inline-attachments,
iPad,"iPad17,3",26.3,supports-inline-attachments,
iPad,"iPad17,4",26.3,supports-inline-attachments,
iPad,"iPad17,1",26.3,supports-keep-receipts,
iPad,"iPad17,2",26.3,supports-keep-receipts,
iPad,"iPad17,3",26.3,supports-keep-receipts,
iPad,"iPad17,4",26.3,supports-keep-receipts,
iPad,"iPad17,1",26.3,supports-location-sharing,
iPad,"iPad17,2",26.3,supports-location-sharing,
iPad,"iPad17,3",26.3,supports-location-sharing,
iPad,"iPad17,4",26.3,supports-location-sharing,
iPad,"iPad17,1",26.3,supports-media-v2,
iPad,"iPad17,2",26.3,supports-media-v2,
iPad,"iPad17,3",26.3,supports-media-v2,
iPad,"iPad17,4",26.3,supports-media-v2,
iPad,"iPad17,1",26.3,supports-st-v1,
iPad,"iPad17,2",26.3,supports-st-v1,
iPad,"iPad17,3",26.3,supports-st-v1,
iPad,"iPad17,4",26.3,supports-st-v1,
iPad,"iPad17,1",26.3,supports-ca-v1,
iPad,"iPad17,2",26.3,supports-ca-v1,
iPad,"iPad17,3",26.3,supports-ca-v1,
iPad,"iPad17,4",26.3,supports-ca-v1,
iPad,"iPad17,1",26.3,supports-be-v1,
iPad,"iPad17,2",26.3,supports-be-v1,
iPad,"iPad17,3",26.3,supports-be-v1,
iPad,"iPad17,4",26.3,supports-be-v1,
iPad,"iPad17,1",26.3,supports-ack-v1,
iPad,"iPad17,2",26.3,supports-ack-v1,
iPad,"iPad17,3",26.3,supports-ack-v1,
iPad,"iPad17,4",26.3,supports-ack-v1,
iPad,"iPad17,1",26.3,supports-fsm-v1,
iPad,"iPad17,2",26.3,supports-fsm-v1,
iPad,"iPad17,3",26.3,supports-fsm-v1,
iPad,"iPad17,4",26.3,supports-fsm-v1,
iPad,"iPad17,1",26.3,supports-fsm-v2,
iPad,"iPad17,2",26.3,supports-fsm-v2,
iPad,"iPad17,3",26.3,supports-fsm-v2,
iPad,"iPad17,4",26.3,supports-fsm-v2,
iPad,"iPad17,1",26.3,supports-fsm-v3,
iPad,"iPad17,2",26.3,supports-fsm-v3,
iPad,"iPad17,3",26.3,supports-fsm-v3,
iPad,"iPad17,4",26.3,supports-fsm-v3,
iPad,"iPad17,1",26.3,supports-ii-v1,
iPad,"iPad17,2",26.3,supports-ii-v1,
iPad,"iPad17,3",26.3,supports-ii-v1,
iPad,"iPad17,4",26.3,supports-ii-v1,
iPad,"iPad17,1",26.3,supports-impact-v1,
iPad,"iPad17,2",26.3,supports-impact-v1,
iPad,"iPad17,3",26.3,supports-impact-v1,
iPad,"iPad17,4",26.3,supports-impact-v1,
iPad,"iPad17,1",26.3,supports-update-attachments-v1,
iPad,"iPad17,2",26.3,supports-update-attachments-v1,
iPad,"iPad17,3",26.3,supports-update-attachments-v1,
iPad,"iPad17,4",26.3,supports-update-attachments-v1,
iPad,"iPad17,1",26.3,supports-autoloopvideo-v1,
iPad,"iPad17,2",26.3,supports-autoloopvideo-v1,
iPad,"iPad17,3",26.3,supports-autoloopvideo-v1,
iPad,"iPad17,4",26.3,supports-autoloopvideo-v1,
iPad,"iPad17,1",26.3,supports-photos-extension-v1,
iPad,"iPad17,2",26.3,supports-photos-extension-v1,
iPad,"iPad17,3",26.3,supports-photos-extension-v1,
iPad,"iPad17,4",26.3,supports-photos-extension-v1,
iPad,"iPad17,1",26.3,supports-photos-extension-v2,
iPad,"iPad17,2",26.3,supports-photos-extension-v2,
iPad,"iPad17,3",26.3,supports-photos-extension-v2,
iPad,"iPad17,4",26.3,supports-photos-extension-v2,
iPad,"iPad17,1",26.3,supports-screen-time-v2,
iPad,"iPad17,2",26.3,supports-screen-time-v2,
iPad,"iPad17,3",26.3,supports-screen-time-v2,
iPad,"iPad17,4",26.3,supports-screen-time-v2,
iPad,"iPad17,1",26.3,supports-live-delivery,
iPad,"iPad17,2",26.3,supports-live-delivery,
iPad,"iPad17,3",26.3,supports-live-delivery,
iPad,"iPad17,4",26.3,supports-live-delivery,
iPad,"iPad17,1",26.3,supports-audio-messaging-v2,
iPad,"iPad17,2",26.3,supports-audio-messaging-v2,
iPad,"iPad17,3",26.3,supports-audio-messaging-v2,
iPad,"iPad17,4",26.3,supports-audio-messaging-v2,
iPad,"iPad17,1",26.3,supports-animoji-v2,
iPad,"iPad17,2",26.3,supports-animoji-v2,
iPad,"iPad17,3",26.3,supports-animoji-v2,
iPad,"iPad17,4",26.3,supports-animoji-v2,
iPad,"iPad17,1",26.3,supports-certified-delivery-v1,
iPad,"iPad17,2",26.3,supports-certified-delivery-v1,
iPad,"iPad17,3",26.3,supports-certified-delivery-v1,
iPad,"iPad17,4",26.3,supports-certified-delivery-v1,
iPad,"iPad17,1",26.3,supports-original-timestamp-v1,
iPad,"iPad17,2",26.3,supports-original-timestamp-v1,
iPad,"iPad17,3",26.3,supports-original-timestamp-v1,
iPad,"iPad17,4",26.3,supports-original-timestamp-v1,
iPad,"iPad17,1",26.3,supports-incoming-fmd-v1,
iPad,"iPad17,2",26.3,supports-incoming-fmd-v1,
iPad,"iPad17,3",26.3,supports-incoming-fmd-v1,
iPad,"iPad17,4",26.3,supports-incoming-fmd-v1,
iPad,"iPad17,1",26.3,optionally-receive-typing-indicators,
iPad,"iPad17,2",26.3,optionally-receive-typing-indicators,
iPad,"iPad17,3",26.3,optionally-receive-typing-indicators,
iPad,"iPad17,4",26.3,optionally-receive-typing-indicators,
iPad,"iPad17,1",26.3,nicknames-version,
iPad,"iPad17,2",26.3,nicknames-version,
iPad,"iPad17,3",26.3,nicknames-version,
iPad,"iPad17,4",26.3,nicknames-version,
iPad,"iPad17,1",26.3,kt-version,5.0
iPad,"iPad17,2",26.3,kt-version,5.0
iPad,"iPad17,3",26.3,kt-version,5.0
iPad,"iPad17,4",26.3,kt-version,5.0
iPad,"iPad17,1",26.3,device-key-signature,
iPad,"iPad17,2",26.3,device-key-signature,
iPad,"iPad17,3",26.3,device-key-signature,
iPad,"iPad17,4",26.3,device-key-signature,
iPad,"iPad17,1",26.3,ec-version,1.0
iPad,"iPad17,2",26.3,ec-version,1.0
iPad,"iPad17,3",26.3,ec-version,1.0
iPad,"iPad17,4",26.3,ec-version,1.0
iPad,"iPad17,1",26.3,supports-protobuf-payload-data-v2,
iPad,"iPad17,2",26.3,supports-protobuf-payload-data-v2,
iPad,"iPad17,3",26.3,supports-protobuf-payload-data-v2,
iPad,"iPad17,4",26.3,supports-protobuf-payload-data-v2,
iPad,"iPad17,1",26.3,supports-heif,True
iPad,"iPad17,2",26.3,supports-heif,True
iPad,"iPad17,3",26.3,supports-heif,True
iPad,"iPad17,4",26.3,supports-heif,True
iPad,"iPad17,1",26.3,supports-hdr,
iPad,"iPad17,2",26.3,supports-hdr,
iPad,"iPad17,3",26.3,supports-hdr,
iPad,"iPad17,4",26.3,supports-hdr,
iPad,"iPad17,1",26.3,prefers-sdr,
iPad,"iPad17,2",26.3,prefers-sdr,
iPad,"iPad17,3",26.3,prefers-sdr,
iPad,"iPad17,4",26.3,prefers-sdr,
iPad,"iPad17,1",26.3,supports-qta,
iPad,"iPad17,2",26.3,supports-qta,
iPad,"iPad17,3",26.3,supports-qta,
iPad,"iPad17,4",26.3,supports-qta,
iPad,"iPad17,1",26.3,supports-modern-gft,
iPad,"iPad17,2",26.3,supports-modern-gft,
iPad,"iPad17,3",26.3,supports-modern-gft,
iPad,"iPad17,4",26.3,supports-modern-gft,
iPad,"iPad17,1",26.3,supports-co,
iPad,"iPad17,2",26.3,supports-co,
iPad,"iPad17,3",26.3,supports-co,
iPad,"iPad17,4",26.3,supports-co,
iPad,"iPad17,1",26.3,is-green-tea,
iPad,"iPad17,2",26.3,is-green-tea,
iPad,"iPad17,3",26.3,is-green-tea,
iPad,"iPad17,4",26.3,is-green-tea,
iPad,"iPad17,1",26.3,supports-sa-v1,
iPad,"iPad17,2",26.3,supports-sa-v1,
iPad,"iPad17,3",26.3,supports-sa-v1,
iPad,"iPad17,4",26.3,supports-sa-v1,
iPad,"iPad17,1",26.3,supports-dq-nr,
iPad,"iPad17,2",26.3,supports-dq-nr,
iPad,"iPad17,3",26.3,supports-dq-nr,
iPad,"iPad17,4",26.3,supports-dq-nr,
iPad,"iPad17,1",26.3,supports-rem,
iPad,"iPad17,2",26.3,supports-rem,
iPad,"iPad17,3",26.3,supports-rem,
iPad,"iPad17,4",26.3,supports-rem,
iPad,"iPad17,1",26.3,supports-shared-exp,
iPad,"iPad17,2",26.3,supports-shared-exp,
iPad,"iPad17,3",26.3,supports-shared-exp,
iPad,"iPad17,4",26.3,supports-shared-exp,
iPad,"iPad17,1",26.3,supports-st-er,
iPad,"iPad17,2",26.3,supports-st-er,
iPad,"iPad17,3",26.3,supports-st-er,
iPad,"iPad17,4",26.3,supports-st-er,
iPad,"iPad17,1",26.3,supports-family-invite-message-bubble,
iPad,"iPad17,2",26.3,supports-family-invite-message-bubble,
iPad,"iPad17,3",26.3,supports-family-invite-message-bubble,
iPad,"iPad17,4",26.3,supports-family-invite-message-bubble,
iPad,"iPad17,1",26.3,supports-maps-protocol-v5,
iPad,"iPad17,2",26.3,supports-maps-protocol-v5,
iPad,"iPad17,3",26.3,supports-maps-protocol-v5,
iPad,"iPad17,4",26.3,supports-maps-protocol-v5,
iPad,"iPad17,1",26.3,supports-hi-res-vid,
iPad,"iPad17,2",26.3,supports-hi-res-vid,
iPad,"iPad17,3",26.3,supports-hi-res-vid,
iPad,"iPad17,4",26.3,supports-hi-res-vid,
iPad,"iPad17,1",26.3,supports-live-translation,
iPad,"iPad17,2",26.3,supports-live-translation,
iPad,"iPad17,3",26.3,supports-live-translation,
iPad,"iPad17,4",26.3,supports-live-translation,
iPad,"iPad17,1",26.3,supports-mirage,
iPad,"iPad17,2",26.3,supports-mirage,
iPad,"iPad17,3",26.3,supports-mirage,
iPad,"iPad17,4",26.3,supports-mirage,
iPad,"iPad17,1",26.3,supports-nearby-facetime,
iPad,"iPad17,2",26.3,supports-nearby-facetime,
iPad,"iPad17,3",26.3,supports-nearby-facetime,
iPad,"iPad17,4",26.3,supports-nearby-facetime,
iPad,"iPad17,1",26.3,supports-emoji-stickers,
iPad,"iPad17,2",26.3,supports-emoji-stickers,
iPad,"iPad17,3",26.3,supports-emoji-stickers,
iPad,"iPad17,4",26.3,supports-emoji-stickers,
iPad,"iPad17,1",26.3,supports-sticker-editing,
iPad,"iPad17,2",26.3,supports-sticker-editing,
iPad,"iPad17,3",26.3,supports-sticker-editing,
iPad,"iPad17,4",26.3,supports-sticker-editing,
iPad,"iPad17,1",26.3,supports-transcript-backgrounds,
iPad,"iPad17,2",26.3,supports-transcript-backgrounds,
iPad,"iPad17,3",26.3,supports-transcript-backgrounds,
iPad,"iPad17,4",26.3,supports-transcript-backgrounds,
iPad,"iPad17,1",26.3,supports-polls,
iPad,"iPad17,2",26.3,supports-polls,
iPad,"iPad17,3",26.3,supports-polls,
iPad,"iPad17,4",26.3,supports-polls,
iPad,"iPad17,1",26.3,supports-lqm-hq,
iPad,"iPad17,2",26.3,supports-lqm-hq,
iPad,"iPad17,3",26.3,supports-lqm-hq,
iPad,"iPad17,4",26.3,supports-lqm-hq,
iPad,"iPad17,1",26.3,supports-group-apple-cash,
iPad,"iPad17,2",26.3,supports-group-apple-cash,
iPad,"iPad17,3",26.3,supports-group-apple-cash,
iPad,"iPad17,4",26.3,supports-group-apple-cash,
iPad,"iPad17,1",26.3,supports-ckv-enforcement,
iPad,"iPad17,2",26.3,supports-ckv-enforcement,
iPad,"iPad17,3",26.3,supports-ckv-enforcement,
iPad,"iPad17,4",26.3,supports-ckv-enforcement,
iPad,"iPad17,1",26.3,supports-gti,
iPad,"iPad17,2",26.3,supports-gti,
iPad,"iPad17,3",26.3,supports-gti,
iPad,"iPad17,4",26.3,supports-gti,
iPad,"iPad17,1",26.3,supports-aot,
iPad,"iPad17,2",26.3,supports-aot,
iPad,"iPad17,3",26.3,supports-aot,
iPad,"iPad17,4",26.3,supports-aot,
iPad,"iPad17,1",26.3,supports-key-sharing,
iPad,"iPad17,2",26.3,supports-key-sharing,
iPad,"iPad17,3",26.3,supports-key-sharing,
iPad,"iPad17,4",26.3,supports-key-sharing,
iPad,"iPad17,1",26.3,supports-harmony,
iPad,"iPad17,2",26.3,supports-harmony,
iPad,"iPad17,3",26.3,supports-harmony,
iPad,"iPad17,4",26.3,supports-harmony,
iPad,"iPad17,1",26.3,supports-activity-sharing-v1,
iPad,"iPad17,2",26.3,supports-activity-sharing-v1,
iPad,"iPad17,3",26.3,supports-activity-sharing-v1,
iPad,"iPad17,4",26.3,supports-activity-sharing-v1,
iPad,"iPad17,1",26.3,supports-manatee-for-apple-cash,
iPad,"iPad17,2",26.3,supports-manatee-for-apple-cash,
iPad,"iPad17,3",26.3,supports-manatee-for-apple-cash,
iPad,"iPad17,4",26.3,supports-manatee-for-apple-cash,
iPad,"iPad17,1",26.3,supports-region-for-apple-cash,
iPad,"iPad17,2",26.3,supports-region-for-apple-cash,
iPad,"iPad17,3",26.3,supports-region-for-apple-cash,
iPad,"iPad17,4",26.3,supports-region-for-apple-cash,
iPad,"iPad17,1",26.3,supports-fmd-v2,True
iPad,"iPad17,2",26.3,supports-fmd-v2,True
iPad,"iPad17,3",26.3,supports-fmd-v2,True
iPad,"iPad17,4",26.3,supports-fmd-v2,True
iPad,"iPad17,1",26.3,supports-fm-fence-v1,True
iPad,"iPad17,2",26.3,supports-fm-fence-v1,True
iPad,"iPad17,3",26.3,supports-fm-fence-v1,True
iPad,"iPad17,4",26.3,supports-fm-fence-v1,True
iPad,"iPad17,1",26.3,supports-secure-loc-v1,
iPad,"iPad17,2",26.3,supports-secure-loc-v1,
iPad,"iPad17,3",26.3,supports-secure-loc-v1,
iPad,"iPad17,4",26.3,supports-secure-loc-v1,
iPad,"iPad17,1",26.3,supports-zelkova,True
iPad,"iPad17,2",26.3,supports-zelkova,True
iPad,"iPad17,3",26.3,supports-zelkova,True
iPad,"iPad17,4",26.3,supports-zelkova,True
iPad,"iPad17,1",26.3,supports-people-ranging-v1,
iPad,"iPad17,2",26.3,supports-people-ranging-v1,
iPad,"iPad17,3",26.3,supports-people-ranging-v1,
iPad,"iPad17,4",26.3,supports-people-ranging-v1,
iPad,"iPad17,1",26.3,supports-beacon-sharing-v3,
iPad,"iPad17,2",26.3,supports-beacon-sharing-v3,
iPad,"iPad17,3",26.3,supports-beacon-sharing-v3,
iPad,"iPad17,4",26.3,supports-beacon-sharing-v3,
iPad,"iPad17,1",26.3,supports-manatee-activity-sharing,
iPad,"iPad17,2",26.3,supports-manatee-activity-sharing,
iPad,"iPad17,3",26.3,supports-manatee-activity-sharing,
iPad,"iPad17,4",26.3,supports-manatee-activity-sharing,
iPad,"iPad17,1",26.3,supports-queue-one-read-receipts-v3,
iPad,"iPad17,2",26.3,supports-queue-one-read-receipts-v3,
iPad,"iPad17,3",26.3,supports-queue-one-read-receipts-v3,
iPad,"iPad17,4",26.3,supports-queue-one-read-receipts-v3,
iPad,"iPad17,1",26.3,supports-uwb,False
iPad,"iPad17,2",26.3,supports-uwb,False
iPad,"iPad17,3",26.3,supports-uwb,False
iPad,"iPad17,4",26.3,supports-uwb,False
iPad,"iPad17,1",26.3,supports-gft-errors,
iPad,"iPad17,2",26.3,supports-gft-errors,
iPad,"iPad17,3",26.3,supports-gft-errors,
iPad,"iPad17,4",26.3,supports-gft-errors,
iPad,"iPad17,1",26.3,supports-gft-calls,
iPad,"iPad17,2",26.3,supports-gft-calls,
iPad,"iPad17,3",26.3,supports-gft-calls,
iPad,"iPad17,4",26.3,supports-gft-calls,
iPad,"iPad17,1",26.3,supports-hk-resident,
iPad,"iPad17,2",26.3,supports-hk-resident,
iPad,"iPad17,3",26.3,supports-hk-resident,
iPad,"iPad17,4",26.3,supports-hk-resident,
iPad,"iPad17,1",26.3,supports-maps-routing-path-leg,
iPad,"iPad17,2",26.3,supports-maps-routing-path-leg,
iPad,"iPad17,3",26.3,supports-maps-routing-path-leg,
iPad,"iPad17,4",26.3,supports-maps-routing-path-leg,
iPad,"iPad17,1",26.3,supports-maps-wgs84-elevation-model,
iPad,"iPad17,2",26.3,supports-maps-wgs84-elevation-model,
iPad,"iPad17,3",26.3,supports-maps-wgs84-elevation-model,
iPad,"iPad17,4",26.3,supports-maps-wgs84-elevation-model,
iPad,"iPad17,1",26.3,supports-beacon-sharing-v2,
iPad,"iPad17,2",26.3,supports-beacon-sharing-v2,
iPad,"iPad17,3",26.3,supports-beacon-sharing-v2,
iPad,"iPad17,4",26.3,supports-beacon-sharing-v2,
iPad,"iPad17,1",26.3,is-web-client,
iPad,"iPad17,2",26.3,is-web-client,
iPad,"iPad17,3",26.3,is-web-client,
iPad,"iPad17,4",26.3,is-web-client,
iPad,"iPad17,1",26.3,supports-beneficiary-invites,
iPad,"iPad17,2",26.3,supports-beneficiary-invites,
iPad,"iPad17,3",26.3,supports-beneficiary-invites,
iPad,"iPad17,4",26.3,supports-beneficiary-invites,
iPad,"iPad17,1",26.3,supports-people-request-messages,
iPad,"iPad17,2",26.3,supports-people-request-messages,
iPad,"iPad17,3",26.3,supports-people-request-messages,
iPad,"iPad17,4",26.3,supports-people-request-messages,
iPad,"iPad17,1",26.3,supports-avless,
iPad,"iPad17,2",26.3,supports-avless,
iPad,"iPad17,3",26.3,supports-avless,
iPad,"iPad17,4",26.3,supports-avless,
iPad,"iPad17,1",26.3,supports-maps-waypoint-route-sharing,
iPad,"iPad17,2",26.3,supports-maps-waypoint-route-sharing,
iPad,"iPad17,3",26.3,supports-maps-waypoint-route-sharing,
iPad,"iPad17,4",26.3,supports-maps-waypoint-route-sharing,
iPad,"iPad17,1",26.3,supports-cross-platform-sharing,
iPad,"iPad17,2",26.3,supports-cross-platform-sharing,
iPad,"iPad17,3",26.3,supports-cross-platform-sharing,
iPad,"iPad17,4",26.3,supports-cross-platform-sharing,
iPad,"iPad17,1",26.3,supports-self-one-to-one-invites,
iPad,"iPad17,2",26.3,supports-self-one-to-one-invites,
iPad,"iPad17,3",26.3,supports-self-one-to-one-invites,
iPad,"iPad17,4",26.3,supports-self-one-to-one-invites,
iPad,"iPad17,1",26.3,supports-people-request-messages-v2,
iPad,"iPad17,2",26.3,supports-people-request-messages-v2,
iPad,"iPad17,3",26.3,supports-people-request-messages-v2,
iPad,"iPad17,4",26.3,supports-people-request-messages-v2,
iPad,"iPad17,1",26.3,supports-askto,
iPad,"iPad17,2",26.3,supports-askto,
iPad,"iPad17,3",26.3,supports-askto,
iPad,"iPad17,4",26.3,supports-askto,
iPad,"iPad17,1",26.3,supports-askto-v2,
iPad,"iPad17,2",26.3,supports-askto-v2,
iPad,"iPad17,3",26.3,supports-askto-v2,
iPad,"iPad17,4",26.3,supports-askto-v2,
iPad,"iPad17,1",26.3,supports-askto-responseUI,
iPad,"iPad17,2",26.3,supports-askto-responseUI,
iPad,"iPad17,3",26.3,supports-askto-responseUI,
iPad,"iPad17,4",26.3,supports-askto-responseUI,
iPad,"iPad17,1",26.3,supports-significant-app-update,
iPad,"iPad17,2",26.3,supports-significant-app-update,
iPad,"iPad17,3",26.3,supports-significant-app-update,
iPad,"iPad17,4",26.3,supports-significant-app-update,
iPad,"iPad17,1",26.3,supports-hybrid-groups-v1,
iPad,"iPad17,2",26.3,supports-hybrid-groups-v1,
iPad,"iPad17,3",26.3,supports-hybrid-groups-v1,
iPad,"iPad17,4",26.3,supports-hybrid-groups-v1,
iPad,"iPad17,1",26.3,supports-findmy-plugin-messages,
iPad,"iPad17,2",26.3,supports-findmy-plugin-messages,
iPad,"iPad17,3",26.3,supports-findmy-plugin-messages,
iPad,"iPad17,4",26.3,supports-findmy-plugin-messages,
iPad,"iPad17,1",26.3,supports-sos-alerting,
iPad,"iPad17,2",26.3,supports-sos-alerting,
iPad,"iPad17,3",26.3,supports-sos-alerting,
iPad,"iPad17,4",26.3,supports-sos-alerting,
iPad,"iPad17,1",26.3,supports-people-request-messages-v3,
iPad,"iPad17,2",26.3,supports-people-request-messages-v3,
iPad,"iPad17,3",26.3,supports-people-request-messages-v3,
iPad,"iPad17,4",26.3,supports-people-request-messages-v3,
iPad,"iPad17,1",26.3,supports-recurring-payment-bubbles,
iPad,"iPad17,2",26.3,supports-recurring-payment-bubbles,
iPad,"iPad17,3",26.3,supports-recurring-payment-bubbles,
iPad,"iPad17,4",26.3,supports-recurring-payment-bubbles,
iPad,"iPad17,1",26.3,supports-gft-relay,
iPad,"iPad17,2",26.3,supports-gft-relay,
iPad,"iPad17,3",26.3,supports-gft-relay,
iPad,"iPad17,4",26.3,supports-gft-relay,
iPad,"iPad17,1",26.3,supports-group-photo-refresh-version,
iPad,"iPad17,2",26.3,supports-group-photo-refresh-version,
iPad,"iPad17,3",26.3,supports-group-photo-refresh-version,
iPad,"iPad17,4",26.3,supports-group-photo-refresh-version,
iPad,"iPad17,1",26.3,supports-ssrc,
iPad,"iPad17,2",26.3,supports-ssrc,
iPad,"iPad17,3",26.3,supports-ssrc,
iPad,"iPad17,4",26.3,supports-ssrc,
iPad,"iPad17,1",26.3,supports-emoji-tapbacks,
iPad,"iPad17,2",26.3,supports-emoji-tapbacks,
iPad,"iPad17,3",26.3,supports-emoji-tapbacks,
iPad,"iPad17,4",26.3,supports-emoji-tapbacks,
iPad,"iPad17,1",26.3,supports-send-later-messages,
iPad,"iPad17,2",26.3,supports-send-later-messages,
iPad,"iPad17,3",26.3,supports-send-later-messages,
iPad,"iPad17,4",26.3,supports-send-later-messages,
iPad,"iPad17,1",26.3,supports-restricted-guest,
iPad,"iPad17,2",26.3,supports-restricted-guest,
iPad,"iPad17,3",26.3,supports-restricted-guest,
iPad,"iPad17,4",26.3,supports-restricted-guest,
iPad,"iPad17,1",26.3,supports-adaptive-temperature-automations,
iPad,"iPad17,2",26.3,supports-adaptive-temperature-automations,
iPad,"iPad17,3",26.3,supports-adaptive-temperature-automations,
iPad,"iPad17,4",26.3,supports-adaptive-temperature-automations,
iPad,"iPad17,1",26.3,supports-emoji-images,
iPad,"iPad17,2",26.3,supports-emoji-images,
iPad,"iPad17,3",26.3,supports-emoji-images,
iPad,"iPad17,4",26.3,supports-emoji-images,
iPad,"iPad17,1",26.3,supports-stick-moji-backs,
iPad,"iPad17,2",26.3,supports-stick-moji-backs,
iPad,"iPad17,3",26.3,supports-stick-moji-backs,
iPad,"iPad17,4",26.3,supports-stick-moji-backs,
iPad,"iPad17,1",26.3,supports-high-quality-photo-file-sizes,
iPad,"iPad17,2",26.3,supports-high-quality-photo-file-sizes,
iPad,"iPad17,3",26.3,supports-high-quality-photo-file-sizes,
iPad,"iPad17,4",26.3,supports-high-quality-photo-file-sizes,
iPad,"iPad17,1",26.3,supports-stewie,False
iPad,"iPad17,2",26.3,supports-stewie,False
iPad,"iPad17,3",26.3,supports-stewie,False
iPad,"iPad17,4",26.3,supports-stewie,False
iPad,"iPad17,1",26.3,sender-key-message-version,
iPad,"iPad17,2",26.3,sender-key-message-version,
iPad,"iPad17,3",26.3,sender-key-message-version,
iPad,"iPad17,4",26.3,sender-key-message-version,
iPad,"iPad17,1",26.3,supports-remote-atv-signin,
iPad,"iPad17,2",26.3,supports-remote-atv-signin,
iPad,"iPad17,3",26.3,supports-remote-atv-signin,
iPad,"iPad17,4",26.3,supports-remote-atv-signin,
iPad,"iPad17,1",26.3,supports-sender-key-v1,
iPad,"iPad17,2",26.3,supports-sender-key-v1,
iPad,"iPad17,3",26.3,supports-sender-key-v1,
iPad,"iPad17,4",26.3,supports-sender-key-v1,
iPad,"iPad17,1",26.3,supports-uriless-membership-updates,
iPad,"iPad17,2",26.3,supports-uriless-membership-updates,
iPad,"iPad17,3",26.3,supports-uriless-membership-updates,
iPad,"iPad17,4",26.3,supports-uriless-membership-updates,
iPad,"iPad17,1",26.3,supports-sender-key-self-check,
iPad,"iPad17,2",26.3,supports-sender-key-self-check,
iPad,"iPad17,3",26.3,supports-sender-key-self-check,
iPad,"iPad17,4",26.3,supports-sender-key-self-check,
iPad,"iPad17,1",26.3,supports-recovery-contact-upsell,
iPad,"iPad17,2",26.3,supports-recovery-contact-upsell,
iPad,"iPad17,3",26.3,supports-recovery-contact-upsell,
iPad,"iPad17,4",26.3,supports-recovery-contact-upsell,
iPad,"iPad17,1",26.3,supports-user-driven-call-activation,
iPad,"iPad17,2",26.3,supports-user-driven-call-activation,
iPad,"iPad17,3",26.3,supports-user-driven-call-activation,
iPad,"iPad17,4",26.3,supports-user-driven-call-activation,
iPad,"iPad17,1",26.3,supports-legacy-contact-invites-v1,
iPad,"iPad17,2",26.3,supports-legacy-contact-invites-v1,
iPad,"iPad17,3",26.3,supports-legacy-contact-invites-v1,
iPad,"iPad17,4",26.3,supports-legacy-contact-invites-v1,
iPad,"iPad17,1",26.3,supports-legacy-contact-invites-v2,
iPad,"iPad17,2",26.3,supports-legacy-contact-invites-v2,
iPad,"iPad17,3",26.3,supports-legacy-contact-invites-v2,
iPad,"iPad17,4",26.3,supports-legacy-contact-invites-v2,
iPad,"iPad17,1",26.3,supports-legacy-contact-invites-v3,
iPad,"iPad17,2",26.3,supports-legacy-contact-invites-v3,
iPad,"iPad17,3",26.3,supports-legacy-contact-invites-v3,
iPad,"iPad17,4",26.3,supports-legacy-contact-invites-v3,
iPad,"iPad17,1",26.3,supports-calls-25,
iPad,"iPad17,2",26.3,supports-calls-25,
iPad,"iPad17,3",26.3,supports-calls-25,
iPad,"iPad17,4",26.3,supports-calls-25,
iPad,"iPad17,1",26.3,supports-introductions-v1,
iPad,"iPad17,2",26.3,supports-introductions-v1,
iPad,"iPad17,3",26.3,supports-introductions-v1,
iPad,"iPad17,4",26.3,supports-introductions-v1,
iPad,"iPad17,1",26.3,supports-rbm-chatbot,
iPad,"iPad17,2",26.3,supports-rbm-chatbot,
iPad,"iPad17,3",26.3,supports-rbm-chatbot,
iPad,"iPad17,4",26.3,supports-rbm-chatbot,
iPhone,"iPhone15,2",26.3,show-peer-errors,
iPhone,"iPhone15,2",26.3,is-c2k-equipment,
iPhone,"iPhone15,2",26.3,supports-inline-attachments,
iPhone,"iPhone15,2",26.3,supports-keep-receipts,
iPhone,"iPhone15,2",26.3,supports-location-sharing,
iPhone,"iPhone15,2",26.3,supports-media-v2,
iPhone,"iPhone15,2",26.3,supports-st-v1,
iPhone,"iPhone15,2",26.3,supports-ca-v1,
iPhone,"iPhone15,2",26.3,supports-be-v1,
iPhone,"iPhone15,2",26.3,supports-ack-v1,
iPhone,"iPhone15,2",26.3,supports-fsm-v1,
iPhone,"iPhone15,2",26.3,supports-fsm-v2,
iPhone,"iPhone15,2",26.3,supports-fsm-v3,
iPhone,"iPhone15,2",26.3,supports-ii-v1,
iPhone,"iPhone15,2",26.3,supports-impact-v1,
iPhone,"iPhone15,2",26.3,supports-update-attachments-v1,
iPhone,"iPhone15,2",26.3,supports-autoloopvideo-v1,
iPhone,"iPhone15,2",26.3,supports-photos-extension-v1,
iPhone,"iPhone15,2",26.3,supports-photos-extension-v2,
iPhone,"iPhone15,2",26.3,supports-screen-time-v2,
iPhone,"iPhone15,2",26.3,supports-live-delivery,
iPhone,"iPhone15,2",26.3,supports-audio-messaging-v2,
iPhone,"iPhone15,2",26.3,supports-animoji-v2,
iPhone,"iPhone15,2",26.3,supports-certified-delivery-v1,
iPhone,"iPhone15,2",26.3,supports-original-timestamp-v1,
iPhone,"iPhone15,2",26.3,supports-incoming-fmd-v1,
iPhone,"iPhone15,2",26.3,optionally-receive-typing-indicators,
iPhone,"iPhone15,2",26.3,nicknames-version,
iPhone,"iPhone15,2",26.3,kt-version,5.0
iPhone,"iPhone15,2",26.3,device-key-signature,
iPhone,"iPhone15,2",26.3,ec-version,1.0
iPhone,"iPhone15,2",26.3,supports-protobuf-payload-data-v2,
iPhone,"iPhone15,2",26.3,supports-heif,True
iPhone,"iPhone15,2",26.3,supports-hdr,
iPhone,"iPhone15,2",26.3,prefers-sdr,
iPhone,"iPhone15,2",26.3,supports-qta,
iPhone,"iPhone15,2",26.3,supports-modern-gft,
iPhone,"iPhone15,2",26.3,supports-co,
iPhone,"iPhone15,2",26.3,is-green-tea,
iPhone,"iPhone15,2",26.3,supports-sa-v1,
iPhone,"iPhone15,2",26.3,supports-dq-nr,
iPhone,"iPhone15,2",26.3,supports-rem,
iPhone,"iPhone15,2",26.3,supports-shared-exp,
iPhone,"iPhone15,2",26.3,supports-st-er,
iPhone,"iPhone15,2",26.3,supports-family-invite-message-bubble,
iPhone,"iPhone15,2",26.3,supports-maps-protocol-v5,
iPhone,"iPhone15,2",26.3,supports-hi-res-vid,
iPhone,"iPhone15,2",26.3,supports-live-translation,
iPhone,"iPhone15,2",26.3,supports-mirage,
iPhone,"iPhone15,2",26.3,supports-nearby-facetime,
iPhone,"iPhone15,2",26.3,supports-emoji-stickers,
iPhone,"iPhone15,2",26.3,supports-sticker-editing,
iPhone,"iPhone15,2",26.3,supports-transcript-backgrounds,
iPhone,"iPhone15,2",26.3,supports-polls,
iPhone,"iPhone15,2",26.3,supports-lqm-hq,
iPhone,"iPhone15,2",26.3,supports-group-apple-cash,
iPhone,"iPhone15,2",26.3,supports-ckv-enforcement,
iPhone,"iPhone15,2",26.3,supports-gti,
iPhone,"iPhone15,2",26.3,supports-aot,
iPhone,"iPhone15,2",26.3,supports-key-sharing,
iPhone,"iPhone15,2",26.3,supports-harmony,
iPhone,"iPhone15,2",26.3,supports-activity-sharing-v1,True
iPhone,"iPhone15,2",26.3,supports-manatee-for-apple-cash,
iPhone,"iPhone15,2",26.3,supports-region-for-apple-cash,
iPhone,"iPhone15,2",26.3,supports-fmd-v2,True
iPhone,"iPhone15,2",26.3,supports-fm-fence-v1,True
iPhone,"iPhone15,2",26.3,supports-secure-loc-v1,
iPhone,"iPhone15,2",26.3,supports-zelkova,True
iPhone,"iPhone15,2",26.3,supports-people-ranging-v1,
iPhone,"iPhone15,2",26.3,supports-beacon-sharing-v3,
iPhone,"iPhone15,2",26.3,supports-manatee-activity-sharing,
iPhone,"iPhone15,2",26.3,supports-queue-one-read-receipts-v3,
iPhone,"iPhone15,2",26.3,supports-uwb,True
iPhone,"iPhone15,2",26.3,supports-gft-errors,
iPhone,"iPhone15,2",26.3,supports-gft-calls,
iPhone,"iPhone15,2",26.3,supports-hk-resident,
iPhone,"iPhone15,2",26.3,supports-maps-routing-path-leg,
iPhone,"iPhone15,2",26.3,supports-maps-wgs84-elevation-model,
iPhone,"iPhone15,2",26.3,supports-beacon-sharing-v2,
iPhone,"iPhone15,2",26.3,is-web-client,
iPhone,"iPhone15,2",26.3,supports-beneficiary-invites,
iPhone,"iPhone15,2",26.3,supports-people-request-messages,
iPhone,"iPhone15,2",26.3,supports-avless,
iPhone,"iPhone15,2",26.3,supports-maps-waypoint-route-sharing,
iPhone,"iPhone15,2",26.3,supports-cross-platform-sharing,
iPhone,"iPhone15,2",26.3,supports-self-one-to-one-invites,
iPhone,"iPhone15,2",26.3,supports-people-request-messages-v2,
iPhone,"iPhone15,2",26.3,supports-askto,
iPhone,"iPhone15,2",26.3,supports-askto-v2,
iPhone,"iPhone15,2",26.3,supports-askto-responseUI,
iPhone,"iPhone15,2",26.3,supports-significant-app-update,
iPhone,"iPhone15,2",26.3,supports-hybrid-groups-v1,
iPhone,"iPhone15,2",26.3,supports-findmy-plugin-messages,
iPhone,"iPhone15,2",26.3,supports-sos-alerting,True
iPhone,"iPhone15,2",26.3,supports-people-request-messages-v3,
iPhone,"iPhone15,2",26.3,supports-recurring-payment-bubbles,
iPhone,"iPhone15,2",26.3,supports-gft-relay,
iPhone,"iPhone15,2",26.3,supports-group-photo-refresh-version,
iPhone,"iPhone15,2",26.3,supports-ssrc,
iPhone,"iPhone15,2",26.3,supports-emoji-tapbacks,
iPhone,"iPhone15,2",26.3,supports-send-later-messages,
iPhone,"iPhone15,2",26.3,supports-restricted-guest,
iPhone,"iPhone15,2",26.3,supports-adaptive-temperature-automations,
iPhone,"iPhone15,2",26.3,supports-emoji-images,
iPhone,"iPhone15,2",26.3,supports-stick-moji-backs,
iPhone,"iPhone15,2",26.3,supports-high-quality-photo-file-sizes,
iPhone,"iPhone15,2",26.3,supports-stewie,True
iPhone,"iPhone15,2",26.3,sender-key-message-version,
iPhone,"iPhone15,2",26.3,supports-remote-atv-signin,
iPhone,"iPhone15,2",26.3,supports-sender-key-v1,
iPhone,"iPhone15,2",26.3,supports-uriless-membership-updates,
iPhone,"iPhone15,2",26.3,supports-sender-key-self-check,
iPhone,"iPhone15,2",26.3,supports-recovery-contact-upsell,
iPhone,"iPhone15,2",26.3,supports-user-driven-call-activation,
iPhone,"iPhone15,2",26.3,supports-legacy-contact-invites-v1,
iPhone,"iPhone15,2",26.3,supports-legacy-contact-invites-v2,
iPhone,"iPhone15,2",26.3,supports-legacy-contact-invites-v3,
iPhone,"iPhone15,2",26.3,supports-calls-25,
iPhone,"iPhone15,2",26.3,supports-introductions-v1,
iPhone,"iPhone15,2",26.3,supports-rbm-chatbot,
Mac,UniversalMac,26.3,show-peer-errors,
Mac,UniversalMac,26.3,is-c2k-equipment,False
Mac,UniversalMac,26.3,supports-inline-attachments,
Mac,UniversalMac,26.3,supports-keep-receipts,
Mac,UniversalMac,26.3,supports-location-sharing,
Mac,UniversalMac,26.3,supports-media-v2,
Mac,UniversalMac,26.3,supports-st-v1,
Mac,UniversalMac,26.3,supports-ca-v1,
Mac,UniversalMac,26.3,supports-be-v1,
Mac,UniversalMac,26.3,supports-ack-v1,
Mac,UniversalMac,26.3,supports-fsm-v1,
Mac,UniversalMac,26.3,supports-fsm-v2,
Mac,UniversalMac,26.3,supports-fsm-v3,
Mac,UniversalMac,26.3,supports-ii-v1,
Mac,UniversalMac,26.3,supports-impact-v1,
Mac,UniversalMac,26.3,supports-update-attachments-v1,
Mac,UniversalMac,26.3,supports-autoloopvideo-v1,
Mac,UniversalMac,26.3,supports-photos-extension-v1,
Mac,UniversalMac,26.3,supports-photos-extension-v2,
Mac,UniversalMac,26.3,supports-screen-time-v2,
Mac,UniversalMac,26.3,supports-live-delivery,
Mac,UniversalMac,26.3,supports-audio-messaging-v2,
Mac,UniversalMac,26.3,supports-animoji-v2,True
Mac,UniversalMac,26.3,supports-certified-delivery-v1,
Mac,UniversalMac,26.3,supports-original-timestamp-v1,
Mac,UniversalMac,26.3,supports-incoming-fmd-v1,
Mac,UniversalMac,26.3,optionally-receive-typing-indicators,
Mac,UniversalMac,26.3,nicknames-version,
Mac,UniversalMac,26.3,kt-version,5.0
Mac,UniversalMac,26.3,device-key-signature,
Mac,UniversalMac,26.3,ec-version,1.0
Mac,UniversalMac,26.3,supports-protobuf-payload-data-v2,
Mac,UniversalMac,26.3,supports-heif,True
Mac,UniversalMac,26.3,supports-hdr,True
Mac,UniversalMac,26.3,prefers-sdr,
Mac,UniversalMac,26.3,supports-qta,
Mac,UniversalMac,26.3,supports-modern-gft,
Mac,UniversalMac,26.3,supports-co,
Mac,UniversalMac,26.3,is-green-tea,
Mac,UniversalMac,26.3,supports-sa-v1,
Mac,UniversalMac,26.3,supports-dq-nr,
Mac,UniversalMac,26.3,supports-rem,
Mac,UniversalMac,26.3,supports-shared-exp,
Mac,UniversalMac,26.3,supports-st-er,
Mac,UniversalMac,26.3,supports-family-invite-message-bubble,
Mac,UniversalMac,26.3,supports-maps-protocol-v5,
Mac,UniversalMac,26.3,supports-hi-res-vid,
Mac,UniversalMac,26.3,supports-live-translation,
Mac,UniversalMac,26.3,supports-mirage,
Mac,UniversalMac,26.3,supports-nearby-facetime,
Mac,UniversalMac,26.3,supports-emoji-stickers,
Mac,UniversalMac,26.3,supports-sticker-editing,
Mac,UniversalMac,26.3,supports-transcript-backgrounds,
Mac,UniversalMac,26.3,supports-polls,
Mac,UniversalMac,26.3,supports-lqm-hq,
Mac,UniversalMac,26.3,supports-group-apple-cash,
Mac,UniversalMac,26.3,supports-ckv-enforcement,
Mac,UniversalMac,26.3,supports-gti,
Mac,UniversalMac,26.3,supports-aot,
Mac,UniversalMac,26.3,supports-key-sharing,
Mac,UniversalMac,26.3,supports-harmony,False
Mac,UniversalMac,26.3,supports-fmd-v2,True
Mac,UniversalMac,26.3,supports-fm-fence-v1,
Mac,UniversalMac,26.3,supports-secure-loc-v1,
Mac,UniversalMac,26.3,supports-zelkova,True
Mac,UniversalMac,26.3,supports-people-ranging-v1,
Mac,UniversalMac,26.3,supports-beacon-sharing-v3,
Mac,UniversalMac,26.3,supports-manatee-activity-sharing,
Mac,UniversalMac,26.3,supports-queue-one-read-receipts-v3,
Mac,UniversalMac,26.3,supports-uwb,False
Mac,UniversalMac,26.3,supports-gft-errors,
Mac,UniversalMac,26.3,supports-gft-calls,
Mac,UniversalMac,26.3,supports-hk-resident,
Mac,UniversalMac,26.3,supports-maps-routing-path-leg,
Mac,UniversalMac,26.3,supports-maps-wgs84-elevation-model,
Mac,UniversalMac,26.3,supports-beacon-sharing-v2,
Mac,UniversalMac,26.3,is-web-client,
Mac,UniversalMac,26.3,supports-beneficiary-invites,
Mac,UniversalMac,26.3,supports-people-request-messages,
Mac,UniversalMac,26.3,supports-avless,
Mac,UniversalMac,26.3,supports-maps-waypoint-route-sharing,
Mac,UniversalMac,26.3,supports-cross-platform-sharing,
Mac,UniversalMac,26.3,supports-self-one-to-one-invites,
Mac,UniversalMac,26.3,supports-people-request-messages-v2,
Mac,UniversalMac,26.3,supports-askto,
Mac,UniversalMac,26.3,supports-askto-v2,
Mac,UniversalMac,26.3,supports-askto-responseUI,
Mac,UniversalMac,26.3,supports-significant-app-update,
Mac,UniversalMac,26.3,supports-hybrid-groups-v1,
Mac,UniversalMac,26.3,supports-findmy-plugin-messages,
Mac,UniversalMac,26.3,supports-sos-alerting,
Mac,UniversalMac,26.3,supports-people-request-messages-v3,
Mac,UniversalMac,26.3,supports-recurring-payment-bubbles,
Mac,UniversalMac,26.3,supports-gft-relay,
Mac,UniversalMac,26.3,supports-group-photo-refresh-version,
Mac,UniversalMac,26.3,supports-ssrc,
Mac,UniversalMac,26.3,supports-emoji-tapbacks,
Mac,UniversalMac,26.3,supports-send-later-messages,
Mac,UniversalMac,26.3,supports-restricted-guest,
Mac,UniversalMac,26.3,supports-adaptive-temperature-automations,
Mac,UniversalMac,26.3,supports-emoji-images,
Mac,UniversalMac,26.3,supports-stick-moji-backs,
Mac,UniversalMac,26.3,supports-high-quality-photo-file-sizes,
Mac,UniversalMac,26.3,supports-stewie,False
Mac,UniversalMac,26.3,sender-key-message-version,
Mac,UniversalMac,26.3,supports-remote-atv-signin,
Mac,UniversalMac,26.3,supports-sender-key-v1,
Mac,UniversalMac,26.3,supports-uriless-membership-updates,
Mac,UniversalMac,26.3,supports-sender-key-self-check,
Mac,UniversalMac,26.3,supports-recovery-contact-upsell,
Mac,UniversalMac,26.3,supports-user-driven-call-activation,
Mac,UniversalMac,26.3,supports-legacy-contact-invites-v1,
Mac,UniversalMac,26.3,supports-legacy-contact-invites-v2,
Mac,UniversalMac,26.3,supports-legacy-contact-invites-v3,
Mac,UniversalMac,26.3,supports-calls-25,
Mac,UniversalMac,26.3,supports-introductions-v1,
Mac,UniversalMac,26.3,supports-rbm-chatbot,
iPad,iPad_10.2,18.7.1,show-peer-errors,
iPad,iPad_10.2,18.7.1,is-c2k-equipment,
iPad,iPad_10.2,18.7.1,supports-inline-attachments,
iPad,iPad_10.2,18.7.1,supports-keep-receipts,
iPad,iPad_10.2,18.7.1,supports-location-sharing,
iPad,iPad_10.2,18.7.1,supports-media-v2,
iPad,iPad_10.2,18.7.1,supports-st-v1,
iPad,iPad_10.2,18.7.1,supports-ca-v1,
iPad,iPad_10.2,18.7.1,supports-be-v1,
iPad,iPad_10.2,18.7.1,supports-ack-v1,
iPad,iPad_10.2,18.7.1,supports-fsm-v1,
iPad,iPad_10.2,18.7.1,supports-fsm-v2,
iPad,iPad_10.2,18.7.1,supports-fsm-v3,
iPad,iPad_10.2,18.7.1,supports-ii-v1,
iPad,iPad_10.2,18.7.1,supports-impact-v1,
iPad,iPad_10.2,18.7.1,supports-update-attachments-v1,
iPad,iPad_10.2,18.7.1,supports-autoloopvideo-v1,
iPad,iPad_10.2,18.7.1,supports-photos-extension-v1,
iPad,iPad_10.2,18.7.1,supports-photos-extension-v2,
iPad,iPad_10.2,18.7.1,supports-screen-time-v2,
iPad,iPad_10.2,18.7.1,supports-live-delivery,
iPad,iPad_10.2,18.7.1,supports-audio-messaging-v2,
iPad,iPad_10.2,18.7.1,supports-animoji-v2,
iPad,iPad_10.2,18.7.1,supports-certified-delivery-v1,
iPad,iPad_10.2,18.7.1,supports-original-timestamp-v1,
iPad,iPad_10.2,18.7.1,supports-incoming-fmd-v1,
iPad,iPad_10.2,18.7.1,optionally-receive-typing-indicators,
iPad,iPad_10.2,18.7.1,nicknames-version,
iPad,iPad_10.2,18.7.1,kt-version,5.0
iPad,iPad_10.2,18.7.1,device-key-signature,
iPad,iPad_10.2,18.7.1,ec-version,1.0
iPad,iPad_10.2,18.7.1,supports-protobuf-payload-data-v2,
iPad,iPad_10.2,18.7.1,supports-heif,True
iPad,iPad_10.2,18.7.1,supports-hdr,False
iPad,iPad_10.2,18.7.1,prefers-sdr,
iPad,iPad_10.2,18.7.1,supports-qta,
iPad,iPad_10.2,18.7.1,supports-modern-gft,
iPad,iPad_10.2,18.7.1,supports-co,
iPad,iPad_10.2,18.7.1,is-green-tea,
iPad,iPad_10.2,18.7.1,supports-sa-v1,
iPad,iPad_10.2,18.7.1,supports-dq-nr,
iPad,iPad_10.2,18.7.1,supports-rem,
iPad,iPad_10.2,18.7.1,supports-shared-exp,
iPad,iPad_10.2,18.7.1,supports-st-er,
iPad,iPad_10.2,18.7.1,supports-family-invite-message-bubble,
iPad,iPad_10.2,18.7.1,supports-maps-protocol-v5,
iPad,iPad_10.2,18.7.1,supports-hi-res-vid,
iPad,iPad_10.2,18.7.1,supports-mirage,
iPad,iPad_10.2,18.7.1,supports-emoji-stickers,
iPad,iPad_10.2,18.7.1,supports-sticker-editing,
iPad,iPad_10.2,18.7.1,supports-key-sharing,
iPad,iPad_10.2,18.7.1,supports-harmony,
iPad,iPad_10.2,18.7.1,supports-activity-sharing-v1,
iPad,iPad_10.2,18.7.1,supports-manatee-for-apple-cash,
iPad,iPad_10.2,18.7.1,supports-region-for-apple-cash,
iPad,iPad_10.2,18.7.1,supports-fmd-v2,True
iPad,iPad_10.2,18.7.1,supports-fm-fence-v1,True
iPad,iPad_10.2,18.7.1,supports-secure-loc-v1,
iPad,iPad_10.2,18.7.1,supports-zelkova,True
iPad,iPad_10.2,18.7.1,supports-people-ranging-v1,
iPad,iPad_10.2,18.7.1,supports-beacon-sharing-v3,
iPad,iPad_10.2,18.7.1,supports-manatee-activity-sharing,
iPad,iPad_10.2,18.7.1,supports-uwb,False
iPad,iPad_10.2,18.7.1,supports-gft-errors,
iPad,iPad_10.2,18.7.1,supports-gft-calls,
iPad,iPad_10.2,18.7.1,supports-hk-resident,
iPad,iPad_10.2,18.7.1,supports-maps-routing-path-leg,
iPad,iPad_10.2,18.7.1,supports-beacon-sharing-v2,
iPad,iPad_10.2,18.7.1,is-web-client,
iPad,iPad_10.2,18.7.1,supports-beneficiary-invites,
iPad,iPad_10.2,18.7.1,supports-people-request-messages,
iPad,iPad_10.2,18.7.1,supports-avless,
iPad,iPad_10.2,18.7.1,supports-maps-waypoint-route-sharing,
iPad,iPad_10.2,18.7.1,supports-cross-platform-sharing,
iPad,iPad_10.2,18.7.1,supports-self-one-to-one-invites,
iPad,iPad_10.2,18.7.1,supports-people-request-messages-v2,
iPad,iPad_10.2,18.7.1,supports-askto,
iPad,iPad_10.2,18.7.1,supports-hybrid-groups-v1,
iPad,iPad_10.2,18.7.1,supports-findmy-plugin-messages,
iPad,iPad_10.2,18.7.1,supports-sos-alerting,
iPad,iPad_10.2,18.7.1,supports-people-request-messages-v3,
iPad,iPad_10.2,18.7.1,supports-recurring-payment-bubbles,
iPad,iPad_10.2,18.7.1,supports-gft-relay,
iPad,iPad_10.2,18.7.1,supports-group-photo-refresh-version,
iPad,iPad_10.2,18.7.1,supports-ssrc,
iPad,iPad_10.2,18.7.1,supports-emoji-tapbacks,
iPad,iPad_10.2,18.7.1,supports-send-later-messages,
iPad,iPad_10.2,18.7.1,supports-restricted-guest,
iPad,iPad_10.2,18.7.1,supports-emoji-images,
iPad,iPad_10.2,18.7.1,supports-stick-moji-backs,
iPad,iPad_10.2,18.7.1,supports-high-quality-photo-file-sizes,
iPad,iPad_10.2,18.7.1,supports-stewie,False
iPad,iPad_10.2,18.7.1,sender-key-message-version,
iPad,iPad_10.2,18.7.1,supports-remote-atv-signin,
iPad,iPad_10.2,18.7.1,supports-sender-key-v1,
iPad,iPad_10.2,18.7.1,supports-sender-key-self-check,
iPad,iPad_10.2,18.7.1,supports-recovery-contact-upsell,
iPad,iPad_10.2,18.7.1,supports-user-driven-call-activation,
iPad,iPad_10.2,18.7.1,supports-legacy-contact-invites-v1,
iPad,iPad_10.2,18.7.1,supports-rbm-chatbot,
iPad,iPad_Spring_2022,26.2,show-peer-errors,
iPad,iPad_Spring_2022,26.2,is-c2k-equipment,
iPad,iPad_Spring_2022,26.2,supports-inline-attachments,
iPad,iPad_Spring_2022,26.2,supports-keep-receipts,
iPad,iPad_Spring_2022,26.2,supports-location-sharing,
iPad,iPad_Spring_2022,26.2,supports-media-v2,
iPad,iPad_Spring_2022,26.2,supports-st-v1,
iPad,iPad_Spring_2022,26.2,supports-ca-v1,
iPad,iPad_Spring_2022,26.2,supports-be-v1,
iPad,iPad_Spring_2022,26.2,supports-ack-v1,
iPad,iPad_Spring_2022,26.2,supports-fsm-v1,
iPad,iPad_Spring_2022,26.2,supports-fsm-v2,
iPad,iPad_Spring_2022,26.2,supports-fsm-v3,
iPad,iPad_Spring_2022,26.2,supports-ii-v1,
iPad,iPad_Spring_2022,26.2,supports-impact-v1,
iPad,iPad_Spring_2022,26.2,supports-update-attachments-v1,
iPad,iPad_Spring_2022,26.2,supports-autoloopvideo-v1,
iPad,iPad_Spring_2022,26.2,supports-photos-extension-v1,
iPad,iPad_Spring_2022,26.2,supports-photos-extension-v2,
iPad,iPad_Spring_2022,26.2,supports-screen-time-v2,
iPad,iPad_Spring_2022,26.2,supports-live-delivery,
iPad,iPad_Spring_2022,26.2,supports-audio-messaging-v2,
iPad,iPad_Spring_2022,26.2,supports-animoji-v2,
iPad,iPad_Spring_2022,26.2,supports-certified-delivery-v1,
iPad,iPad_Spring_2022,26.2,supports-original-timestamp-v1,
iPad,iPad_Spring_2022,26.2,supports-incoming-fmd-v1,
iPad,iPad_Spring_2022,26.2,optionally-receive-typing-indicators,
iPad,iPad_Spring_2022,26.2,nicknames-version,
iPad,iPad_Spring_2022,26.2,kt-version,5.0
iPad,iPad_Spring_2022,26.2,device-key-signature,
iPad,iPad_Spring_2022,26.2,ec-version,1.0
iPad,iPad_Spring_2022,26.2,supports-protobuf-payload-data-v2,
iPad,iPad_Spring_2022,26.2,supports-heif,True
iPad,iPad_Spring_2022,26.2,supports-hdr,
iPad,iPad_Spring_2022,26.2,prefers-sdr,
iPad,iPad_Spring_2022,26.2,supports-qta,
iPad,iPad_Spring_2022,26.2,supports-modern-gft,
iPad,iPad_Spring_2022,26.2,supports-co,
iPad,iPad_Spring_2022,26.2,is-green-tea,
iPad,iPad_Spring_2022,26.2,supports-sa-v1,
iPad,iPad_Spring_2022,26.2,supports-dq-nr,
iPad,iPad_Spring_2022,26.2,supports-rem,
iPad,iPad_Spring_2022,26.2,supports-shared-exp,
iPad,iPad_Spring_2022,26.2,supports-st-er,
iPad,iPad_Spring_2022,26.2,supports-family-invite-message-bubble,
iPad,iPad_Spring_2022,26.2,supports-maps-protocol-v5,
iPad,iPad_Spring_2022,26.2,supports-hi-res-vid,
iPad,iPad_Spring_2022,26.2,supports-live-translation,
iPad,iPad_Spring_2022,26.2,supports-mirage,
iPad,iPad_Spring_2022,26.2,supports-nearby-facetime,
iPad,iPad_Spring_2022,26.2,supports-emoji-stickers,
iPad,iPad_Spring_2022,26.2,supports-sticker-editing,
iPad,iPad_Spring_2022,26.2,supports-transcript-backgrounds,
iPad,iPad_Spring_2022,26.2,supports-polls,
iPad,iPad_Spring_2022,26.2,supports-lqm-hq,
iPad,iPad_Spring_2022,26.2,supports-group-apple-cash,
iPad,iPad_Spring_2022,26.2,supports-ckv-enforcement,
iPad,iPad_Spring_2022,26.2,supports-gti,
iPad,iPad_Spring_2022,26.2,supports-aot,
iPad,iPad_Spring_2022,26.2,supports-key-sharing,
iPad,iPad_Spring_2022,26.2,supports-harmony,
iPad,iPad_Spring_2022,26.2,supports-activity-sharing-v1,
iPad,iPad_Spring_2022,26.2,supports-manatee-for-apple-cash,
iPad,iPad_Spring_2022,26.2,supports-region-for-apple-cash,
iPad,iPad_Spring_2022,26.2,supports-fmd-v2,True
iPad,iPad_Spring_2022,26.2,supports-fm-fence-v1,True
iPad,iPad_Spring_2022,26.2,supports-secure-loc-v1,
iPad,iPad_Spring_2022,26.2,supports-zelkova,True
iPad,iPad_Spring_2022,26.2,supports-people-ranging-v1,
iPad,iPad_Spring_2022,26.2,supports-beacon-sharing-v3,
iPad,iPad_Spring_2022,26.2,supports-manatee-activity-sharing,
iPad,iPad_Spring_2022,26.2,supports-queue-one-read-receipts-v3,
iPad,iPad_Spring_2022,26.2,supports-uwb,False
iPad,iPad_Spring_2022,26.2,supports-gft-errors,
iPad,iPad_Spring_2022,26.2,supports-gft-calls,
iPad,iPad_Spring_2022,26.2,supports-hk-resident,
iPad,iPad_Spring_2022,26.2,supports-maps-routing-path-leg,
iPad,iPad_Spring_2022,26.2,supports-maps-wgs84-elevation-model,
iPad,iPad_Spring_2022,26.2,supports-beacon-sharing-v2,
iPad,iPad_Spring_2022,26.2,is-web-client,
iPad,iPad_Spring_2022,26.2,supports-beneficiary-invites,
iPad,iPad_Spring_2022,26.2,supports-people-request-messages,
iPad,iPad_Spring_2022,26.2,supports-avless,
iPad,iPad_Spring_2022,26.2,supports-maps-waypoint-route-sharing,
iPad,iPad_Spring_2022,26.2,supports-cross-platform-sharing,
iPad,iPad_Spring_2022,26.2,supports-self-one-to-one-invites,
iPad,iPad_Spring_2022,26.2,supports-people-request-messages-v2,
iPad,iPad_Spring_2022,26.2,supports-askto,
iPad,iPad_Spring_2022,26.2,supports-askto-v2,
iPad,iPad_Spring_2022,26.2,supports-askto-responseUI,
iPad,iPad_Spring_2022,26.2,supports-significant-app-update,
iPad,iPad_Spring_2022,26.2,supports-hybrid-groups-v1,
iPad,iPad_Spring_2022,26.2,supports-findmy-plugin-messages,
iPad,iPad_Spring_2022,26.2,supports-sos-alerting,
iPad,iPad_Spring_2022,26.2,supports-people-request-messages-v3,
iPad,iPad_Spring_2022,26.2,supports-recurring-payment-bubbles,
iPad,iPad_Spring_2022,26.2,supports-gft-relay,
iPad,iPad_Spring_2022,26.2,supports-group-photo-refresh-version,
iPad,iPad_Spring_2022,26.2,supports-ssrc,
iPad,iPad_Spring_2022,26.2,supports-emoji-tapbacks,
iPad,iPad_Spring_2022,26.2,supports-send-later-messages,
iPad,iPad_Spring_2022,26.2,supports-restricted-guest,
iPad,iPad_Spring_2022,26.2,supports-adaptive-temperature-automations,
iPad,iPad_Spring_2022,26.2,supports-emoji-images,
iPad,iPad_Spring_2022,26.2,supports-stick-moji-backs,
iPad,iPad_Spring_2022,26.2,supports-high-quality-photo-file-sizes,
iPad,iPad_Spring_2022,26.2,supports-stewie,False
iPad,iPad_Spring_2022,26.2,sender-key-message-version,
iPad,iPad_Spring_2022,26.2,supports-remote-atv-signin,
iPad,iPad_Spring_2022,26.2,supports-sender-key-v1,
iPad,iPad_Spring_2022,26.2,supports-uriless-membership-updates,
iPad,iPad_Spring_2022,26.2,supports-sender-key-self-check,
iPad,iPad_Spring_2022,26.2,supports-recovery-contact-upsell,
iPad,iPad_Spring_2022,26.2,supports-user-driven-call-activation,
iPad,iPad_Spring_2022,26.2,supports-legacy-contact-invites-v1,
iPad,iPad_Spring_2022,26.2,supports-legacy-contact-invites-v2,
iPad,iPad_Spring_2022,26.2,supports-legacy-contact-invites-v3,
iPad,iPad_Spring_2022,26.2,supports-calls-25,
iPad,iPad_Spring_2022,26.2,supports-introductions-v1,
iPad,iPad_Spring_2022,26.2,supports-rbm-chatbot,
iPhone,"iPhone14,4",16.0,show-peer-errors,
iPhone,"iPhone14,4",16.0,is-c2k-equipment,
iPhone,"iPhone14,4",16.0,supports-inline-attachments,
iPhone,"iPhone14,4",16.0,supports-keep-receipts,
iPhone,"iPhone14,4",16.0,supports-location-sharing,
iPhone,"iPhone14,4",16.0,supports-media-v2,
iPhone,"iPhone14,4",16.0,supports-st-v1,
iPhone,"iPhone14,4",16.0,supports-ca-v1,
iPhone,"iPhone14,4",16.0,supports-be-v1,
iPhone,"iPhone14,4",16.0,supports-ack-v1,
iPhone,"iPhone14,4",16.0,supports-fsm-v1,
iPhone,"iPhone14,4",16.0,supports-fsm-v2,
iPhone,"iPhone14,4",16.0,supports-fsm-v3,
iPhone,"iPhone14,4",16.0,supports-ii-v1,
iPhone,"iPhone14,4",16.0,supports-impact-v1,
iPhone,"iPhone14,4",16.0,supports-update-attachments-v1,
iPhone,"iPhone14,4",16.0,supports-autoloopvideo-v1,
iPhone,"iPhone14,4",16.0,supports-photos-extension-v1,
iPhone,"iPhone14,4",16.0,supports-photos-extension-v2,
iPhone,"iPhone14,4",16.0,supports-screen-time-v2,
iPhone,"iPhone14,4",16.0,supports-live-delivery,
iPhone,"iPhone14,4",16.0,supports-audio-messaging-v2,
iPhone,"iPhone14,4",16.0,supports-animoji-v2,
iPhone,"iPhone14,4",16.0,supports-certified-delivery-v1,
iPhone,"iPhone14,4",16.0,supports-original-timestamp-v1,
iPhone,"iPhone14,4",16.0,supports-incoming-fmd-v1,
iPhone,"iPhone14,4",16.0,optionally-receive-typing-indicators,
iPhone,"iPhone14,4",16.0,nicknames-version,
iPhone,"iPhone14,4",16.0,kt-version,4.0
iPhone,"iPhone14,4",16.0,device-key-signature,
iPhone,"iPhone14,4",16.0,ec-version,1.0
iPhone,"iPhone14,4",16.0,supports-protobuf-payload-data-v2,
iPhone,"iPhone14,4",16.0,supports-heif,True
iPhone,"iPhone14,4",16.0,supports-hdr,
iPhone,"iPhone14,4",16.0,prefers-sdr,
iPhone,"iPhone14,4",16.0,supports-modern-gft,
iPhone,"iPhone14,4",16.0,supports-co,
iPhone,"iPhone14,4",16.0,is-green-tea,
iPhone,"iPhone14,4",16.0,supports-sa-v1,
iPhone,"iPhone14,4",16.0,supports-dq-nr,
iPhone,"iPhone14,4",16.0,supports-rem,
iPhone,"iPhone14,4",16.0,supports-shared-exp,
iPhone,"iPhone14,4",16.0,supports-st-er,
iPhone,"iPhone14,4",16.0,supports-family-invite-message-bubble,
iPhone,"iPhone14,4",16.0,supports-maps-protocol-v5,
iPhone,"iPhone14,4",16.0,supports-mirage,
iPhone,"iPhone14,4",16.0,supports-key-sharing,
iPhone,"iPhone14,4",16.0,supports-harmony,
iPhone,"iPhone14,4",16.0,supports-activity-sharing-v1,True
iPhone,"iPhone14,4",16.0,supports-manatee-for-apple-cash,
iPhone,"iPhone14,4",16.0,supports-region-for-apple-cash,
iPhone,"iPhone14,4",16.0,supports-fmd-v2,
iPhone,"iPhone14,4",16.0,supports-fm-fence-v1,True
iPhone,"iPhone14,4",16.0,supports-secure-loc-v1,
iPhone,"iPhone14,4",16.0,supports-uwb,True
iPhone,"iPhone14,4",16.0,supports-gft-errors,
iPhone,"iPhone14,4",16.0,supports-gft-calls,
iPhone,"iPhone14,4",16.0,supports-hk-resident,
iPhone,"iPhone14,4",16.0,supports-maps-routing-path-leg,
iPhone,"iPhone14,4",16.0,supports-beacon-sharing-v2,
iPhone,"iPhone14,4",16.0,is-web-client,
iPhone,"iPhone14,4",16.0,supports-beneficiary-invites,
iPhone,"iPhone14,4",16.0,supports-people-request-messages,
iPhone,"iPhone14,4",16.0,supports-avless,
iPhone,"iPhone14,4",16.0,supports-maps-waypoint-route-sharing,
iPhone,"iPhone14,4",16.0,supports-cross-platform-sharing,
iPhone,"iPhone14,4",16.0,supports-self-one-to-one-invites,
Mac,UniversalMac,15.0,show-peer-errors,
Mac,UniversalMac,15.0,is-c2k-equipment,False
Mac,UniversalMac,15.0,supports-inline-attachments,
Mac,UniversalMac,15.0,supports-keep-receipts,
Mac,UniversalMac,15.0,supports-location-sharing,
Mac,UniversalMac,15.0,supports-media-v2,
Mac,UniversalMac,15.0,supports-st-v1,
Mac,UniversalMac,15.0,supports-ca-v1,
Mac,UniversalMac,15.0,supports-be-v1,
Mac,UniversalMac,15.0,supports-ack-v1,
Mac,UniversalMac,15.0,supports-fsm-v1,
Mac,UniversalMac,15.0,supports-fsm-v2,
Mac,UniversalMac,15.0,supports-fsm-v3,
Mac,UniversalMac,15.0,supports-ii-v1,
Mac,UniversalMac,15.0,supports-impact-v1,
Mac,UniversalMac,15.0,supports-update-attachments-v1,
Mac,UniversalMac,15.0,supports-autoloopvideo-v1,
Mac,UniversalMac,15.0,supports-photos-extension-v1,
Mac,UniversalMac,15.0,supports-photos-extension-v2,
Mac,UniversalMac,15.0,supports-screen-time-v2,
Mac,UniversalMac,15.0,supports-live-delivery,
Mac,UniversalMac,15.0,supports-audio-messaging-v2,
Mac,UniversalMac,15.0,supports-animoji-v2,True
Mac,UniversalMac,15.0,supports-certified-delivery-v1,
Mac,UniversalMac,15.0,supports-original-timestamp-v1,
Mac,UniversalMac,15.0,supports-incoming-fmd-v1,
Mac,UniversalMac,15.0,optionally-receive-typing-indicators,
Mac,UniversalMac,15.0,nicknames-version,
Mac,UniversalMac,15.0,kt-version,5.0
Mac,UniversalMac,15.0,device-key-signature,
Mac,UniversalMac,15.0,ec-version,1.0
Mac,UniversalMac,15.0,supports-protobuf-payload-data-v2,
Mac,UniversalMac,15.0,supports-heif,True
Mac,UniversalMac,15.0,supports-hdr,True
Mac,UniversalMac,15.0,prefers-sdr,
Mac,UniversalMac,15.0,supports-modern-gft,
Mac,UniversalMac,15.0,supports-co,
Mac,UniversalMac,15.0,is-green-tea,
Mac,UniversalMac,15.0,supports-sa-v1,
Mac,UniversalMac,15.0,supports-dq-nr,
Mac,UniversalMac,15.0,supports-rem,
Mac,UniversalMac,15.0,supports-shared-exp,
Mac,UniversalMac,15.0,supports-st-er,
Mac,UniversalMac,15.0,supports-family-invite-message-bubble,
Mac,UniversalMac,15.0,supports-maps-protocol-v5,
Mac,UniversalMac,15.0,supports-hi-res-vid,
Mac,UniversalMac,15.0,supports-mirage,
Mac,UniversalMac,15.0,supports-emoji-stickers,
Mac,UniversalMac,15.0,supports-sticker-editing,
Mac,UniversalMac,15.0,supports-key-sharing,
Mac,UniversalMac,15.0,supports-harmony,False
Mac,UniversalMac,15.0,supports-fmd-v2,
Mac,UniversalMac,15.0,supports-fm-fence-v1,
Mac,UniversalMac,15.0,supports-secure-loc-v1,
Mac,UniversalMac,15.0,supports-zelkova,True
Mac,UniversalMac,15.0,supports-people-ranging-v1,
Mac,UniversalMac,15.0,supports-beacon-sharing-v3,
Mac,UniversalMac,15.0,supports-manatee-activity-sharing,
Mac,UniversalMac,15.0,supports-uwb,False
Mac,UniversalMac,15.0,supports-gft-errors,
Mac,UniversalMac,15.0,supports-gft-calls,
Mac,UniversalMac,15.0,supports-hk-resident,
Mac,UniversalMac,15.0,supports-maps-routing-path-leg,
Mac,UniversalMac,15.0,supports-beacon-sharing-v2,
Mac,UniversalMac,15.0,is-web-client,
Mac,UniversalMac,15.0,supports-beneficiary-invites,
Mac,UniversalMac,15.0,supports-people-request-messages,
Mac,UniversalMac,15.0,supports-avless,
Mac,UniversalMac,15.0,supports-maps-waypoint-route-sharing,
Mac,UniversalMac,15.0,supports-cross-platform-sharing,
Mac,UniversalMac,15.0,supports-self-one-to-one-invites,
Mac,UniversalMac,15.0,supports-people-request-messages-v2,
Mac,UniversalMac,15.0,supports-askto,
Mac,UniversalMac,15.0,supports-hybrid-groups-v1,
Mac,UniversalMac,15.0,supports-findmy-plugin-messages,
Mac,UniversalMac,15.0,supports-sos-alerting,
Mac,UniversalMac,15.0,supports-people-request-messages-v3,
Mac,UniversalMac,15.0,supports-recurring-payment-bubbles,
Mac,UniversalMac,15.0,supports-gft-relay,
Mac,UniversalMac,15.0,supports-group-photo-refresh-version,
Mac,UniversalMac,15.0,supports-ssrc,
Mac,UniversalMac,15.0,supports-emoji-tapbacks,
Mac,UniversalMac,15.0,supports-send-later-messages,
Mac,UniversalMac,15.0,supports-restricted-guest,
Mac,UniversalMac,15.0,supports-emoji-images,
Mac,UniversalMac,15.0,supports-stick-moji-backs,
Mac,UniversalMac,15.0,supports-high-quality-photo-file-sizes,
Mac,UniversalMac,15.0,supports-stewie,False
Mac,UniversalMac,15.0,sender-key-message-version,
Mac,UniversalMac,15.0,supports-remote-atv-signin,
Mac,UniversalMac,15.0,supports-sender-key-v1,
Mac,UniversalMac,15.5,show-peer-errors,
Mac,UniversalMac,15.5,is-c2k-equipment,False
Mac,UniversalMac,15.5,supports-inline-attachments,
Mac,UniversalMac,15.5,supports-keep-receipts,
Mac,UniversalMac,15.5,supports-location-sharing,
Mac,UniversalMac,15.5,supports-media-v2,
Mac,UniversalMac,15.5,supports-st-v1,
Mac,UniversalMac,15.5,supports-ca-v1,
Mac,UniversalMac,15.5,supports-be-v1,
Mac,UniversalMac,15.5,supports-ack-v1,
Mac,UniversalMac,15.5,supports-fsm-v1,
Mac,UniversalMac,15.5,supports-fsm-v2,
Mac,UniversalMac,15.5,supports-fsm-v3,
Mac,UniversalMac,15.5,supports-ii-v1,
Mac,UniversalMac,15.5,supports-impact-v1,
Mac,UniversalMac,15.5,supports-update-attachments-v1,
Mac,UniversalMac,15.5,supports-autoloopvideo-v1,
Mac,UniversalMac,15.5,supports-photos-extension-v1,
Mac,UniversalMac,15.5,supports-photos-extension-v2,
Mac,UniversalMac,15.5,supports-screen-time-v2,
Mac,UniversalMac,15.5,supports-live-delivery,
Mac,UniversalMac,15.5,supports-audio-messaging-v2,
Mac,UniversalMac,15.5,supports-animoji-v2,True
Mac,UniversalMac,15.5,supports-certified-delivery-v1,
Mac,UniversalMac,15.5,supports-original-timestamp-v1,
Mac,UniversalMac,15.5,supports-incoming-fmd-v1,
Mac,UniversalMac,15.5,optionally-receive-typing-indicators,
Mac,UniversalMac,15.5,nicknames-version,
Mac,UniversalMac,15.5,kt-version,5.0
Mac,UniversalMac,15.5,device-key-signature,
Mac,UniversalMac,15.5,ec-version,1.0
Mac,UniversalMac,15.5,supports-protobuf-payload-data-v2,
Mac,UniversalMac,15.5,supports-heif,True
Mac,UniversalMac,15.5,supports-hdr,True
Mac,UniversalMac,15.5,prefers-sdr,
Mac,UniversalMac,15.5,supports-modern-gft,
Mac,UniversalMac,15.5,supports-co,
Mac,UniversalMac,15.5,is-green-tea,
Mac,UniversalMac,15.5,supports-sa-v1,
Mac,UniversalMac,15.5,supports-dq-nr,
Mac,UniversalMac,15.5,supports-rem,
Mac,UniversalMac,15.5,supports-shared-exp,
Mac,UniversalMac,15.5,supports-st-er,
Mac,UniversalMac,15.5,supports-family-invite-message-bubble,
Mac,UniversalMac,15.5,supports-maps-protocol-v5,
Mac,UniversalMac,15.5,supports-hi-res-vid,
Mac,UniversalMac,15.5,supports-mirage,
Mac,UniversalMac,15.5,supports-emoji-stickers,
Mac,UniversalMac,15.5,supports-sticker-editing,
Mac,UniversalMac,15.5,supports-key-sharing,
Mac,UniversalMac,15.5,supports-harmony,False
Mac,UniversalMac,15.5,supports-fmd-v2,True
Mac,UniversalMac,15.5,supports-fm-fence-v1,
Mac,UniversalMac,15.5,supports-secure-loc-v1,
Mac,UniversalMac,15.5,supports-zelkova,True
Mac,UniversalMac,15.5,supports-people-ranging-v1,
Mac,UniversalMac,15.5,supports-beacon-sharing-v3,
Mac,UniversalMac,15.5,supports-manatee-activity-sharing,
Mac,UniversalMac,15.5,supports-uwb,False
Mac,UniversalMac,15.5,supports-gft-errors,
Mac,UniversalMac,15.5,supports-gft-calls,
Mac,UniversalMac,15.5,supports-hk-resident,
Mac,UniversalMac,15.5,supports-maps-routing-path-leg,
Mac,UniversalMac,15.5,supports-beacon-sharing-v2,
Mac,UniversalMac,15.5,is-web-client,
Mac,UniversalMac,15.5,supports-beneficiary-invites,
Mac,UniversalMac,15.5,supports-people-request-messages,
Mac,UniversalMac,15.5,supports-avless,
Mac,UniversalMac,15.5,supports-maps-waypoint-route-sharing,
Mac,UniversalMac,15.5,supports-cross-platform-sharing,
Mac,UniversalMac,15.5,supports-self-one-to-one-invites,
Mac,UniversalMac,15.5,supports-people-request-messages-v2,
Mac,UniversalMac,15.5,supports-askto,
Mac,UniversalMac,15.5,supports-hybrid-groups-v1,
Mac,UniversalMac,15.5,supports-findmy-plugin-messages,
Mac,UniversalMac,15.5,supports-sos-alerting,
Mac,UniversalMac,15.5,supports-people-request-messages-v3,
Mac,UniversalMac,15.5,supports-recurring-payment-bubbles,
Mac,UniversalMac,15.5,supports-gft-relay,
Mac,UniversalMac,15.5,supports-group-photo-refresh-version,
Mac,UniversalMac,15.5,supports-ssrc,
Mac,UniversalMac,15.5,supports-emoji-tapbacks,
Mac,UniversalMac,15.5,supports-send-later-messages,
Mac,UniversalMac,15.5,supports-restricted-guest,
Mac,UniversalMac,15.5,supports-emoji-images,
Mac,UniversalMac,15.5,supports-stick-moji-backs,
Mac,UniversalMac,15.5,supports-high-quality-photo-file-sizes,
Mac,UniversalMac,15.5,supports-stewie,False
Mac,UniversalMac,15.5,sender-key-message-version,
Mac,UniversalMac,15.5,supports-remote-atv-signin,
Mac,UniversalMac,15.5,supports-sender-key-v1,
Mac,UniversalMac,15.5,supports-sender-key-self-check,
Mac,UniversalMac,15.5,supports-recovery-contact-upsell,
Mac,UniversalMac,15.5,supports-user-driven-call-activation,
Mac,UniversalMac,15.5,supports-legacy-contact-invites-v1,
Mac,UniversalMac,15.5,supports-rbm-chatbot,
iPhone,"iPhone14,7",16.1.2,show-peer-errors,
iPhone,"iPhone14,7",16.1.2,is-c2k-equipment,
iPhone,"iPhone14,7",16.1.2,supports-inline-attachments,
iPhone,"iPhone14,7",16.1.2,supports-keep-receipts,
iPhone,"iPhone14,7",16.1.2,supports-location-sharing,
iPhone,"iPhone14,7",16.1.2,supports-media-v2,
iPhone,"iPhone14,7",16.1.2,supports-st-v1,
iPhone,"iPhone14,7",16.1.2,supports-ca-v1,
iPhone,"iPhone14,7",16.1.2,supports-be-v1,
iPhone,"iPhone14,7",16.1.2,supports-ack-v1,
iPhone,"iPhone14,7",16.1.2,supports-fsm-v1,
iPhone,"iPhone14,7",16.1.2,supports-fsm-v2,
iPhone,"iPhone14,7",16.1.2,supports-fsm-v3,
iPhone,"iPhone14,7",16.1.2,supports-ii-v1,
iPhone,"iPhone14,7",16.1.2,supports-impact-v1,
iPhone,"iPhone14,7",16.1.2,supports-update-attachments-v1,
iPhone,"iPhone14,7",16.1.2,supports-autoloopvideo-v1,
iPhone,"iPhone14,7",16.1.2,supports-photos-extension-v1,
iPhone,"iPhone14,7",16.1.2,supports-photos-extension-v2,
iPhone,"iPhone14,7",16.1.2,supports-screen-time-v2,
iPhone,"iPhone14,7",16.1.2,supports-live-delivery,
iPhone,"iPhone14,7",16.1.2,supports-audio-messaging-v2,
iPhone,"iPhone14,7",16.1.2,supports-animoji-v2,
iPhone,"iPhone14,7",16.1.2,supports-certified-delivery-v1,
iPhone,"iPhone14,7",16.1.2,supports-original-timestamp-v1,
iPhone,"iPhone14,7",16.1.2,supports-incoming-fmd-v1,
iPhone,"iPhone14,7",16.1.2,optionally-receive-typing-indicators,
iPhone,"iPhone14,7",16.1.2,nicknames-version,
iPhone,"iPhone14,7",16.1.2,kt-version,4.0
iPhone,"iPhone14,7",16.1.2,device-key-signature,
iPhone,"iPhone14,7",16.1.2,ec-version,1.0
iPhone,"iPhone14,7",16.1.2,supports-protobuf-payload-data-v2,
iPhone,"iPhone14,7",16.1.2,supports-heif,True
iPhone,"iPhone14,7",16.1.2,supports-hdr,
iPhone,"iPhone14,7",16.1.2,prefers-sdr,
iPhone,"iPhone14,7",16.1.2,supports-modern-gft,
iPhone,"iPhone14,7",16.1.2,supports-co,
iPhone,"iPhone14,7",16.1.2,is-green-tea,
iPhone,"iPhone14,7",16.1.2,supports-sa-v1,
iPhone,"iPhone14,7",16.1.2,supports-dq-nr,
iPhone,"iPhone14,7",16.1.2,supports-rem,
iPhone,"iPhone14,7",16.1.2,supports-shared-exp,
iPhone,"iPhone14,7",16.1.2,supports-st-er,
iPhone,"iPhone14,7",16.1.2,supports-family-invite-message-bubble,
iPhone,"iPhone14,7",16.1.2,supports-maps-protocol-v5,
iPhone,"iPhone14,7",16.1.2,supports-mirage,
iPhone,"iPhone14,7",16.1.2,supports-key-sharing,
iPhone,"iPhone14,7",16.1.2,supports-harmony,
iPhone,"iPhone14,7",16.1.2,supports-activity-sharing-v1,True
iPhone,"iPhone14,7",16.1.2,supports-manatee-for-apple-cash,
iPhone,"iPhone14,7",16.1.2,supports-region-for-apple-cash,
iPhone,"iPhone14,7",16.1.2,supports-fmd-v2,
iPhone,"iPhone14,7",16.1.2,supports-fm-fence-v1,True
iPhone,"iPhone14,7",16.1.2,supports-secure-loc-v1,
iPhone,"iPhone14,7",16.1.2,supports-uwb,True
iPhone,"iPhone14,7",16.1.2,supports-gft-errors,
iPhone,"iPhone14,7",16.1.2,supports-gft-calls,
iPhone,"iPhone14,7",16.1.2,supports-hk-resident,
iPhone,"iPhone14,7",16.1.2,supports-maps-routing-path-leg,
iPhone,"iPhone14,7",16.1.2,supports-beacon-sharing-v2,
iPhone,"iPhone14,7",16.1.2,is-web-client,
iPhone,"iPhone14,7",16.1.2,supports-beneficiary-invites,
iPhone,"iPhone14,7",16.1.2,supports-people-request-messages,
iPhone,"iPhone14,7",16.1.2,supports-avless,
iPhone,"iPhone14,7",16.1.2,supports-maps-waypoint-route-sharing,
iPhone,"iPhone14,7",16.1.2,supports-cross-platform-sharing,
iPhone,"iPhone14,7",16.1.2,supports-self-one-to-one-invites,
Mac,UniversalMac,15.6,show-peer-errors,
Mac,UniversalMac,15.6,is-c2k-equipment,False
Mac,UniversalMac,15.6,supports-inline-attachments,
Mac,UniversalMac,15.6,supports-keep-receipts,
Mac,UniversalMac,15.6,supports-location-sharing,
Mac,UniversalMac,15.6,supports-media-v2,
Mac,UniversalMac,15.6,supports-st-v1,
Mac,UniversalMac,15.6,supports-ca-v1,
Mac,UniversalMac,15.6,supports-be-v1,
Mac,UniversalMac,15.6,supports-ack-v1,
Mac,UniversalMac,15.6,supports-fsm-v1,
Mac,UniversalMac,15.6,supports-fsm-v2,
Mac,UniversalMac,15.6,supports-fsm-v3,
Mac,UniversalMac,15.6,supports-ii-v1,
Mac,UniversalMac,15.6,supports-impact-v1,
Mac,UniversalMac,15.6,supports-update-attachments-v1,
Mac,UniversalMac,15.6,supports-autoloopvideo-v1,
Mac,UniversalMac,15.6,supports-photos-extension-v1,
Mac,UniversalMac,15.6,supports-photos-extension-v2,
Mac,UniversalMac,15.6,supports-screen-time-v2,
Mac,UniversalMac,15.6,supports-live-delivery,
Mac,UniversalMac,15.6,supports-audio-messaging-v2,
Mac,UniversalMac,15.6,supports-animoji-v2,True
Mac,UniversalMac,15.6,supports-certified-delivery-v1,
Mac,UniversalMac,15.6,supports-original-timestamp-v1,
Mac,UniversalMac,15.6,supports-incoming-fmd-v1,
Mac,UniversalMac,15.6,optionally-receive-typing-indicators,
Mac,UniversalMac,15.6,nicknames-version,
Mac,UniversalMac,15.6,kt-version,5.0
Mac,UniversalMac,15.6,device-key-signature,
Mac,UniversalMac,15.6,ec-version,1.0
Mac,UniversalMac,15.6,supports-protobuf-payload-data-v2,
Mac,UniversalMac,15.6,supports-heif,True
Mac,UniversalMac,15.6,supports-hdr,True
Mac,UniversalMac,15.6,prefers-sdr,
Mac,UniversalMac,15.6,supports-qta,
Mac,UniversalMac,15.6,supports-modern-gft,
Mac,UniversalMac,15.6,supports-co,
Mac,UniversalMac,15.6,is-green-tea,
Mac,UniversalMac,15.6,supports-sa-v1,
Mac,UniversalMac,15.6,supports-dq-nr,
Mac,UniversalMac,15.6,supports-rem,
Mac,UniversalMac,15.6,supports-shared-exp,
Mac,UniversalMac,15.6,supports-st-er,
Mac,UniversalMac,15.6,supports-family-invite-message-bubble,
Mac,UniversalMac,15.6,supports-maps-protocol-v5,
Mac,UniversalMac,15.6,supports-hi-res-vid,
Mac,UniversalMac,15.6,supports-mirage,
Mac,UniversalMac,15.6,supports-emoji-stickers,
Mac,UniversalMac,15.6,supports-sticker-editing,
Mac,UniversalMac,15.6,supports-key-sharing,
Mac,UniversalMac,15.6,supports-harmony,False
Mac,UniversalMac,15.6,supports-fmd-v2,True
Mac,UniversalMac,15.6,supports-fm-fence-v1,
Mac,UniversalMac,15.6,supports-secure-loc-v1,
Mac,UniversalMac,15.6,supports-zelkova,True
Mac,UniversalMac,15.6,supports-people-ranging-v1,
Mac,UniversalMac,15.6,supports-beacon-sharing-v3,
Mac,UniversalMac,15.6,supports-manatee-activity-sharing,
Mac,UniversalMac,15.6,supports-uwb,False
Mac,UniversalMac,15.6,supports-gft-errors,
Mac,UniversalMac,15.6,supports-gft-calls,
Mac,UniversalMac,15.6,supports-hk-resident,
Mac,UniversalMac,15.6,supports-maps-routing-path-leg,
Mac,UniversalMac,15.6,supports-beacon-sharing-v2,
Mac,UniversalMac,15.6,is-web-client,
Mac,UniversalMac,15.6,supports-beneficiary-invites,
Mac,UniversalMac,15.6,supports-people-request-messages,
Mac,UniversalMac,15.6,supports-avless,
Mac,UniversalMac,15.6,supports-maps-waypoint-route-sharing,
Mac,UniversalMac,15.6,supports-cross-platform-sharing,
Mac,UniversalMac,15.6,supports-self-one-to-one-invites,
Mac,UniversalMac,15.6,supports-people-request-messages-v2,
Mac,UniversalMac,15.6,supports-askto,
Mac,UniversalMac,15.6,supports-hybrid-groups-v1,
Mac,UniversalMac,15.6,supports-findmy-plugin-messages,
Mac,UniversalMac,15.6,supports-sos-alerting,
Mac,UniversalMac,15.6,supports-people-request-messages-v3,
Mac,UniversalMac,15.6,supports-recurring-payment-bubbles,
Mac,UniversalMac,15.6,supports-gft-relay,
Mac,UniversalMac,15.6,supports-group-photo-refresh-version,
Mac,UniversalMac,15.6,supports-ssrc,
Mac,UniversalMac,15.6,supports-emoji-tapbacks,
Mac,UniversalMac,15.6,supports-send-later-messages,
Mac,UniversalMac,15.6,supports-restricted-guest,
Mac,UniversalMac,15.6,supports-emoji-images,
Mac,UniversalMac,15.6,supports-stick-moji-backs,
Mac,UniversalMac,15.6,supports-high-quality-photo-file-sizes,
Mac,UniversalMac,15.6,supports-stewie,False
Mac,UniversalMac,15.6,sender-key-message-version,
Mac,UniversalMac,15.6,supports-remote-atv-signin,
Mac,UniversalMac,15.6,supports-sender-key-v1,
Mac,UniversalMac,15.6,supports-sender-key-self-check,
Mac,UniversalMac,15.6,supports-recovery-contact-upsell,
Mac,UniversalMac,15.6,supports-user-driven-call-activation,
Mac,UniversalMac,15.6,supports-legacy-contact-invites-v1,
Mac,UniversalMac,15.6,supports-rbm-chatbot,
iPhone,"iPhone14,4",18.2,show-peer-errors,
iPhone,"iPhone14,4",18.2,is-c2k-equipment,
iPhone,"iPhone14,4",18.2,supports-inline-attachments,
iPhone,"iPhone14,4",18.2,supports-keep-receipts,
iPhone,"iPhone14,4",18.2,supports-location-sharing,
iPhone,"iPhone14,4",18.2,supports-media-v2,
iPhone,"iPhone14,4",18.2,supports-st-v1,
iPhone,"iPhone14,4",18.2,supports-ca-v1,
iPhone,"iPhone14,4",18.2,supports-be-v1,
iPhone,"iPhone14,4",18.2,supports-ack-v1,
iPhone,"iPhone14,4",18.2,supports-fsm-v1,
iPhone,"iPhone14,4",18.2,supports-fsm-v2,
iPhone,"iPhone14,4",18.2,supports-fsm-v3,
iPhone,"iPhone14,4",18.2,supports-ii-v1,
iPhone,"iPhone14,4",18.2,supports-impact-v1,
iPhone,"iPhone14,4",18.2,supports-update-attachments-v1,
iPhone,"iPhone14,4",18.2,supports-autoloopvideo-v1,
iPhone,"iPhone14,4",18.2,supports-photos-extension-v1,
iPhone,"iPhone14,4",18.2,supports-photos-extension-v2,
iPhone,"iPhone14,4",18.2,supports-screen-time-v2,
iPhone,"iPhone14,4",18.2,supports-live-delivery,
iPhone,"iPhone14,4",18.2,supports-audio-messaging-v2,
iPhone,"iPhone14,4",18.2,supports-animoji-v2,
iPhone,"iPhone14,4",18.2,supports-certified-delivery-v1,
iPhone,"iPhone14,4",18.2,supports-original-timestamp-v1,
iPhone,"iPhone14,4",18.2,supports-incoming-fmd-v1,
iPhone,"iPhone14,4",18.2,optionally-receive-typing-indicators,
iPhone,"iPhone14,4",18.2,nicknames-version,
iPhone,"iPhone14,4",18.2,kt-version,5.0
iPhone,"iPhone14,4",18.2,device-key-signature,
iPhone,"iPhone14,4",18.2,ec-version,1.0
iPhone,"iPhone14,4",18.2,supports-protobuf-payload-data-v2,
iPhone,"iPhone14,4",18.2,supports-heif,True
iPhone,"iPhone14,4",18.2,supports-hdr,
iPhone,"iPhone14,4",18.2,prefers-sdr,
iPhone,"iPhone14,4",18.2,supports-modern-gft,
iPhone,"iPhone14,4",18.2,supports-co,
iPhone,"iPhone14,4",18.2,is-green-tea,
iPhone,"iPhone14,4",18.2,supports-sa-v1,
iPhone,"iPhone14,4",18.2,supports-dq-nr,
iPhone,"iPhone14,4",18.2,supports-rem,
iPhone,"iPhone14,4",18.2,supports-shared-exp,
iPhone,"iPhone14,4",18.2,supports-st-er,
iPhone,"iPhone14,4",18.2,supports-family-invite-message-bubble,
iPhone,"iPhone14,4",18.2,supports-maps-protocol-v5,
iPhone,"iPhone14,4",18.2,supports-hi-res-vid,
iPhone,"iPhone14,4",18.2,supports-mirage,
iPhone,"iPhone14,4",18.2,supports-emoji-stickers,
iPhone,"iPhone14,4",18.2,supports-sticker-editing,
iPhone,"iPhone14,4",18.2,supports-key-sharing,
iPhone,"iPhone14,4",18.2,supports-harmony,
iPhone,"iPhone14,4",18.2,supports-activity-sharing-v1,True
iPhone,"iPhone14,4",18.2,supports-manatee-for-apple-cash,
iPhone,"iPhone14,4",18.2,supports-region-for-apple-cash,
iPhone,"iPhone14,4",18.2,supports-fmd-v2,
iPhone,"iPhone14,4",18.2,supports-fm-fence-v1,True
iPhone,"iPhone14,4",18.2,supports-secure-loc-v1,
iPhone,"iPhone14,4",18.2,supports-zelkova,True
iPhone,"iPhone14,4",18.2,supports-people-ranging-v1,
iPhone,"iPhone14,4",18.2,supports-beacon-sharing-v3,
iPhone,"iPhone14,4",18.2,supports-manatee-activity-sharing,
iPhone,"iPhone14,4",18.2,supports-uwb,True
iPhone,"iPhone14,4",18.2,supports-gft-errors,
iPhone,"iPhone14,4",18.2,supports-gft-calls,
iPhone,"iPhone14,4",18.2,supports-hk-resident,
iPhone,"iPhone14,4",18.2,supports-maps-routing-path-leg,
iPhone,"iPhone14,4",18.2,supports-beacon-sharing-v2,
iPhone,"iPhone14,4",18.2,is-web-client,
iPhone,"iPhone14,4",18.2,supports-beneficiary-invites,
iPhone,"iPhone14,4",18.2,supports-people-request-messages,
iPhone,"iPhone14,4",18.2,supports-avless,
iPhone,"iPhone14,4",18.2,supports-maps-waypoint-route-sharing,
iPhone,"iPhone14,4",18.2,supports-cross-platform-sharing,
iPhone,"iPhone14,4",18.2,supports-self-one-to-one-invites,
iPhone,"iPhone14,4",18.2,supports-people-request-messages-v2,
iPhone,"iPhone14,4",18.2,supports-askto,
iPhone,"iPhone14,4",18.2,supports-hybrid-groups-v1,
iPhone,"iPhone14,4",18.2,supports-findmy-plugin-messages,
iPhone,"iPhone14,4",18.2,supports-sos-alerting,True
iPhone,"iPhone14,4",18.2,supports-people-request-messages-v3,
iPhone,"iPhone14,4",18.2,supports-recurring-payment-bubbles,
iPhone,"iPhone14,4",18.2,supports-gft-relay,
iPhone,"iPhone14,4",18.2,supports-group-photo-refresh-version,
iPhone,"iPhone14,4",18.2,supports-ssrc,
iPhone,"iPhone14,4",18.2,supports-emoji-tapbacks,
iPhone,"iPhone14,4",18.2,supports-send-later-messages,
iPhone,"iPhone14,4",18.2,supports-restricted-guest,
iPhone,"iPhone14,4",18.2,supports-emoji-images,
iPhone,"iPhone14,4",18.2,supports-stick-moji-backs,
iPhone,"iPhone14,4",18.2,supports-high-quality-photo-file-sizes,
iPhone,"iPhone14,4",18.2,supports-stewie,True
iPhone,"iPhone14,4",18.2,sender-key-message-version,
iPhone,"iPhone14,4",18.2,supports-remote-atv-signin,
iPhone,"iPhone14,4",18.2,supports-sender-key-v1,
iPhone,"iPhone14,4",18.2,supports-recovery-contact-upsell,
iPhone,"iPhone14,4",17.3,show-peer-errors,
iPhone,"iPhone14,4",17.3,is-c2k-equipment,
iPhone,"iPhone14,4",17.3,supports-inline-attachments,
iPhone,"iPhone14,4",17.3,supports-keep-receipts,
iPhone,"iPhone14,4",17.3,supports-location-sharing,
iPhone,"iPhone14,4",17.3,supports-media-v2,
iPhone,"iPhone14,4",17.3,supports-st-v1,
iPhone,"iPhone14,4",17.3,supports-ca-v1,
iPhone,"iPhone14,4",17.3,supports-be-v1,
iPhone,"iPhone14,4",17.3,supports-ack-v1,
iPhone,"iPhone14,4",17.3,supports-fsm-v1,
iPhone,"iPhone14,4",17.3,supports-fsm-v2,
iPhone,"iPhone14,4",17.3,supports-fsm-v3,
iPhone,"iPhone14,4",17.3,supports-ii-v1,
iPhone,"iPhone14,4",17.3,supports-impact-v1,
iPhone,"iPhone14,4",17.3,supports-update-attachments-v1,
iPhone,"iPhone14,4",17.3,supports-autoloopvideo-v1,
iPhone,"iPhone14,4",17.3,supports-photos-extension-v1,
iPhone,"iPhone14,4",17.3,supports-photos-extension-v2,
iPhone,"iPhone14,4",17.3,supports-screen-time-v2,
iPhone,"iPhone14,4",17.3,supports-live-delivery,
iPhone,"iPhone14,4",17.3,supports-audio-messaging-v2,
iPhone,"iPhone14,4",17.3,supports-animoji-v2,
iPhone,"iPhone14,4",17.3,supports-certified-delivery-v1,
iPhone,"iPhone14,4",17.3,supports-original-timestamp-v1,
iPhone,"iPhone14,4",17.3,supports-incoming-fmd-v1,
iPhone,"iPhone14,4",17.3,optionally-receive-typing-indicators,
iPhone,"iPhone14,4",17.3,nicknames-version,
iPhone,"iPhone14,4",17.3,kt-version,5.0
iPhone,"iPhone14,4",17.3,device-key-signature,
iPhone,"iPhone14,4",17.3,ec-version,1.0
iPhone,"iPhone14,4",17.3,supports-protobuf-payload-data-v2,
iPhone,"iPhone14,4",17.3,supports-heif,True
iPhone,"iPhone14,4",17.3,supports-hdr,
iPhone,"iPhone14,4",17.3,prefers-sdr,
iPhone,"iPhone14,4",17.3,supports-modern-gft,
iPhone,"iPhone14,4",17.3,supports-co,
iPhone,"iPhone14,4",17.3,is-green-tea,
iPhone,"iPhone14,4",17.3,supports-sa-v1,
iPhone,"iPhone14,4",17.3,supports-dq-nr,
iPhone,"iPhone14,4",17.3,supports-rem,
iPhone,"iPhone14,4",17.3,supports-shared-exp,
iPhone,"iPhone14,4",17.3,supports-st-er,
iPhone,"iPhone14,4",17.3,supports-family-invite-message-bubble,
iPhone,"iPhone14,4",17.3,supports-maps-protocol-v5,
iPhone,"iPhone14,4",17.3,supports-hi-res-vid,
iPhone,"iPhone14,4",17.3,supports-mirage,
iPhone,"iPhone14,4",17.3,supports-emoji-stickers,
iPhone,"iPhone14,4",17.3,supports-sticker-editing,
iPhone,"iPhone14,4",17.3,supports-key-sharing,
iPhone,"iPhone14,4",17.3,supports-harmony,
iPhone,"iPhone14,4",17.3,supports-activity-sharing-v1,True
iPhone,"iPhone14,4",17.3,supports-manatee-for-apple-cash,
iPhone,"iPhone14,4",17.3,supports-region-for-apple-cash,
iPhone,"iPhone14,4",17.3,supports-fmd-v2,
iPhone,"iPhone14,4",17.3,supports-fm-fence-v1,True
iPhone,"iPhone14,4",17.3,supports-secure-loc-v1,
iPhone,"iPhone14,4",17.3,supports-zelkova,False
iPhone,"iPhone14,4",17.3,supports-people-ranging-v1,
iPhone,"iPhone14,4",17.3,supports-beacon-sharing-v3,
iPhone,"iPhone14,4",17.3,supports-uwb,True
iPhone,"iPhone14,4",17.3,supports-gft-errors,
iPhone,"iPhone14,4",17.3,supports-gft-calls,
iPhone,"iPhone14,4",17.3,supports-hk-resident,
iPhone,"iPhone14,4",17.3,supports-maps-routing-path-leg,
iPhone,"iPhone14,4",17.3,supports-beacon-sharing-v2,
iPhone,"iPhone14,4",17.3,is-web-client,
iPhone,"iPhone14,4",17.3,supports-beneficiary-invites,
iPhone,"iPhone14,4",17.3,supports-people-request-messages,
iPhone,"iPhone14,4",17.3,supports-avless,
iPhone,"iPhone14,4",17.3,supports-maps-waypoint-route-sharing,
iPhone,"iPhone14,4",17.3,supports-cross-platform-sharing,
iPhone,"iPhone14,4",17.3,supports-self-one-to-one-invites,
iPhone,"iPhone14,4",17.3,supports-people-request-messages-v2,
iPhone,"iPhone14,4",17.3,supports-askto,
iPhone,"iPhone14,4",17.3,supports-hybrid-groups-v1,
iPhone,"iPhone14,4",17.3,supports-findmy-plugin-messages,
iPhone,"iPhone14,4",17.3,supports-sos-alerting,True
iPhone,"iPhone14,4",17.3,supports-people-request-messages-v3,
iPhone,"iPhone14,4",17.3,supports-recurring-payment-bubbles,
iPhone,"iPhone14,4",17.3,supports-gft-relay,
iPhone,"iPhone16,1",26.3,show-peer-errors,
iPhone,"iPhone16,1",26.3,is-c2k-equipment,
iPhone,"iPhone16,1",26.3,supports-inline-attachments,
iPhone,"iPhone16,1",26.3,supports-keep-receipts,
iPhone,"iPhone16,1",26.3,supports-location-sharing,
iPhone,"iPhone16,1",26.3,supports-media-v2,
iPhone,"iPhone16,1",26.3,supports-st-v1,
iPhone,"iPhone16,1",26.3,supports-ca-v1,
iPhone,"iPhone16,1",26.3,supports-be-v1,
iPhone,"iPhone16,1",26.3,supports-ack-v1,
iPhone,"iPhone16,1",26.3,supports-fsm-v1,
iPhone,"iPhone16,1",26.3,supports-fsm-v2,
iPhone,"iPhone16,1",26.3,supports-fsm-v3,
iPhone,"iPhone16,1",26.3,supports-ii-v1,
iPhone,"iPhone16,1",26.3,supports-impact-v1,
iPhone,"iPhone16,1",26.3,supports-update-attachments-v1,
iPhone,"iPhone16,1",26.3,supports-autoloopvideo-v1,
iPhone,"iPhone16,1",26.3,supports-photos-extension-v1,
iPhone,"iPhone16,1",26.3,supports-photos-extension-v2,
iPhone,"iPhone16,1",26.3,supports-screen-time-v2,
iPhone,"iPhone16,1",26.3,supports-live-delivery,
iPhone,"iPhone16,1",26.3,supports-audio-messaging-v2,
iPhone,"iPhone16,1",26.3,supports-animoji-v2,
iPhone,"iPhone16,1",26.3,supports-certified-delivery-v1,
iPhone,"iPhone16,1",26.3,supports-original-timestamp-v1,
iPhone,"iPhone16,1",26.3,supports-incoming-fmd-v1,
iPhone,"iPhone16,1",26.3,optionally-receive-typing-indicators,
iPhone,"iPhone16,1",26.3,nicknames-version,
iPhone,"iPhone16,1",26.3,kt-version,5.0
iPhone,"iPhone16,1",26.3,device-key-signature,
iPhone,"iPhone16,1",26.3,ec-version,1.0
iPhone,"iPhone16,1",26.3,supports-protobuf-payload-data-v2,
iPhone,"iPhone16,1",26.3,supports-heif,True
iPhone,"iPhone16,1",26.3,supports-hdr,
iPhone,"iPhone16,1",26.3,prefers-sdr,
iPhone,"iPhone16,1",26.3,supports-qta,
iPhone,"iPhone16,1",26.3,supports-modern-gft,
iPhone,"iPhone16,1",26.3,supports-co,
iPhone,"iPhone16,1",26.3,is-green-tea,
iPhone,"iPhone16,1",26.3,supports-sa-v1,
iPhone,"iPhone16,1",26.3,supports-dq-nr,
iPhone,"iPhone16,1",26.3,supports-rem,
iPhone,"iPhone16,1",26.3,supports-shared-exp,
iPhone,"iPhone16,1",26.3,supports-st-er,
iPhone,"iPhone16,1",26.3,supports-family-invite-message-bubble,
iPhone,"iPhone16,1",26.3,supports-maps-protocol-v5,
iPhone,"iPhone16,1",26.3,supports-hi-res-vid,
iPhone,"iPhone16,1",26.3,supports-live-translation,
iPhone,"iPhone16,1",26.3,supports-mirage,
iPhone,"iPhone16,1",26.3,supports-nearby-facetime,
iPhone,"iPhone16,1",26.3,supports-emoji-stickers,
iPhone,"iPhone16,1",26.3,supports-sticker-editing,
iPhone,"iPhone16,1",26.3,supports-transcript-backgrounds,
iPhone,"iPhone16,1",26.3,supports-polls,
iPhone,"iPhone16,1",26.3,supports-lqm-hq,
iPhone,"iPhone16,1",26.3,supports-group-apple-cash,
iPhone,"iPhone16,1",26.3,supports-ckv-enforcement,
iPhone,"iPhone16,1",26.3,supports-gti,
iPhone,"iPhone16,1",26.3,supports-aot,
iPhone,"iPhone16,1",26.3,supports-key-sharing,
iPhone,"iPhone16,1",26.3,supports-harmony,
iPhone,"iPhone16,1",26.3,supports-activity-sharing-v1,True
iPhone,"iPhone16,1",26.3,supports-manatee-for-apple-cash,
iPhone,"iPhone16,1",26.3,supports-region-for-apple-cash,
iPhone,"iPhone16,1",26.3,supports-fmd-v2,True
iPhone,"iPhone16,1",26.3,supports-fm-fence-v1,True
iPhone,"iPhone16,1",26.3,supports-secure-loc-v1,
iPhone,"iPhone16,1",26.3,supports-zelkova,True
iPhone,"iPhone16,1",26.3,supports-people-ranging-v1,
iPhone,"iPhone16,1",26.3,supports-beacon-sharing-v3,
iPhone,"iPhone16,1",26.3,supports-manatee-activity-sharing,
iPhone,"iPhone16,1",26.3,supports-queue-one-read-receipts-v3,
iPhone,"iPhone16,1",26.3,supports-uwb,True
iPhone,"iPhone16,1",26.3,supports-gft-errors,
iPhone,"iPhone16,1",26.3,supports-gft-calls,
iPhone,"iPhone16,1",26.3,supports-hk-resident,
iPhone,"iPhone16,1",26.3,supports-maps-routing-path-leg,
iPhone,"iPhone16,1",26.3,supports-maps-wgs84-elevation-model,
iPhone,"iPhone16,1",26.3,supports-beacon-sharing-v2,
iPhone,"iPhone16,1",26.3,is-web-client,
iPhone,"iPhone16,1",26.3,supports-beneficiary-invites,
iPhone,"iPhone16,1",26.3,supports-people-request-messages,
iPhone,"iPhone16,1",26.3,supports-avless,
iPhone,"iPhone16,1",26.3,supports-maps-waypoint-route-sharing,
iPhone,"iPhone16,1",26.3,supports-cross-platform-sharing,
iPhone,"iPhone16,1",26.3,supports-self-one-to-one-invites,
iPhone,"iPhone16,1",26.3,supports-people-request-messages-v2,
iPhone,"iPhone16,1",26.3,supports-askto,
iPhone,"iPhone16,1",26.3,supports-askto-v2,
iPhone,"iPhone16,1",26.3,supports-askto-responseUI,
iPhone,"iPhone16,1",26.3,supports-significant-app-update,
iPhone,"iPhone16,1",26.3,supports-hybrid-groups-v1,
iPhone,"iPhone16,1",26.3,supports-findmy-plugin-messages,
iPhone,"iPhone16,1",26.3,supports-sos-alerting,True
iPhone,"iPhone16,1",26.3,supports-people-request-messages-v3,
iPhone,"iPhone16,1",26.3,supports-recurring-payment-bubbles,
iPhone,"iPhone16,1",26.3,supports-gft-relay,
iPhone,"iPhone16,1",26.3,supports-group-photo-refresh-version,
iPhone,"iPhone16,1",26.3,supports-ssrc,
iPhone,"iPhone16,1",26.3,supports-emoji-tapbacks,
iPhone,"iPhone16,1",26.3,supports-send-later-messages,
iPhone,"iPhone16,1",26.3,supports-restricted-guest,
iPhone,"iPhone16,1",26.3,supports-adaptive-temperature-automations,
iPhone,"iPhone16,1",26.3,supports-emoji-images,
iPhone,"iPhone16,1",26.3,supports-stick-moji-backs,
iPhone,"iPhone16,1",26.3,supports-high-quality-photo-file-sizes,
iPhone,"iPhone16,1",26.3,supports-stewie,True
iPhone,"iPhone16,1",26.3,sender-key-message-version,
iPhone,"iPhone16,1",26.3,supports-remote-atv-signin,
iPhone,"iPhone16,1",26.3,supports-sender-key-v1,
iPhone,"iPhone16,1",26.3,supports-uriless-membership-updates,
iPhone,"iPhone16,1",26.3,supports-sender-key-self-check,
iPhone,"iPhone16,1",26.3,supports-recovery-contact-upsell,
iPhone,"iPhone16,1",26.3,supports-user-driven-call-activation,
iPhone,"iPhone16,1",26.3,supports-legacy-contact-invites-v1,
iPhone,"iPhone16,1",26.3,supports-legacy-contact-invites-v2,
iPhone,"iPhone16,1",26.3,supports-legacy-contact-invites-v3,
iPhone,"iPhone16,1",26.3,supports-calls-25,
iPhone,"iPhone16,1",26.3,supports-introductions-v1,
iPhone,"iPhone16,1",26.3,supports-rbm-chatbot,
iPhone,"iPhone18,2",26.3,show-peer-errors,
iPhone,"iPhone18,2",26.3,is-c2k-equipment,
iPhone,"iPhone18,2",26.3,supports-inline-attachments,
iPhone,"iPhone18,2",26.3,supports-keep-receipts,
iPhone,"iPhone18,2",26.3,supports-location-sharing,
iPhone,"iPhone18,2",26.3,supports-media-v2,
iPhone,"iPhone18,2",26.3,supports-st-v1,
iPhone,"iPhone18,2",26.3,supports-ca-v1,
iPhone,"iPhone18,2",26.3,supports-be-v1,
iPhone,"iPhone18,2",26.3,supports-ack-v1,
iPhone,"iPhone18,2",26.3,supports-fsm-v1,
iPhone,"iPhone18,2",26.3,supports-fsm-v2,
iPhone,"iPhone18,2",26.3,supports-fsm-v3,
iPhone,"iPhone18,2",26.3,supports-ii-v1,
iPhone,"iPhone18,2",26.3,supports-impact-v1,
iPhone,"iPhone18,2",26.3,supports-update-attachments-v1,
iPhone,"iPhone18,2",26.3,supports-autoloopvideo-v1,
iPhone,"iPhone18,2",26.3,supports-photos-extension-v1,
iPhone,"iPhone18,2",26.3,supports-photos-extension-v2,
iPhone,"iPhone18,2",26.3,supports-screen-time-v2,
iPhone,"iPhone18,2",26.3,supports-live-delivery,
iPhone,"iPhone18,2",26.3,supports-audio-messaging-v2,
iPhone,"iPhone18,2",26.3,supports-animoji-v2,
iPhone,"iPhone18,2",26.3,supports-certified-delivery-v1,
iPhone,"iPhone18,2",26.3,supports-original-timestamp-v1,
iPhone,"iPhone18,2",26.3,supports-incoming-fmd-v1,
iPhone,"iPhone18,2",26.3,optionally-receive-typing-indicators,
iPhone,"iPhone18,2",26.3,nicknames-version,
iPhone,"iPhone18,2",26.3,kt-version,5.0
iPhone,"iPhone18,2",26.3,device-key-signature,
iPhone,"iPhone18,2",26.3,ec-version,1.0
iPhone,"iPhone18,2",26.3,supports-protobuf-payload-data-v2,
iPhone,"iPhone18,2",26.3,supports-heif,True
iPhone,"iPhone18,2",26.3,supports-hdr,
iPhone,"iPhone18,2",26.3,prefers-sdr,
iPhone,"iPhone18,2",26.3,supports-qta,
iPhone,"iPhone18,2",26.3,supports-modern-gft,
iPhone,"iPhone18,2",26.3,supports-co,
iPhone,"iPhone18,2",26.3,is-green-tea,
iPhone,"iPhone18,2",26.3,supports-sa-v1,
iPhone,"iPhone18,2",26.3,supports-dq-nr,
iPhone,"iPhone18,2",26.3,supports-rem,
iPhone,"iPhone18,2",26.3,supports-shared-exp,
iPhone,"iPhone18,2",26.3,supports-st-er,
iPhone,"iPhone18,2",26.3,supports-family-invite-message-bubble,
iPhone,"iPhone18,2",26.3,supports-maps-protocol-v5,
iPhone,"iPhone18,2",26.3,supports-hi-res-vid,
iPhone,"iPhone18,2",26.3,supports-live-translation,
iPhone,"iPhone18,2",26.3,supports-mirage,
iPhone,"iPhone18,2",26.3,supports-nearby-facetime,
iPhone,"iPhone18,2",26.3,supports-emoji-stickers,
iPhone,"iPhone18,2",26.3,supports-sticker-editing,
iPhone,"iPhone18,2",26.3,supports-transcript-backgrounds,
iPhone,"iPhone18,2",26.3,supports-polls,
iPhone,"iPhone18,2",26.3,supports-lqm-hq,
iPhone,"iPhone18,2",26.3,supports-group-apple-cash,
iPhone,"iPhone18,2",26.3,supports-ckv-enforcement,
iPhone,"iPhone18,2",26.3,supports-gti,
iPhone,"iPhone18,2",26.3,supports-aot,
iPhone,"iPhone18,2",26.3,supports-key-sharing,
iPhone,"iPhone18,2",26.3,supports-harmony,
iPhone,"iPhone18,2",26.3,supports-activity-sharing-v1,True
iPhone,"iPhone18,2",26.3,supports-manatee-for-apple-cash,
iPhone,"iPhone18,2",26.3,supports-region-for-apple-cash,
iPhone,"iPhone18,2",26.3,supports-fmd-v2,True
iPhone,"iPhone18,2",26.3,supports-fm-fence-v1,True
iPhone,"iPhone18,2",26.3,supports-secure-loc-v1,
iPhone,"iPhone18,2",26.3,supports-zelkova,True
iPhone,"iPhone18,2",26.3,supports-people-ranging-v1,
iPhone,"iPhone18,2",26.3,supports-beacon-sharing-v3,
iPhone,"iPhone18,2",26.3,supports-manatee-activity-sharing,
iPhone,"iPhone18,2",26.3,supports-queue-one-read-receipts-v3,
iPhone,"iPhone18,2",26.3,supports-uwb,True
iPhone,"iPhone18,2",26.3,supports-gft-errors,
iPhone,"iPhone18,2",26.3,supports-gft-calls,
iPhone,"iPhone18,2",26.3,supports-hk-resident,
iPhone,"iPhone18,2",26.3,supports-maps-routing-path-leg,
iPhone,"iPhone18,2",26.3,supports-maps-wgs84-elevation-model,
iPhone,"iPhone18,2",26.3,supports-beacon-sharing-v2,
iPhone,"iPhone18,2",26.3,is-web-client,
iPhone,"iPhone18,2",26.3,supports-beneficiary-invites,
iPhone,"iPhone18,2",26.3,supports-people-request-messages,
iPhone,"iPhone18,2",26.3,supports-avless,
iPhone,"iPhone18,2",26.3,supports-maps-waypoint-route-sharing,
iPhone,"iPhone18,2",26.3,supports-cross-platform-sharing,
iPhone,"iPhone18,2",26.3,supports-self-one-to-one-invites,
iPhone,"iPhone18,2",26.3,supports-people-request-messages-v2,
iPhone,"iPhone18,2",26.3,supports-askto,
iPhone,"iPhone18,2",26.3,supports-askto-v2,
iPhone,"iPhone18,2",26.3,supports-askto-responseUI,
iPhone,"iPhone18,2",26.3,supports-significant-app-update,
iPhone,"iPhone18,2",26.3,supports-hybrid-groups-v1,
iPhone,"iPhone18,2",26.3,supports-findmy-plugin-messages,
iPhone,"iPhone18,2",26.3,supports-sos-alerting,True
iPhone,"iPhone18,2",26.3,supports-people-request-messages-v3,
iPhone,"iPhone18,2",26.3,supports-recurring-payment-bubbles,
iPhone,"iPhone18,2",26.3,supports-gft-relay,
iPhone,"iPhone18,2",26.3,supports-group-photo-refresh-version,
iPhone,"iPhone18,2",26.3,supports-ssrc,
iPhone,"iPhone18,2",26.3,supports-emoji-tapbacks,
iPhone,"iPhone18,2",26.3,supports-send-later-messages,
iPhone,"iPhone18,2",26.3,supports-restricted-guest,
iPhone,"iPhone18,2",26.3,supports-adaptive-temperature-automations,
iPhone,"iPhone18,2",26.3,supports-emoji-images,
iPhone,"iPhone18,2",26.3,supports-stick-moji-backs,
iPhone,"iPhone18,2",26.3,supports-high-quality-photo-file-sizes,
iPhone,"iPhone18,2",26.3,supports-stewie,True
iPhone,"iPhone18,2",26.3,sender-key-message-version,
iPhone,"iPhone18,2",26.3,supports-remote-atv-signin,
iPhone,"iPhone18,2",26.3,supports-sender-key-v1,
iPhone,"iPhone18,2",26.3,supports-uriless-membership-updates,
iPhone,"iPhone18,2",26.3,supports-sender-key-self-check,
iPhone,"iPhone18,2",26.3,supports-recovery-contact-upsell,
iPhone,"iPhone18,2",26.3,supports-user-driven-call-activation,
iPhone,"iPhone18,2",26.3,supports-legacy-contact-invites-v1,
iPhone,"iPhone18,2",26.3,supports-legacy-contact-invites-v2,
iPhone,"iPhone18,2",26.3,supports-legacy-contact-invites-v3,
iPhone,"iPhone18,2",26.3,supports-calls-25,
iPhone,"iPhone18,2",26.3,supports-introductions-v1,
iPhone,"iPhone18,2",26.3,supports-rbm-chatbot,
iPhone,"iPhone14,2",26.3,show-peer-errors,
iPhone,"iPhone14,2",26.3,is-c2k-equipment,
iPhone,"iPhone14,2",26.3,supports-inline-attachments,
iPhone,"iPhone14,2",26.3,supports-keep-receipts,
iPhone,"iPhone14,2",26.3,supports-location-sharing,
iPhone,"iPhone14,2",26.3,supports-media-v2,
iPhone,"iPhone14,2",26.3,supports-st-v1,
iPhone,"iPhone14,2",26.3,supports-ca-v1,
iPhone,"iPhone14,2",26.3,supports-be-v1,
iPhone,"iPhone14,2",26.3,supports-ack-v1,
iPhone,"iPhone14,2",26.3,supports-fsm-v1,
iPhone,"iPhone14,2",26.3,supports-fsm-v2,
iPhone,"iPhone14,2",26.3,supports-fsm-v3,
iPhone,"iPhone14,2",26.3,supports-ii-v1,
iPhone,"iPhone14,2",26.3,supports-impact-v1,
iPhone,"iPhone14,2",26.3,supports-update-attachments-v1,
iPhone,"iPhone14,2",26.3,supports-autoloopvideo-v1,
iPhone,"iPhone14,2",26.3,supports-photos-extension-v1,
iPhone,"iPhone14,2",26.3,supports-photos-extension-v2,
iPhone,"iPhone14,2",26.3,supports-screen-time-v2,
iPhone,"iPhone14,2",26.3,supports-live-delivery,
iPhone,"iPhone14,2",26.3,supports-audio-messaging-v2,
iPhone,"iPhone14,2",26.3,supports-animoji-v2,
iPhone,"iPhone14,2",26.3,supports-certified-delivery-v1,
iPhone,"iPhone14,2",26.3,supports-original-timestamp-v1,
iPhone,"iPhone14,2",26.3,supports-incoming-fmd-v1,
iPhone,"iPhone14,2",26.3,optionally-receive-typing-indicators,
iPhone,"iPhone14,2",26.3,nicknames-version,
iPhone,"iPhone14,2",26.3,kt-version,5.0
iPhone,"iPhone14,2",26.3,device-key-signature,
iPhone,"iPhone14,2",26.3,ec-version,1.0
iPhone,"iPhone14,2",26.3,supports-protobuf-payload-data-v2,
iPhone,"iPhone14,2",26.3,supports-heif,True
iPhone,"iPhone14,2",26.3,supports-hdr,
iPhone,"iPhone14,2",26.3,prefers-sdr,
iPhone,"iPhone14,2",26.3,supports-qta,
iPhone,"iPhone14,2",26.3,supports-modern-gft,
iPhone,"iPhone14,2",26.3,supports-co,
iPhone,"iPhone14,2",26.3,is-green-tea,
iPhone,"iPhone14,2",26.3,supports-sa-v1,
iPhone,"iPhone14,2",26.3,supports-dq-nr,
iPhone,"iPhone14,2",26.3,supports-rem,
iPhone,"iPhone14,2",26.3,supports-shared-exp,
iPhone,"iPhone14,2",26.3,supports-st-er,
iPhone,"iPhone14,2",26.3,supports-family-invite-message-bubble,
iPhone,"iPhone14,2",26.3,supports-maps-protocol-v5,
iPhone,"iPhone14,2",26.3,supports-hi-res-vid,
iPhone,"iPhone14,2",26.3,supports-live-translation,
iPhone,"iPhone14,2",26.3,supports-mirage,
iPhone,"iPhone14,2",26.3,supports-nearby-facetime,
iPhone,"iPhone14,2",26.3,supports-emoji-stickers,
iPhone,"iPhone14,2",26.3,supports-sticker-editing,
iPhone,"iPhone14,2",26.3,supports-transcript-backgrounds,
iPhone,"iPhone14,2",26.3,supports-polls,
iPhone,"iPhone14,2",26.3,supports-lqm-hq,
iPhone,"iPhone14,2",26.3,supports-group-apple-cash,
iPhone,"iPhone14,2",26.3,supports-ckv-enforcement,
iPhone,"iPhone14,2",26.3,supports-gti,
iPhone,"iPhone14,2",26.3,supports-aot,
iPhone,"iPhone14,2",26.3,supports-key-sharing,
iPhone,"iPhone14,2",26.3,supports-harmony,
iPhone,"iPhone14,2",26.3,supports-activity-sharing-v1,True
iPhone,"iPhone14,2",26.3,supports-manatee-for-apple-cash,
iPhone,"iPhone14,2",26.3,supports-region-for-apple-cash,
iPhone,"iPhone14,2",26.3,supports-fmd-v2,True
iPhone,"iPhone14,2",26.3,supports-fm-fence-v1,True
iPhone,"iPhone14,2",26.3,supports-secure-loc-v1,
iPhone,"iPhone14,2",26.3,supports-zelkova,True
iPhone,"iPhone14,2",26.3,supports-people-ranging-v1,
iPhone,"iPhone14,2",26.3,supports-beacon-sharing-v3,
iPhone,"iPhone14,2",26.3,supports-manatee-activity-sharing,
iPhone,"iPhone14,2",26.3,supports-queue-one-read-receipts-v3,
iPhone,"iPhone14,2",26.3,supports-uwb,True
iPhone,"iPhone14,2",26.3,supports-gft-errors,
iPhone,"iPhone14,2",26.3,supports-gft-calls,
iPhone,"iPhone14,2",26.3,supports-hk-resident,
iPhone,"iPhone14,2",26.3,supports-maps-routing-path-leg,
iPhone,"iPhone14,2",26.3,supports-maps-wgs84-elevation-model,
iPhone,"iPhone14,2",26.3,supports-beacon-sharing-v2,
iPhone,"iPhone14,2",26.3,is-web-client,
iPhone,"iPhone14,2",26.3,supports-beneficiary-invites,
iPhone,"iPhone14,2",26.3,supports-people-request-messages,
iPhone,"iPhone14,2",26.3,supports-avless,
iPhone,"iPhone14,2",26.3,supports-maps-waypoint-route-sharing,
iPhone,"iPhone14,2",26.3,supports-cross-platform-sharing,
iPhone,"iPhone14,2",26.3,supports-self-one-to-one-invites,
iPhone,"iPhone14,2",26.3,supports-people-request-messages-v2,
iPhone,"iPhone14,2",26.3,supports-askto,
iPhone,"iPhone14,2",26.3,supports-askto-v2,
iPhone,"iPhone14,2",26.3,supports-askto-responseUI,
iPhone,"iPhone14,2",26.3,supports-significant-app-update,
iPhone,"iPhone14,2",26.3,supports-hybrid-groups-v1,
iPhone,"iPhone14,2",26.3,supports-findmy-plugin-messages,
iPhone,"iPhone14,2",26.3,supports-sos-alerting,True
iPhone,"iPhone14,2",26.3,supports-people-request-messages-v3,
iPhone,"iPhone14,2",26.3,supports-recurring-payment-bubbles,
iPhone,"iPhone14,2",26.3,supports-gft-relay,
iPhone,"iPhone14,2",26.3,supports-group-photo-refresh-version,
iPhone,"iPhone14,2",26.3,supports-ssrc,
iPhone,"iPhone14,2",26.3,supports-emoji-tapbacks,
iPhone,"iPhone14,2",26.3,supports-send-later-messages,
iPhone,"iPhone14,2",26.3,supports-restricted-guest,
iPhone,"iPhone14,2",26.3,supports-adaptive-temperature-automations,
iPhone,"iPhone14,2",26.3,supports-emoji-images,
iPhone,"iPhone14,2",26.3,supports-stick-moji-backs,
iPhone,"iPhone14,2",26.3,supports-high-quality-photo-file-sizes,
iPhone,"iPhone14,2",26.3,supports-stewie,True
iPhone,"iPhone14,2",26.3,sender-key-message-version,
iPhone,"iPhone14,2",26.3,supports-remote-atv-signin,
iPhone,"iPhone14,2",26.3,supports-sender-key-v1,
iPhone,"iPhone14,2",26.3,supports-uriless-membership-updates,
iPhone,"iPhone14,2",26.3,supports-sender-key-self-check,
iPhone,"iPhone14,2",26.3,supports-recovery-contact-upsell,
iPhone,"iPhone14,2",26.3,supports-user-driven-call-activation,
iPhone,"iPhone14,2",26.3,supports-legacy-contact-invites-v1,
iPhone,"iPhone14,2",26.3,supports-legacy-contact-invites-v2,
iPhone,"iPhone14,2",26.3,supports-legacy-contact-invites-v3,
iPhone,"iPhone14,2",26.3,supports-calls-25,
iPhone,"iPhone14,2",26.3,supports-introductions-v1,
iPhone,"iPhone14,2",26.3,supports-rbm-chatbot,
iPhone,"iPhone18,4",26.3,show-peer-errors,
iPhone,"iPhone18,4",26.3,is-c2k-equipment,
iPhone,"iPhone18,4",26.3,supports-inline-attachments,
iPhone,"iPhone18,4",26.3,supports-keep-receipts,
iPhone,"iPhone18,4",26.3,supports-location-sharing,
iPhone,"iPhone18,4",26.3,supports-media-v2,
iPhone,"iPhone18,4",26.3,supports-st-v1,
iPhone,"iPhone18,4",26.3,supports-ca-v1,
iPhone,"iPhone18,4",26.3,supports-be-v1,
iPhone,"iPhone18,4",26.3,supports-ack-v1,
iPhone,"iPhone18,4",26.3,supports-fsm-v1,
iPhone,"iPhone18,4",26.3,supports-fsm-v2,
iPhone,"iPhone18,4",26.3,supports-fsm-v3,
iPhone,"iPhone18,4",26.3,supports-ii-v1,
iPhone,"iPhone18,4",26.3,supports-impact-v1,
iPhone,"iPhone18,4",26.3,supports-update-attachments-v1,
iPhone,"iPhone18,4",26.3,supports-autoloopvideo-v1,
iPhone,"iPhone18,4",26.3,supports-photos-extension-v1,
iPhone,"iPhone18,4",26.3,supports-photos-extension-v2,
iPhone,"iPhone18,4",26.3,supports-screen-time-v2,
iPhone,"iPhone18,4",26.3,supports-live-delivery,
iPhone,"iPhone18,4",26.3,supports-audio-messaging-v2,
iPhone,"iPhone18,4",26.3,supports-animoji-v2,
iPhone,"iPhone18,4",26.3,supports-certified-delivery-v1,
iPhone,"iPhone18,4",26.3,supports-original-timestamp-v1,
iPhone,"iPhone18,4",26.3,supports-incoming-fmd-v1,
iPhone,"iPhone18,4",26.3,optionally-receive-typing-indicators,
iPhone,"iPhone18,4",26.3,nicknames-version,
iPhone,"iPhone18,4",26.3,kt-version,5.0
iPhone,"iPhone18,4",26.3,device-key-signature,
iPhone,"iPhone18,4",26.3,ec-version,1.0
iPhone,"iPhone18,4",26.3,supports-protobuf-payload-data-v2,
iPhone,"iPhone18,4",26.3,supports-heif,True
iPhone,"iPhone18,4",26.3,supports-hdr,
iPhone,"iPhone18,4",26.3,prefers-sdr,
iPhone,"iPhone18,4",26.3,supports-qta,
iPhone,"iPhone18,4",26.3,supports-modern-gft,
iPhone,"iPhone18,4",26.3,supports-co,
iPhone,"iPhone18,4",26.3,is-green-tea,
iPhone,"iPhone18,4",26.3,supports-sa-v1,
iPhone,"iPhone18,4",26.3,supports-dq-nr,
iPhone,"iPhone18,4",26.3,supports-rem,
iPhone,"iPhone18,4",26.3,supports-shared-exp,
iPhone,"iPhone18,4",26.3,supports-st-er,
iPhone,"iPhone18,4",26.3,supports-family-invite-message-bubble,
iPhone,"iPhone18,4",26.3,supports-maps-protocol-v5,
iPhone,"iPhone18,4",26.3,supports-hi-res-vid,
iPhone,"iPhone18,4",26.3,supports-live-translation,
iPhone,"iPhone18,4",26.3,supports-mirage,
iPhone,"iPhone18,4",26.3,supports-nearby-facetime,
iPhone,"iPhone18,4",26.3,supports-emoji-stickers,
iPhone,"iPhone18,4",26.3,supports-sticker-editing,
iPhone,"iPhone18,4",26.3,supports-transcript-backgrounds,
iPhone,"iPhone18,4",26.3,supports-polls,
iPhone,"iPhone18,4",26.3,supports-lqm-hq,
iPhone,"iPhone18,4",26.3,supports-group-apple-cash,
iPhone,"iPhone18,4",26.3,supports-ckv-enforcement,
iPhone,"iPhone18,4",26.3,supports-gti,
iPhone,"iPhone18,4",26.3,supports-aot,
iPhone,"iPhone18,4",26.3,supports-key-sharing,
iPhone,"iPhone18,4",26.3,supports-harmony,
iPhone,"iPhone18,4",26.3,supports-activity-sharing-v1,True
iPhone,"iPhone18,4",26.3,supports-manatee-for-apple-cash,
iPhone,"iPhone18,4",26.3,supports-region-for-apple-cash,
iPhone,"iPhone18,4",26.3,supports-fmd-v2,True
iPhone,"iPhone18,4",26.3,supports-fm-fence-v1,True
iPhone,"iPhone18,4",26.3,supports-secure-loc-v1,
iPhone,"iPhone18,4",26.3,supports-zelkova,True
iPhone,"iPhone18,4",26.3,supports-people-ranging-v1,
iPhone,"iPhone18,4",26.3,supports-beacon-sharing-v3,
iPhone,"iPhone18,4",26.3,supports-manatee-activity-sharing,
iPhone,"iPhone18,4",26.3,supports-queue-one-read-receipts-v3,
iPhone,"iPhone18,4",26.3,supports-uwb,True
iPhone,"iPhone18,4",26.3,supports-gft-errors,
iPhone,"iPhone18,4",26.3,supports-gft-calls,
iPhone,"iPhone18,4",26.3,supports-hk-resident,
iPhone,"iPhone18,4",26.3,supports-maps-routing-path-leg,
iPhone,"iPhone18,4",26.3,supports-maps-wgs84-elevation-model,
iPhone,"iPhone18,4",26.3,supports-beacon-sharing-v2,
iPhone,"iPhone18,4",26.3,is-web-client,
iPhone,"iPhone18,4",26.3,supports-beneficiary-invites,
iPhone,"iPhone18,4",26.3,supports-people-request-messages,
iPhone,"iPhone18,4",26.3,supports-avless,
iPhone,"iPhone18,4",26.3,supports-maps-waypoint-route-sharing,
iPhone,"iPhone18,4",26.3,supports-cross-platform-sharing,
iPhone,"iPhone18,4",26.3,supports-self-one-to-one-invites,
iPhone,"iPhone18,4",26.3,supports-people-request-messages-v2,
iPhone,"iPhone18,4",26.3,supports-askto,
iPhone,"iPhone18,4",26.3,supports-askto-v2,
iPhone,"iPhone18,4",26.3,supports-askto-responseUI,
iPhone,"iPhone18,4",26.3,supports-significant-app-update,
iPhone,"iPhone18,4",26.3,supports-hybrid-groups-v1,
iPhone,"iPhone18,4",26.3,supports-findmy-plugin-messages,
iPhone,"iPhone18,4",26.3,supports-sos-alerting,True
iPhone,"iPhone18,4",26.3,supports-people-request-messages-v3,
iPhone,"iPhone18,4",26.3,supports-recurring-payment-bubbles,
iPhone,"iPhone18,4",26.3,supports-gft-relay,
iPhone,"iPhone18,4",26.3,supports-group-photo-refresh-version,
iPhone,"iPhone18,4",26.3,supports-ssrc,
iPhone,"iPhone18,4",26.3,supports-emoji-tapbacks,
iPhone,"iPhone18,4",26.3,supports-send-later-messages,
iPhone,"iPhone18,4",26.3,supports-restricted-guest,
iPhone,"iPhone18,4",26.3,supports-adaptive-temperature-automations,
iPhone,"iPhone18,4",26.3,supports-emoji-images,
iPhone,"iPhone18,4",26.3,supports-stick-moji-backs,
iPhone,"iPhone18,4",26.3,supports-high-quality-photo-file-sizes,
iPhone,"iPhone18,4",26.3,supports-stewie,True
iPhone,"iPhone18,4",26.3,sender-key-message-version,
iPhone,"iPhone18,4",26.3,supports-remote-atv-signin,
iPhone,"iPhone18,4",26.3,supports-sender-key-v1,
iPhone,"iPhone18,4",26.3,supports-uriless-membership-updates,
iPhone,"iPhone18,4",26.3,supports-sender-key-self-check,
iPhone,"iPhone18,4",26.3,supports-recovery-contact-upsell,
iPhone,"iPhone18,4",26.3,supports-user-driven-call-activation,
iPhone,"iPhone18,4",26.3,supports-legacy-contact-invites-v1,
iPhone,"iPhone18,4",26.3,supports-legacy-contact-invites-v2,
iPhone,"iPhone18,4",26.3,supports-legacy-contact-invites-v3,
iPhone,"iPhone18,4",26.3,supports-calls-25,
iPhone,"iPhone18,4",26.3,supports-introductions-v1,
iPhone,"iPhone18,4",26.3,supports-rbm-chatbot,
iPhone,"iPhone14,4",18.4,show-peer-errors,
iPhone,"iPhone14,4",18.4,is-c2k-equipment,
iPhone,"iPhone14,4",18.4,supports-inline-attachments,
iPhone,"iPhone14,4",18.4,supports-keep-receipts,
iPhone,"iPhone14,4",18.4,supports-location-sharing,
iPhone,"iPhone14,4",18.4,supports-media-v2,
iPhone,"iPhone14,4",18.4,supports-st-v1,
iPhone,"iPhone14,4",18.4,supports-ca-v1,
iPhone,"iPhone14,4",18.4,supports-be-v1,
iPhone,"iPhone14,4",18.4,supports-ack-v1,
iPhone,"iPhone14,4",18.4,supports-fsm-v1,
iPhone,"iPhone14,4",18.4,supports-fsm-v2,
iPhone,"iPhone14,4",18.4,supports-fsm-v3,
iPhone,"iPhone14,4",18.4,supports-ii-v1,
iPhone,"iPhone14,4",18.4,supports-impact-v1,
iPhone,"iPhone14,4",18.4,supports-update-attachments-v1,
iPhone,"iPhone14,4",18.4,supports-autoloopvideo-v1,
iPhone,"iPhone14,4",18.4,supports-photos-extension-v1,
iPhone,"iPhone14,4",18.4,supports-photos-extension-v2,
iPhone,"iPhone14,4",18.4,supports-screen-time-v2,
iPhone,"iPhone14,4",18.4,supports-live-delivery,
iPhone,"iPhone14,4",18.4,supports-audio-messaging-v2,
iPhone,"iPhone14,4",18.4,supports-animoji-v2,
iPhone,"iPhone14,4",18.4,supports-certified-delivery-v1,
iPhone,"iPhone14,4",18.4,supports-original-timestamp-v1,
iPhone,"iPhone14,4",18.4,supports-incoming-fmd-v1,
iPhone,"iPhone14,4",18.4,optionally-receive-typing-indicators,
iPhone,"iPhone14,4",18.4,nicknames-version,
iPhone,"iPhone14,4",18.4,kt-version,5.0
iPhone,"iPhone14,4",18.4,device-key-signature,
iPhone,"iPhone14,4",18.4,ec-version,1.0
iPhone,"iPhone14,4",18.4,supports-protobuf-payload-data-v2,
iPhone,"iPhone14,4",18.4,supports-heif,True
iPhone,"iPhone14,4",18.4,supports-hdr,
iPhone,"iPhone14,4",18.4,prefers-sdr,
iPhone,"iPhone14,4",18.4,supports-modern-gft,
iPhone,"iPhone14,4",18.4,supports-co,
iPhone,"iPhone14,4",18.4,is-green-tea,
iPhone,"iPhone14,4",18.4,supports-sa-v1,
iPhone,"iPhone14,4",18.4,supports-dq-nr,
iPhone,"iPhone14,4",18.4,supports-rem,
iPhone,"iPhone14,4",18.4,supports-shared-exp,
iPhone,"iPhone14,4",18.4,supports-st-er,
iPhone,"iPhone14,4",18.4,supports-family-invite-message-bubble,
iPhone,"iPhone14,4",18.4,supports-maps-protocol-v5,
iPhone,"iPhone14,4",18.4,supports-hi-res-vid,
iPhone,"iPhone14,4",18.4,supports-mirage,
iPhone,"iPhone14,4",18.4,supports-emoji-stickers,
iPhone,"iPhone14,4",18.4,supports-sticker-editing,
iPhone,"iPhone14,4",18.4,supports-key-sharing,
iPhone,"iPhone14,4",18.4,supports-harmony,
iPhone,"iPhone14,4",18.4,supports-activity-sharing-v1,True
iPhone,"iPhone14,4",18.4,supports-manatee-for-apple-cash,
iPhone,"iPhone14,4",18.4,supports-region-for-apple-cash,
iPhone,"iPhone14,4",18.4,supports-fmd-v2,True
iPhone,"iPhone14,4",18.4,supports-fm-fence-v1,True
iPhone,"iPhone14,4",18.4,supports-secure-loc-v1,
iPhone,"iPhone14,4",18.4,supports-zelkova,True
iPhone,"iPhone14,4",18.4,supports-people-ranging-v1,
iPhone,"iPhone14,4",18.4,supports-beacon-sharing-v3,
iPhone,"iPhone14,4",18.4,supports-manatee-activity-sharing,
iPhone,"iPhone14,4",18.4,supports-uwb,True
iPhone,"iPhone14,4",18.4,supports-gft-errors,
iPhone,"iPhone14,4",18.4,supports-gft-calls,
iPhone,"iPhone14,4",18.4,supports-hk-resident,
iPhone,"iPhone14,4",18.4,supports-maps-routing-path-leg,
iPhone,"iPhone14,4",18.4,supports-beacon-sharing-v2,
iPhone,"iPhone14,4",18.4,is-web-client,
iPhone,"iPhone14,4",18.4,supports-beneficiary-invites,
iPhone,"iPhone14,4",18.4,supports-people-request-messages,
iPhone,"iPhone14,4",18.4,supports-avless,
iPhone,"iPhone14,4",18.4,supports-maps-waypoint-route-sharing,
iPhone,"iPhone14,4",18.4,supports-cross-platform-sharing,
iPhone,"iPhone14,4",18.4,supports-self-one-to-one-invites,
iPhone,"iPhone14,4",18.4,supports-people-request-messages-v2,
iPhone,"iPhone14,4",18.4,supports-askto,
iPhone,"iPhone14,4",18.4,supports-hybrid-groups-v1,
iPhone,"iPhone14,4",18.4,supports-findmy-plugin-messages,
iPhone,"iPhone14,4",18.4,supports-sos-alerting,True
iPhone,"iPhone14,4",18.4,supports-people-request-messages-v3,
iPhone,"iPhone14,4",18.4,supports-recurring-payment-bubbles,
iPhone,"iPhone14,4",18.4,supports-gft-relay,
iPhone,"iPhone14,4",18.4,supports-group-photo-refresh-version,
iPhone,"iPhone14,4",18.4,supports-ssrc,
iPhone,"iPhone14,4",18.4,supports-emoji-tapbacks,
iPhone,"iPhone14,4",18.4,supports-send-later-messages,
iPhone,"iPhone14,4",18.4,supports-restricted-guest,
iPhone,"iPhone14,4",18.4,supports-emoji-images,
iPhone,"iPhone14,4",18.4,supports-stick-moji-backs,
iPhone,"iPhone14,4",18.4,supports-high-quality-photo-file-sizes,
iPhone,"iPhone14,4",18.4,supports-stewie,True
iPhone,"iPhone14,4",18.4,sender-key-message-version,
iPhone,"iPhone14,4",18.4,supports-remote-atv-signin,
iPhone,"iPhone14,4",18.4,supports-sender-key-v1,
iPhone,"iPhone14,4",18.4,supports-sender-key-self-check,
iPhone,"iPhone14,4",18.4,supports-recovery-contact-upsell,
iPhone,"iPhone14,4",18.4,supports-user-driven-call-activation,
iPhone,"iPhone14,4",18.4,supports-legacy-contact-invites-v1,
iPhone,"iPhone14,4",18.4,supports-rbm-chatbot,
iPad,iPad_Pro_Spring_2021,17.0,show-peer-errors,
iPad,iPad_Pro_Spring_2021,17.0,is-c2k-equipment,
iPad,iPad_Pro_Spring_2021,17.0,supports-inline-attachments,
iPad,iPad_Pro_Spring_2021,17.0,supports-keep-receipts,
iPad,iPad_Pro_Spring_2021,17.0,supports-location-sharing,
iPad,iPad_Pro_Spring_2021,17.0,supports-media-v2,
iPad,iPad_Pro_Spring_2021,17.0,supports-st-v1,
iPad,iPad_Pro_Spring_2021,17.0,supports-ca-v1,
iPad,iPad_Pro_Spring_2021,17.0,supports-be-v1,
iPad,iPad_Pro_Spring_2021,17.0,supports-ack-v1,
iPad,iPad_Pro_Spring_2021,17.0,supports-fsm-v1,
iPad,iPad_Pro_Spring_2021,17.0,supports-fsm-v2,
iPad,iPad_Pro_Spring_2021,17.0,supports-fsm-v3,
iPad,iPad_Pro_Spring_2021,17.0,supports-ii-v1,
iPad,iPad_Pro_Spring_2021,17.0,supports-impact-v1,
iPad,iPad_Pro_Spring_2021,17.0,supports-update-attachments-v1,
iPad,iPad_Pro_Spring_2021,17.0,supports-autoloopvideo-v1,
iPad,iPad_Pro_Spring_2021,17.0,supports-photos-extension-v1,
iPad,iPad_Pro_Spring_2021,17.0,supports-photos-extension-v2,
iPad,iPad_Pro_Spring_2021,17.0,supports-screen-time-v2,
iPad,iPad_Pro_Spring_2021,17.0,supports-live-delivery,
iPad,iPad_Pro_Spring_2021,17.0,supports-audio-messaging-v2,
iPad,iPad_Pro_Spring_2021,17.0,supports-animoji-v2,
iPad,iPad_Pro_Spring_2021,17.0,supports-certified-delivery-v1,
iPad,iPad_Pro_Spring_2021,17.0,supports-original-timestamp-v1,
iPad,iPad_Pro_Spring_2021,17.0,supports-incoming-fmd-v1,
iPad,iPad_Pro_Spring_2021,17.0,optionally-receive-typing-indicators,
iPad,iPad_Pro_Spring_2021,17.0,nicknames-version,
iPad,iPad_Pro_Spring_2021,17.0,kt-version,5.0
iPad,iPad_Pro_Spring_2021,17.0,device-key-signature,
iPad,iPad_Pro_Spring_2021,17.0,ec-version,1.0
iPad,iPad_Pro_Spring_2021,17.0,supports-protobuf-payload-data-v2,
iPad,iPad_Pro_Spring_2021,17.0,supports-heif,True
iPad,iPad_Pro_Spring_2021,17.0,supports-hdr,
iPad,iPad_Pro_Spring_2021,17.0,prefers-sdr,
iPad,iPad_Pro_Spring_2021,17.0,supports-modern-gft,
iPad,iPad_Pro_Spring_2021,17.0,supports-co,
iPad,iPad_Pro_Spring_2021,17.0,is-green-tea,
iPad,iPad_Pro_Spring_2021,17.0,supports-sa-v1,
iPad,iPad_Pro_Spring_2021,17.0,supports-dq-nr,
iPad,iPad_Pro_Spring_2021,17.0,supports-rem,
iPad,iPad_Pro_Spring_2021,17.0,supports-shared-exp,
iPad,iPad_Pro_Spring_2021,17.0,supports-st-er,
iPad,iPad_Pro_Spring_2021,17.0,supports-family-invite-message-bubble,
iPad,iPad_Pro_Spring_2021,17.0,supports-maps-protocol-v5,
iPad,iPad_Pro_Spring_2021,17.0,supports-hi-res-vid,
iPad,iPad_Pro_Spring_2021,17.0,supports-mirage,
iPad,iPad_Pro_Spring_2021,17.0,supports-emoji-stickers,
iPad,iPad_Pro_Spring_2021,17.0,supports-sticker-editing,
iPad,iPad_Pro_Spring_2021,17.0,supports-key-sharing,
iPad,iPad_Pro_Spring_2021,17.0,supports-harmony,
iPad,iPad_Pro_Spring_2021,17.0,supports-activity-sharing-v1,
iPad,iPad_Pro_Spring_2021,17.0,supports-manatee-for-apple-cash,
iPad,iPad_Pro_Spring_2021,17.0,supports-region-for-apple-cash,
iPad,iPad_Pro_Spring_2021,17.0,supports-fmd-v2,
iPad,iPad_Pro_Spring_2021,17.0,supports-fm-fence-v1,True
iPad,iPad_Pro_Spring_2021,17.0,supports-secure-loc-v1,
iPad,iPad_Pro_Spring_2021,17.0,supports-zelkova,False
iPad,iPad_Pro_Spring_2021,17.0,supports-people-ranging-v1,
iPad,iPad_Pro_Spring_2021,17.0,supports-beacon-sharing-v3,
iPad,iPad_Pro_Spring_2021,17.0,supports-uwb,False
iPad,iPad_Pro_Spring_2021,17.0,supports-gft-errors,
iPad,iPad_Pro_Spring_2021,17.0,supports-gft-calls,
iPad,iPad_Pro_Spring_2021,17.0,supports-hk-resident,
iPad,iPad_Pro_Spring_2021,17.0,supports-maps-routing-path-leg,
iPad,iPad_Pro_Spring_2021,17.0,supports-beacon-sharing-v2,
iPad,iPad_Pro_Spring_2021,17.0,is-web-client,
iPad,iPad_Pro_Spring_2021,17.0,supports-beneficiary-invites,
iPad,iPad_Pro_Spring_2021,17.0,supports-people-request-messages,
iPad,iPad_Pro_Spring_2021,17.0,supports-avless,
iPad,iPad_Pro_Spring_2021,17.0,supports-maps-waypoint-route-sharing,
iPad,iPad_Pro_Spring_2021,17.0,supports-cross-platform-sharing,
iPad,iPad_Pro_Spring_2021,17.0,supports-self-one-to-one-invites,
iPad,iPad_Pro_Spring_2021,17.0,supports-people-request-messages-v2,
iPad,iPad_Pro_Spring_2021,17.0,supports-askto,
iPad,iPad_Pro_Spring_2021,17.0,supports-hybrid-groups-v1,
iPad,iPad_Pro_Spring_2021,17.0,supports-findmy-plugin-messages,
iPad,iPad_Pro_Spring_2021,17.0,supports-sos-alerting,
iPad,iPad_Pro_Spring_2021,17.0,supports-people-request-messages-v3,
iPad,iPad_Pro_Spring_2021,17.0,supports-recurring-payment-bubbles,
iPad,iPad_Pro_Spring_2021,17.0,supports-gft-relay,
iPad,"iPad15,7",26.3,show-peer-errors,
iPad,"iPad15,7",26.3,is-c2k-equipment,
iPad,"iPad15,7",26.3,supports-inline-attachments,
iPad,"iPad15,7",26.3,supports-keep-receipts,
iPad,"iPad15,7",26.3,supports-location-sharing,
iPad,"iPad15,7",26.3,supports-media-v2,
iPad,"iPad15,7",26.3,supports-st-v1,
iPad,"iPad15,7",26.3,supports-ca-v1,
iPad,"iPad15,7",26.3,supports-be-v1,
iPad,"iPad15,7",26.3,supports-ack-v1,
iPad,"iPad15,7",26.3,supports-fsm-v1,
iPad,"iPad15,7",26.3,supports-fsm-v2,
iPad,"iPad15,7",26.3,supports-fsm-v3,
iPad,"iPad15,7",26.3,supports-ii-v1,
iPad,"iPad15,7",26.3,supports-impact-v1,
iPad,"iPad15,7",26.3,supports-update-attachments-v1,
iPad,"iPad15,7",26.3,supports-autoloopvideo-v1,
iPad,"iPad15,7",26.3,supports-photos-extension-v1,
iPad,"iPad15,7",26.3,supports-photos-extension-v2,
iPad,"iPad15,7",26.3,supports-screen-time-v2,
iPad,"iPad15,7",26.3,supports-live-delivery,
iPad,"iPad15,7",26.3,supports-audio-messaging-v2,
iPad,"iPad15,7",26.3,supports-animoji-v2,
iPad,"iPad15,7",26.3,supports-certified-delivery-v1,
iPad,"iPad15,7",26.3,supports-original-timestamp-v1,
iPad,"iPad15,7",26.3,supports-incoming-fmd-v1,
iPad,"iPad15,7",26.3,optionally-receive-typing-indicators,
iPad,"iPad15,7",26.3,nicknames-version,
iPad,"iPad15,7",26.3,kt-version,5.0
iPad,"iPad15,7",26.3,device-key-signature,
iPad,"iPad15,7",26.3,ec-version,1.0
iPad,"iPad15,7",26.3,supports-protobuf-payload-data-v2,
iPad,"iPad15,7",26.3,supports-heif,True
iPad,"iPad15,7",26.3,supports-hdr,
iPad,"iPad15,7",26.3,prefers-sdr,
iPad,"iPad15,7",26.3,supports-qta,
iPad,"iPad15,7",26.3,supports-modern-gft,
iPad,"iPad15,7",26.3,supports-co,
iPad,"iPad15,7",26.3,is-green-tea,
iPad,"iPad15,7",26.3,supports-sa-v1,
iPad,"iPad15,7",26.3,supports-dq-nr,
iPad,"iPad15,7",26.3,supports-rem,
iPad,"iPad15,7",26.3,supports-shared-exp,
iPad,"iPad15,7",26.3,supports-st-er,
iPad,"iPad15,7",26.3,supports-family-invite-message-bubble,
iPad,"iPad15,7",26.3,supports-maps-protocol-v5,
iPad,"iPad15,7",26.3,supports-hi-res-vid,
iPad,"iPad15,7",26.3,supports-live-translation,
iPad,"iPad15,7",26.3,supports-mirage,
iPad,"iPad15,7",26.3,supports-nearby-facetime,
iPad,"iPad15,7",26.3,supports-emoji-stickers,
iPad,"iPad15,7",26.3,supports-sticker-editing,
iPad,"iPad15,7",26.3,supports-transcript-backgrounds,
iPad,"iPad15,7",26.3,supports-polls,
iPad,"iPad15,7",26.3,supports-lqm-hq,
iPad,"iPad15,7",26.3,supports-group-apple-cash,
iPad,"iPad15,7",26.3,supports-ckv-enforcement,
iPad,"iPad15,7",26.3,supports-gti,
iPad,"iPad15,7",26.3,supports-aot,
iPad,"iPad15,7",26.3,supports-key-sharing,
iPad,"iPad15,7",26.3,supports-harmony,
iPad,"iPad15,7",26.3,supports-activity-sharing-v1,
iPad,"iPad15,7",26.3,supports-manatee-for-apple-cash,
iPad,"iPad15,7",26.3,supports-region-for-apple-cash,
iPad,"iPad15,7",26.3,supports-fmd-v2,True
iPad,"iPad15,7",26.3,supports-fm-fence-v1,True
iPad,"iPad15,7",26.3,supports-secure-loc-v1,
iPad,"iPad15,7",26.3,supports-zelkova,True
iPad,"iPad15,7",26.3,supports-people-ranging-v1,
iPad,"iPad15,7",26.3,supports-beacon-sharing-v3,
iPad,"iPad15,7",26.3,supports-manatee-activity-sharing,
iPad,"iPad15,7",26.3,supports-queue-one-read-receipts-v3,
iPad,"iPad15,7",26.3,supports-uwb,False
iPad,"iPad15,7",26.3,supports-gft-errors,
iPad,"iPad15,7",26.3,supports-gft-calls,
iPad,"iPad15,7",26.3,supports-hk-resident,
iPad,"iPad15,7",26.3,supports-maps-routing-path-leg,
iPad,"iPad15,7",26.3,supports-maps-wgs84-elevation-model,
iPad,"iPad15,7",26.3,supports-beacon-sharing-v2,
iPad,"iPad15,7",26.3,is-web-client,
iPad,"iPad15,7",26.3,supports-beneficiary-invites,
iPad,"iPad15,7",26.3,supports-people-request-messages,
iPad,"iPad15,7",26.3,supports-avless,
iPad,"iPad15,7",26.3,supports-maps-waypoint-route-sharing,
iPad,"iPad15,7",26.3,supports-cross-platform-sharing,
iPad,"iPad15,7",26.3,supports-self-one-to-one-invites,
iPad,"iPad15,7",26.3,supports-people-request-messages-v2,
iPad,"iPad15,7",26.3,supports-askto,
iPad,"iPad15,7",26.3,supports-askto-v2,
iPad,"iPad15,7",26.3,supports-askto-responseUI,
iPad,"iPad15,7",26.3,supports-significant-app-update,
iPad,"iPad15,7",26.3,supports-hybrid-groups-v1,
iPad,"iPad15,7",26.3,supports-findmy-plugin-messages,
iPad,"iPad15,7",26.3,supports-sos-alerting,
iPad,"iPad15,7",26.3,supports-people-request-messages-v3,
iPad,"iPad15,7",26.3,supports-recurring-payment-bubbles,
iPad,"iPad15,7",26.3,supports-gft-relay,
iPad,"iPad15,7",26.3,supports-group-photo-refresh-version,
iPad,"iPad15,7",26.3,supports-ssrc,
iPad,"iPad15,7",26.3,supports-emoji-tapbacks,
iPad,"iPad15,7",26.3,supports-send-later-messages,
iPad,"iPad15,7",26.3,supports-restricted-guest,
iPad,"iPad15,7",26.3,supports-adaptive-temperature-automations,
iPad,"iPad15,7",26.3,supports-emoji-images,
iPad,"iPad15,7",26.3,supports-stick-moji-backs,
iPad,"iPad15,7",26.3,supports-high-quality-photo-file-sizes,
iPad,"iPad15,7",26.3,supports-stewie,False
iPad,"iPad15,7",26.3,sender-key-message-version,
iPad,"iPad15,7",26.3,supports-remote-atv-signin,
iPad,"iPad15,7",26.3,supports-sender-key-v1,
iPad,"iPad15,7",26.3,supports-uriless-membership-updates,
iPad,"iPad15,7",26.3,supports-sender-key-self-check,
iPad,"iPad15,7",26.3,supports-recovery-contact-upsell,
iPad,"iPad15,7",26.3,supports-user-driven-call-activation,
iPad,"iPad15,7",26.3,supports-legacy-contact-invites-v1,
iPad,"iPad15,7",26.3,supports-legacy-contact-invites-v2,
iPad,"iPad15,7",26.3,supports-legacy-contact-invites-v3,
iPad,"iPad15,7",26.3,supports-calls-25,
iPad,"iPad15,7",26.3,supports-introductions-v1,
iPad,"iPad15,7",26.3,supports-rbm-chatbot,
iPhone,"iPhone14,4",17.7,show-peer-errors,
iPhone,"iPhone14,4",17.7,is-c2k-equipment,
iPhone,"iPhone14,4",17.7,supports-inline-attachments,
iPhone,"iPhone14,4",17.7,supports-keep-receipts,
iPhone,"iPhone14,4",17.7,supports-location-sharing,
iPhone,"iPhone14,4",17.7,supports-media-v2,
iPhone,"iPhone14,4",17.7,supports-st-v1,
iPhone,"iPhone14,4",17.7,supports-ca-v1,
iPhone,"iPhone14,4",17.7,supports-be-v1,
iPhone,"iPhone14,4",17.7,supports-ack-v1,
iPhone,"iPhone14,4",17.7,supports-fsm-v1,
iPhone,"iPhone14,4",17.7,supports-fsm-v2,
iPhone,"iPhone14,4",17.7,supports-fsm-v3,
iPhone,"iPhone14,4",17.7,supports-ii-v1,
iPhone,"iPhone14,4",17.7,supports-impact-v1,
iPhone,"iPhone14,4",17.7,supports-update-attachments-v1,
iPhone,"iPhone14,4",17.7,supports-autoloopvideo-v1,
iPhone,"iPhone14,4",17.7,supports-photos-extension-v1,
iPhone,"iPhone14,4",17.7,supports-photos-extension-v2,
iPhone,"iPhone14,4",17.7,supports-screen-time-v2,
iPhone,"iPhone14,4",17.7,supports-live-delivery,
iPhone,"iPhone14,4",17.7,supports-audio-messaging-v2,
iPhone,"iPhone14,4",17.7,supports-animoji-v2,
iPhone,"iPhone14,4",17.7,supports-certified-delivery-v1,
iPhone,"iPhone14,4",17.7,supports-original-timestamp-v1,
iPhone,"iPhone14,4",17.7,supports-incoming-fmd-v1,
iPhone,"iPhone14,4",17.7,optionally-receive-typing-indicators,
iPhone,"iPhone14,4",17.7,nicknames-version,
iPhone,"iPhone14,4",17.7,kt-version,5.0
iPhone,"iPhone14,4",17.7,device-key-signature,
iPhone,"iPhone14,4",17.7,ec-version,1.0
iPhone,"iPhone14,4",17.7,supports-protobuf-payload-data-v2,
iPhone,"iPhone14,4",17.7,supports-heif,True
iPhone,"iPhone14,4",17.7,supports-hdr,
iPhone,"iPhone14,4",17.7,prefers-sdr,
iPhone,"iPhone14,4",17.7,supports-modern-gft,
iPhone,"iPhone14,4",17.7,supports-co,
iPhone,"iPhone14,4",17.7,is-green-tea,
iPhone,"iPhone14,4",17.7,supports-sa-v1,
iPhone,"iPhone14,4",17.7,supports-dq-nr,
iPhone,"iPhone14,4",17.7,supports-rem,
iPhone,"iPhone14,4",17.7,supports-shared-exp,
iPhone,"iPhone14,4",17.7,supports-st-er,
iPhone,"iPhone14,4",17.7,supports-family-invite-message-bubble,
iPhone,"iPhone14,4",17.7,supports-maps-protocol-v5,
iPhone,"iPhone14,4",17.7,supports-hi-res-vid,
iPhone,"iPhone14,4",17.7,supports-mirage,
iPhone,"iPhone14,4",17.7,supports-emoji-stickers,
iPhone,"iPhone14,4",17.7,supports-sticker-editing,
iPhone,"iPhone14,4",17.7,supports-key-sharing,
iPhone,"iPhone14,4",17.7,supports-harmony,
iPhone,"iPhone14,4",17.7,supports-activity-sharing-v1,True
iPhone,"iPhone14,4",17.7,supports-manatee-for-apple-cash,
iPhone,"iPhone14,4",17.7,supports-region-for-apple-cash,
iPhone,"iPhone14,4",17.7,supports-fmd-v2,
iPhone,"iPhone14,4",17.7,supports-fm-fence-v1,True
iPhone,"iPhone14,4",17.7,supports-secure-loc-v1,
iPhone,"iPhone14,4",17.7,supports-zelkova,True
iPhone,"iPhone14,4",17.7,supports-people-ranging-v1,
iPhone,"iPhone14,4",17.7,supports-beacon-sharing-v3,
iPhone,"iPhone14,4",17.7,supports-uwb,True
iPhone,"iPhone14,4",17.7,supports-gft-errors,
iPhone,"iPhone14,4",17.7,supports-gft-calls,
iPhone,"iPhone14,4",17.7,supports-hk-resident,
iPhone,"iPhone14,4",17.7,supports-maps-routing-path-leg,
iPhone,"iPhone14,4",17.7,supports-beacon-sharing-v2,
iPhone,"iPhone14,4",17.7,is-web-client,
iPhone,"iPhone14,4",17.7,supports-beneficiary-invites,
iPhone,"iPhone14,4",17.7,supports-people-request-messages,
iPhone,"iPhone14,4",17.7,supports-avless,
iPhone,"iPhone14,4",17.7,supports-maps-waypoint-route-sharing,
iPhone,"iPhone14,4",17.7,supports-cross-platform-sharing,
iPhone,"iPhone14,4",17.7,supports-self-one-to-one-invites,
iPhone,"iPhone14,4",17.7,supports-people-request-messages-v2,
iPhone,"iPhone14,4",17.7,supports-askto,
iPhone,"iPhone14,4",17.7,supports-hybrid-groups-v1,
iPhone,"iPhone14,4",17.7,supports-findmy-plugin-messages,
iPhone,"iPhone14,4",17.7,supports-sos-alerting,True
iPhone,"iPhone14,4",17.7,supports-people-request-messages-v3,
iPhone,"iPhone14,4",17.7,supports-recurring-payment-bubbles,
iPhone,"iPhone14,4",17.7,supports-gft-relay,
iPhone,"iPhone14,4",17.7,supports-group-photo-refresh-version,
iPhone,"iPhone14,4",18.3,show-peer-errors,
iPhone,"iPhone14,4",18.3,is-c2k-equipment,
iPhone,"iPhone14,4",18.3,supports-inline-attachments,
iPhone,"iPhone14,4",18.3,supports-keep-receipts,
iPhone,"iPhone14,4",18.3,supports-location-sharing,
iPhone,"iPhone14,4",18.3,supports-media-v2,
iPhone,"iPhone14,4",18.3,supports-st-v1,
iPhone,"iPhone14,4",18.3,supports-ca-v1,
iPhone,"iPhone14,4",18.3,supports-be-v1,
iPhone,"iPhone14,4",18.3,supports-ack-v1,
iPhone,"iPhone14,4",18.3,supports-fsm-v1,
iPhone,"iPhone14,4",18.3,supports-fsm-v2,
iPhone,"iPhone14,4",18.3,supports-fsm-v3,
iPhone,"iPhone14,4",18.3,supports-ii-v1,
iPhone,"iPhone14,4",18.3,supports-impact-v1,
iPhone,"iPhone14,4",18.3,supports-update-attachments-v1,
iPhone,"iPhone14,4",18.3,supports-autoloopvideo-v1,
iPhone,"iPhone14,4",18.3,supports-photos-extension-v1,
iPhone,"iPhone14,4",18.3,supports-photos-extension-v2,
iPhone,"iPhone14,4",18.3,supports-screen-time-v2,
iPhone,"iPhone14,4",18.3,supports-live-delivery,
iPhone,"iPhone14,4",18.3,supports-audio-messaging-v2,
iPhone,"iPhone14,4",18.3,supports-animoji-v2,
iPhone,"iPhone14,4",18.3,supports-certified-delivery-v1,
iPhone,"iPhone14,4",18.3,supports-original-timestamp-v1,
iPhone,"iPhone14,4",18.3,supports-incoming-fmd-v1,
iPhone,"iPhone14,4",18.3,optionally-receive-typing-indicators,
iPhone,"iPhone14,4",18.3,nicknames-version,
iPhone,"iPhone14,4",18.3,kt-version,5.0
iPhone,"iPhone14,4",18.3,device-key-signature,
iPhone,"iPhone14,4",18.3,ec-version,1.0
iPhone,"iPhone14,4",18.3,supports-protobuf-payload-data-v2,
iPhone,"iPhone14,4",18.3,supports-heif,True
iPhone,"iPhone14,4",18.3,supports-hdr,
iPhone,"iPhone14,4",18.3,prefers-sdr,
iPhone,"iPhone14,4",18.3,supports-modern-gft,
iPhone,"iPhone14,4",18.3,supports-co,
iPhone,"iPhone14,4",18.3,is-green-tea,
iPhone,"iPhone14,4",18.3,supports-sa-v1,
iPhone,"iPhone14,4",18.3,supports-dq-nr,
iPhone,"iPhone14,4",18.3,supports-rem,
iPhone,"iPhone14,4",18.3,supports-shared-exp,
iPhone,"iPhone14,4",18.3,supports-st-er,
iPhone,"iPhone14,4",18.3,supports-family-invite-message-bubble,
iPhone,"iPhone14,4",18.3,supports-maps-protocol-v5,
iPhone,"iPhone14,4",18.3,supports-hi-res-vid,
iPhone,"iPhone14,4",18.3,supports-mirage,
iPhone,"iPhone14,4",18.3,supports-emoji-stickers,
iPhone,"iPhone14,4",18.3,supports-sticker-editing,
iPhone,"iPhone14,4",18.3,supports-key-sharing,
iPhone,"iPhone14,4",18.3,supports-harmony,
iPhone,"iPhone14,4",18.3,supports-activity-sharing-v1,True
iPhone,"iPhone14,4",18.3,supports-manatee-for-apple-cash,
iPhone,"iPhone14,4",18.3,supports-region-for-apple-cash,
iPhone,"iPhone14,4",18.3,supports-fmd-v2,
iPhone,"iPhone14,4",18.3,supports-fm-fence-v1,True
iPhone,"iPhone14,4",18.3,supports-secure-loc-v1,
iPhone,"iPhone14,4",18.3,supports-zelkova,True
iPhone,"iPhone14,4",18.3,supports-people-ranging-v1,
iPhone,"iPhone14,4",18.3,supports-beacon-sharing-v3,
iPhone,"iPhone14,4",18.3,supports-manatee-activity-sharing,
iPhone,"iPhone14,4",18.3,supports-uwb,True
iPhone,"iPhone14,4",18.3,supports-gft-errors,
iPhone,"iPhone14,4",18.3,supports-gft-calls,
iPhone,"iPhone14,4",18.3,supports-hk-resident,
iPhone,"iPhone14,4",18.3,supports-maps-routing-path-leg,
iPhone,"iPhone14,4",18.3,supports-beacon-sharing-v2,
iPhone,"iPhone14,4",18.3,is-web-client,
iPhone,"iPhone14,4",18.3,supports-beneficiary-invites,
iPhone,"iPhone14,4",18.3,supports-people-request-messages,
iPhone,"iPhone14,4",18.3,supports-avless,
iPhone,"iPhone14,4",18.3,supports-maps-waypoint-route-sharing,
iPhone,"iPhone14,4",18.3,supports-cross-platform-sharing,
iPhone,"iPhone14,4",18.3,supports-self-one-to-one-invites,
iPhone,"iPhone14,4",18.3,supports-people-request-messages-v2,
iPhone,"iPhone14,4",18.3,supports-askto,
iPhone,"iPhone14,4",18.3,supports-hybrid-groups-v1,
iPhone,"iPhone14,4",18.3,supports-findmy-plugin-messages,
iPhone,"iPhone14,4",18.3,supports-sos-alerting,True
iPhone,"iPhone14,4",18.3,supports-people-request-messages-v3,
iPhone,"iPhone14,4",18.3,supports-recurring-payment-bubbles,
iPhone,"iPhone14,4",18.3,supports-gft-relay,
iPhone,"iPhone14,4",18.3,supports-group-photo-refresh-version,
iPhone,"iPhone14,4",18.3,supports-ssrc,
iPhone,"iPhone14,4",18.3,supports-emoji-tapbacks,
iPhone,"iPhone14,4",18.3,supports-send-later-messages,
iPhone,"iPhone14,4",18.3,supports-restricted-guest,
iPhone,"iPhone14,4",18.3,supports-emoji-images,
iPhone,"iPhone14,4",18.3,supports-stick-moji-backs,
iPhone,"iPhone14,4",18.3,supports-high-quality-photo-file-sizes,
iPhone,"iPhone14,4",18.3,supports-stewie,True
iPhone,"iPhone14,4",18.3,sender-key-message-version,
iPhone,"iPhone14,4",18.3,supports-remote-atv-signin,
iPhone,"iPhone14,4",18.3,supports-sender-key-v1,
iPhone,"iPhone14,4",18.3,supports-recovery-contact-upsell,
iPhone,"iPhone14,6",26.3,show-peer-errors,
iPhone,"iPhone14,6",26.3,is-c2k-equipment,
iPhone,"iPhone14,6",26.3,supports-inline-attachments,
iPhone,"iPhone14,6",26.3,supports-keep-receipts,
iPhone,"iPhone14,6",26.3,supports-location-sharing,
iPhone,"iPhone14,6",26.3,supports-media-v2,
iPhone,"iPhone14,6",26.3,supports-st-v1,
iPhone,"iPhone14,6",26.3,supports-ca-v1,
iPhone,"iPhone14,6",26.3,supports-be-v1,
iPhone,"iPhone14,6",26.3,supports-ack-v1,
iPhone,"iPhone14,6",26.3,supports-fsm-v1,
iPhone,"iPhone14,6",26.3,supports-fsm-v2,
iPhone,"iPhone14,6",26.3,supports-fsm-v3,
iPhone,"iPhone14,6",26.3,supports-ii-v1,
iPhone,"iPhone14,6",26.3,supports-impact-v1,
iPhone,"iPhone14,6",26.3,supports-update-attachments-v1,
iPhone,"iPhone14,6",26.3,supports-autoloopvideo-v1,
iPhone,"iPhone14,6",26.3,supports-photos-extension-v1,
iPhone,"iPhone14,6",26.3,supports-photos-extension-v2,
iPhone,"iPhone14,6",26.3,supports-screen-time-v2,
iPhone,"iPhone14,6",26.3,supports-live-delivery,
iPhone,"iPhone14,6",26.3,supports-audio-messaging-v2,
iPhone,"iPhone14,6",26.3,supports-animoji-v2,
iPhone,"iPhone14,6",26.3,supports-certified-delivery-v1,
iPhone,"iPhone14,6",26.3,supports-original-timestamp-v1,
iPhone,"iPhone14,6",26.3,supports-incoming-fmd-v1,
iPhone,"iPhone14,6",26.3,optionally-receive-typing-indicators,
iPhone,"iPhone14,6",26.3,nicknames-version,
iPhone,"iPhone14,6",26.3,kt-version,5.0
iPhone,"iPhone14,6",26.3,device-key-signature,
iPhone,"iPhone14,6",26.3,ec-version,1.0
iPhone,"iPhone14,6",26.3,supports-protobuf-payload-data-v2,
iPhone,"iPhone14,6",26.3,supports-heif,True
iPhone,"iPhone14,6",26.3,supports-hdr,
iPhone,"iPhone14,6",26.3,prefers-sdr,
iPhone,"iPhone14,6",26.3,supports-qta,
iPhone,"iPhone14,6",26.3,supports-modern-gft,
iPhone,"iPhone14,6",26.3,supports-co,
iPhone,"iPhone14,6",26.3,is-green-tea,
iPhone,"iPhone14,6",26.3,supports-sa-v1,
iPhone,"iPhone14,6",26.3,supports-dq-nr,
iPhone,"iPhone14,6",26.3,supports-rem,
iPhone,"iPhone14,6",26.3,supports-shared-exp,
iPhone,"iPhone14,6",26.3,supports-st-er,
iPhone,"iPhone14,6",26.3,supports-family-invite-message-bubble,
iPhone,"iPhone14,6",26.3,supports-maps-protocol-v5,
iPhone,"iPhone14,6",26.3,supports-hi-res-vid,
iPhone,"iPhone14,6",26.3,supports-live-translation,
iPhone,"iPhone14,6",26.3,supports-mirage,
iPhone,"iPhone14,6",26.3,supports-nearby-facetime,
iPhone,"iPhone14,6",26.3,supports-emoji-stickers,
iPhone,"iPhone14,6",26.3,supports-sticker-editing,
iPhone,"iPhone14,6",26.3,supports-transcript-backgrounds,
iPhone,"iPhone14,6",26.3,supports-polls,
iPhone,"iPhone14,6",26.3,supports-lqm-hq,
iPhone,"iPhone14,6",26.3,supports-group-apple-cash,
iPhone,"iPhone14,6",26.3,supports-ckv-enforcement,
iPhone,"iPhone14,6",26.3,supports-gti,
iPhone,"iPhone14,6",26.3,supports-aot,
iPhone,"iPhone14,6",26.3,supports-key-sharing,
iPhone,"iPhone14,6",26.3,supports-harmony,
iPhone,"iPhone14,6",26.3,supports-activity-sharing-v1,True
iPhone,"iPhone14,6",26.3,supports-manatee-for-apple-cash,
iPhone,"iPhone14,6",26.3,supports-region-for-apple-cash,
iPhone,"iPhone14,6",26.3,supports-fmd-v2,True
iPhone,"iPhone14,6",26.3,supports-fm-fence-v1,True
iPhone,"iPhone14,6",26.3,supports-secure-loc-v1,
iPhone,"iPhone14,6",26.3,supports-zelkova,True
iPhone,"iPhone14,6",26.3,supports-people-ranging-v1,
iPhone,"iPhone14,6",26.3,supports-beacon-sharing-v3,
iPhone,"iPhone14,6",26.3,supports-manatee-activity-sharing,
iPhone,"iPhone14,6",26.3,supports-queue-one-read-receipts-v3,
iPhone,"iPhone14,6",26.3,supports-uwb,False
iPhone,"iPhone14,6",26.3,supports-gft-errors,
iPhone,"iPhone14,6",26.3,supports-gft-calls,
iPhone,"iPhone14,6",26.3,supports-hk-resident,
iPhone,"iPhone14,6",26.3,supports-maps-routing-path-leg,
iPhone,"iPhone14,6",26.3,supports-maps-wgs84-elevation-model,
iPhone,"iPhone14,6",26.3,supports-beacon-sharing-v2,
iPhone,"iPhone14,6",26.3,is-web-client,
iPhone,"iPhone14,6",26.3,supports-beneficiary-invites,
iPhone,"iPhone14,6",26.3,supports-people-request-messages,
iPhone,"iPhone14,6",26.3,supports-avless,
iPhone,"iPhone14,6",26.3,supports-maps-waypoint-route-sharing,
iPhone,"iPhone14,6",26.3,supports-cross-platform-sharing,
iPhone,"iPhone14,6",26.3,supports-self-one-to-one-invites,
iPhone,"iPhone14,6",26.3,supports-people-request-messages-v2,
iPhone,"iPhone14,6",26.3,supports-askto,
iPhone,"iPhone14,6",26.3,supports-askto-v2,
iPhone,"iPhone14,6",26.3,supports-askto-responseUI,
iPhone,"iPhone14,6",26.3,supports-significant-app-update,
iPhone,"iPhone14,6",26.3,supports-hybrid-groups-v1,
iPhone,"iPhone14,6",26.3,supports-findmy-plugin-messages,
iPhone,"iPhone14,6",26.3,supports-sos-alerting,True
iPhone,"iPhone14,6",26.3,supports-people-request-messages-v3,
iPhone,"iPhone14,6",26.3,supports-recurring-payment-bubbles,
iPhone,"iPhone14,6",26.3,supports-gft-relay,
iPhone,"iPhone14,6",26.3,supports-group-photo-refresh-version,
iPhone,"iPhone14,6",26.3,supports-ssrc,
iPhone,"iPhone14,6",26.3,supports-emoji-tapbacks,
iPhone,"iPhone14,6",26.3,supports-send-later-messages,
iPhone,"iPhone14,6",26.3,supports-restricted-guest,
iPhone,"iPhone14,6",26.3,supports-adaptive-temperature-automations,
iPhone,"iPhone14,6",26.3,supports-emoji-images,
iPhone,"iPhone14,6",26.3,supports-stick-moji-backs,
iPhone,"iPhone14,6",26.3,supports-high-quality-photo-file-sizes,
iPhone,"iPhone14,6",26.3,supports-stewie,True
iPhone,"iPhone14,6",26.3,sender-key-message-version,
iPhone,"iPhone14,6",26.3,supports-remote-atv-signin,
iPhone,"iPhone14,6",26.3,supports-sender-key-v1,
iPhone,"iPhone14,6",26.3,supports-uriless-membership-updates,
iPhone,"iPhone14,6",26.3,supports-sender-key-self-check,
iPhone,"iPhone14,6",26.3,supports-recovery-contact-upsell,
iPhone,"iPhone14,6",26.3,supports-user-driven-call-activation,
iPhone,"iPhone14,6",26.3,supports-legacy-contact-invites-v1,
iPhone,"iPhone14,6",26.3,supports-legacy-contact-invites-v2,
iPhone,"iPhone14,6",26.3,supports-legacy-contact-invites-v3,
iPhone,"iPhone14,6",26.3,supports-calls-25,
iPhone,"iPhone14,6",26.3,supports-introductions-v1,
iPhone,"iPhone14,6",26.3,supports-rbm-chatbot,
iPad,iPad_10.2,18.7.3,show-peer-errors,
iPad,iPad_10.2,18.7.3,is-c2k-equipment,
iPad,iPad_10.2,18.7.3,supports-inline-attachments,
iPad,iPad_10.2,18.7.3,supports-keep-receipts,
iPad,iPad_10.2,18.7.3,supports-location-sharing,
iPad,iPad_10.2,18.7.3,supports-media-v2,
iPad,iPad_10.2,18.7.3,supports-st-v1,
iPad,iPad_10.2,18.7.3,supports-ca-v1,
iPad,iPad_10.2,18.7.3,supports-be-v1,
iPad,iPad_10.2,18.7.3,supports-ack-v1,
iPad,iPad_10.2,18.7.3,supports-fsm-v1,
iPad,iPad_10.2,18.7.3,supports-fsm-v2,
iPad,iPad_10.2,18.7.3,supports-fsm-v3,
iPad,iPad_10.2,18.7.3,supports-ii-v1,
iPad,iPad_10.2,18.7.3,supports-impact-v1,
iPad,iPad_10.2,18.7.3,supports-update-attachments-v1,
iPad,iPad_10.2,18.7.3,supports-autoloopvideo-v1,
iPad,iPad_10.2,18.7.3,supports-photos-extension-v1,
iPad,iPad_10.2,18.7.3,supports-photos-extension-v2,
iPad,iPad_10.2,18.7.3,supports-screen-time-v2,
iPad,iPad_10.2,18.7.3,supports-live-delivery,
iPad,iPad_10.2,18.7.3,supports-audio-messaging-v2,
iPad,iPad_10.2,18.7.3,supports-animoji-v2,
iPad,iPad_10.2,18.7.3,supports-certified-delivery-v1,
iPad,iPad_10.2,18.7.3,supports-original-timestamp-v1,
iPad,iPad_10.2,18.7.3,supports-incoming-fmd-v1,
iPad,iPad_10.2,18.7.3,optionally-receive-typing-indicators,
iPad,iPad_10.2,18.7.3,nicknames-version,
iPad,iPad_10.2,18.7.3,kt-version,5.0
iPad,iPad_10.2,18.7.3,device-key-signature,
iPad,iPad_10.2,18.7.3,ec-version,1.0
iPad,iPad_10.2,18.7.3,supports-protobuf-payload-data-v2,
iPad,iPad_10.2,18.7.3,supports-heif,True
iPad,iPad_10.2,18.7.3,supports-hdr,False
iPad,iPad_10.2,18.7.3,prefers-sdr,
iPad,iPad_10.2,18.7.3,supports-qta,
iPad,iPad_10.2,18.7.3,supports-modern-gft,
iPad,iPad_10.2,18.7.3,supports-co,
iPad,iPad_10.2,18.7.3,is-green-tea,
iPad,iPad_10.2,18.7.3,supports-sa-v1,
iPad,iPad_10.2,18.7.3,supports-dq-nr,
iPad,iPad_10.2,18.7.3,supports-rem,
iPad,iPad_10.2,18.7.3,supports-shared-exp,
iPad,iPad_10.2,18.7.3,supports-st-er,
iPad,iPad_10.2,18.7.3,supports-family-invite-message-bubble,
iPad,iPad_10.2,18.7.3,supports-maps-protocol-v5,
iPad,iPad_10.2,18.7.3,supports-hi-res-vid,
iPad,iPad_10.2,18.7.3,supports-mirage,
iPad,iPad_10.2,18.7.3,supports-emoji-stickers,
iPad,iPad_10.2,18.7.3,supports-sticker-editing,
iPad,iPad_10.2,18.7.3,supports-key-sharing,
iPad,iPad_10.2,18.7.3,supports-harmony,
iPad,iPad_10.2,18.7.3,supports-activity-sharing-v1,
iPad,iPad_10.2,18.7.3,supports-manatee-for-apple-cash,
iPad,iPad_10.2,18.7.3,supports-region-for-apple-cash,
iPad,iPad_10.2,18.7.3,supports-fmd-v2,True
iPad,iPad_10.2,18.7.3,supports-fm-fence-v1,True
iPad,iPad_10.2,18.7.3,supports-secure-loc-v1,
iPad,iPad_10.2,18.7.3,supports-zelkova,True
iPad,iPad_10.2,18.7.3,supports-people-ranging-v1,
iPad,iPad_10.2,18.7.3,supports-beacon-sharing-v3,
iPad,iPad_10.2,18.7.3,supports-manatee-activity-sharing,
iPad,iPad_10.2,18.7.3,supports-uwb,False
iPad,iPad_10.2,18.7.3,supports-gft-errors,
iPad,iPad_10.2,18.7.3,supports-gft-calls,
iPad,iPad_10.2,18.7.3,supports-hk-resident,
iPad,iPad_10.2,18.7.3,supports-maps-routing-path-leg,
iPad,iPad_10.2,18.7.3,supports-beacon-sharing-v2,
iPad,iPad_10.2,18.7.3,is-web-client,
iPad,iPad_10.2,18.7.3,supports-beneficiary-invites,
iPad,iPad_10.2,18.7.3,supports-people-request-messages,
iPad,iPad_10.2,18.7.3,supports-avless,
iPad,iPad_10.2,18.7.3,supports-maps-waypoint-route-sharing,
iPad,iPad_10.2,18.7.3,supports-cross-platform-sharing,
iPad,iPad_10.2,18.7.3,supports-self-one-to-one-invites,
iPad,iPad_10.2,18.7.3,supports-people-request-messages-v2,
iPad,iPad_10.2,18.7.3,supports-askto,
iPad,iPad_10.2,18.7.3,supports-hybrid-groups-v1,
iPad,iPad_10.2,18.7.3,supports-findmy-plugin-messages,
iPad,iPad_10.2,18.7.3,supports-sos-alerting,
iPad,iPad_10.2,18.7.3,supports-people-request-messages-v3,
iPad,iPad_10.2,18.7.3,supports-recurring-payment-bubbles,
iPad,iPad_10.2,18.7.3,supports-gft-relay,
iPad,iPad_10.2,18.7.3,supports-group-photo-refresh-version,
iPad,iPad_10.2,18.7.3,supports-ssrc,
iPad,iPad_10.2,18.7.3,supports-emoji-tapbacks,
iPad,iPad_10.2,18.7.3,supports-send-later-messages,
iPad,iPad_10.2,18.7.3,supports-restricted-guest,
iPad,iPad_10.2,18.7.3,supports-emoji-images,
iPad,iPad_10.2,18.7.3,supports-stick-moji-backs,
iPad,iPad_10.2,18.7.3,supports-high-quality-photo-file-sizes,
iPad,iPad_10.2,18.7.3,supports-stewie,False
iPad,iPad_10.2,18.7.3,sender-key-message-version,
iPad,iPad_10.2,18.7.3,supports-remote-atv-signin,
iPad,iPad_10.2,18.7.3,supports-sender-key-v1,
iPad,iPad_10.2,18.7.3,supports-sender-key-self-check,
iPad,iPad_10.2,18.7.3,supports-recovery-contact-upsell,
iPad,iPad_10.2,18.7.3,supports-user-driven-call-activation,
iPad,iPad_10.2,18.7.3,supports-legacy-contact-invites-v1,
iPad,iPad_10.2,18.7.3,supports-rbm-chatbot,
iPhone,"iPhone14,4",15.0,show-peer-errors,
iPhone,"iPhone14,4",15.0,is-c2k-equipment,
iPhone,"iPhone14,4",15.0,supports-inline-attachments,
iPhone,"iPhone14,4",15.0,supports-keep-receipts,
iPhone,"iPhone14,4",15.0,supports-location-sharing,
iPhone,"iPhone14,4",15.0,supports-media-v2,
iPhone,"iPhone14,4",15.0,supports-st-v1,
iPhone,"iPhone14,4",15.0,supports-ca-v1,
iPhone,"iPhone14,4",15.0,supports-be-v1,
iPhone,"iPhone14,4",15.0,supports-ack-v1,
iPhone,"iPhone14,4",15.0,supports-fsm-v1,
iPhone,"iPhone14,4",15.0,supports-fsm-v2,
iPhone,"iPhone14,4",15.0,supports-fsm-v3,
iPhone,"iPhone14,4",15.0,supports-ii-v1,
iPhone,"iPhone14,4",15.0,supports-impact-v1,
iPhone,"iPhone14,4",15.0,supports-update-attachments-v1,
iPhone,"iPhone14,4",15.0,supports-autoloopvideo-v1,
iPhone,"iPhone14,4",15.0,supports-photos-extension-v1,
iPhone,"iPhone14,4",15.0,supports-photos-extension-v2,
iPhone,"iPhone14,4",15.0,supports-screen-time-v2,
iPhone,"iPhone14,4",15.0,supports-live-delivery,
iPhone,"iPhone14,4",15.0,supports-audio-messaging-v2,
iPhone,"iPhone14,4",15.0,supports-animoji-v2,
iPhone,"iPhone14,4",15.0,supports-certified-delivery-v1,
iPhone,"iPhone14,4",15.0,supports-original-timestamp-v1,
iPhone,"iPhone14,4",15.0,supports-incoming-fmd-v1,
iPhone,"iPhone14,4",15.0,optionally-receive-typing-indicators,
iPhone,"iPhone14,4",15.0,nicknames-version,
iPhone,"iPhone14,4",15.0,kt-version,4.0
iPhone,"iPhone14,4",15.0,ec-version,1.0
iPhone,"iPhone14,4",15.0,supports-protobuf-payload-data-v2,
iPhone,"iPhone14,4",15.0,supports-heif,True
iPhone,"iPhone14,4",15.0,supports-hdr,
iPhone,"iPhone14,4",15.0,prefers-sdr,
iPhone,"iPhone14,4",15.0,supports-modern-gft,
iPhone,"iPhone14,4",15.0,supports-co,
iPhone,"iPhone14,4",15.0,is-green-tea,
iPhone,"iPhone14,4",15.0,supports-sa-v1,
iPhone,"iPhone14,4",15.0,supports-dq-nr,
iPhone,"iPhone14,4",15.0,supports-key-sharing,
iPhone,"iPhone14,4",15.0,supports-harmony,
iPhone,"iPhone14,4",15.0,supports-activity-sharing-v1,True
iPhone,"iPhone14,4",15.0,supports-manatee-for-apple-cash,
iPhone,"iPhone14,4",15.0,supports-region-for-apple-cash,
iPhone,"iPhone14,4",15.0,supports-fmd-v2,
iPhone,"iPhone14,4",15.0,supports-fm-fence-v1,True
iPhone,"iPhone14,4",15.0,supports-secure-loc-v1,
iPhone,"iPhone14,4",15.0,supports-uwb,True
iPhone,"iPhone14,4",15.0,supports-gft-errors,
iPhone,"iPhone14,4",15.0,supports-gft-calls,
iPhone,"iPhone14,4",15.0,supports-hk-resident,
iPhone,"iPhone14,4",15.0,supports-maps-routing-path-leg,
iPhone,"iPhone14,4",15.0,supports-beacon-sharing-v2,
iPad,"iPad14,3",26.3,show-peer-errors,
iPad,"iPad14,4",26.3,show-peer-errors,
iPad,"iPad14,5",26.3,show-peer-errors,
iPad,"iPad14,6",26.3,show-peer-errors,
iPad,"iPad14,3",26.3,is-c2k-equipment,
iPad,"iPad14,4",26.3,is-c2k-equipment,
iPad,"iPad14,5",26.3,is-c2k-equipment,
iPad,"iPad14,6",26.3,is-c2k-equipment,
iPad,"iPad14,3",26.3,supports-inline-attachments,
iPad,"iPad14,4",26.3,supports-inline-attachments,
iPad,"iPad14,5",26.3,supports-inline-attachments,
iPad,"iPad14,6",26.3,supports-inline-attachments,
iPad,"iPad14,3",26.3,supports-keep-receipts,
iPad,"iPad14,4",26.3,supports-keep-receipts,
iPad,"iPad14,5",26.3,supports-keep-receipts,
iPad,"iPad14,6",26.3,supports-keep-receipts,
iPad,"iPad14,3",26.3,supports-location-sharing,
iPad,"iPad14,4",26.3,supports-location-sharing,
iPad,"iPad14,5",26.3,supports-location-sharing,
iPad,"iPad14,6",26.3,supports-location-sharing,
iPad,"iPad14,3",26.3,supports-media-v2,
iPad,"iPad14,4",26.3,supports-media-v2,
iPad,"iPad14,5",26.3,supports-media-v2,
iPad,"iPad14,6",26.3,supports-media-v2,
iPad,"iPad14,3",26.3,supports-st-v1,
iPad,"iPad14,4",26.3,supports-st-v1,
iPad,"iPad14,5",26.3,supports-st-v1,
iPad,"iPad14,6",26.3,supports-st-v1,
iPad,"iPad14,3",26.3,supports-ca-v1,
iPad,"iPad14,4",26.3,supports-ca-v1,
iPad,"iPad14,5",26.3,supports-ca-v1,
iPad,"iPad14,6",26.3,supports-ca-v1,
iPad,"iPad14,3",26.3,supports-be-v1,
iPad,"iPad14,4",26.3,supports-be-v1,
iPad,"iPad14,5",26.3,supports-be-v1,
iPad,"iPad14,6",26.3,supports-be-v1,
iPad,"iPad14,3",26.3,supports-ack-v1,
iPad,"iPad14,4",26.3,supports-ack-v1,
iPad,"iPad14,5",26.3,supports-ack-v1,
iPad,"iPad14,6",26.3,supports-ack-v1,
iPad,"iPad14,3",26.3,supports-fsm-v1,
iPad,"iPad14,4",26.3,supports-fsm-v1,
iPad,"iPad14,5",26.3,supports-fsm-v1,
iPad,"iPad14,6",26.3,supports-fsm-v1,
iPad,"iPad14,3",26.3,supports-fsm-v2,
iPad,"iPad14,4",26.3,supports-fsm-v2,
iPad,"iPad14,5",26.3,supports-fsm-v2,
iPad,"iPad14,6",26.3,supports-fsm-v2,
iPad,"iPad14,3",26.3,supports-fsm-v3,
iPad,"iPad14,4",26.3,supports-fsm-v3,
iPad,"iPad14,5",26.3,supports-fsm-v3,
iPad,"iPad14,6",26.3,supports-fsm-v3,
iPad,"iPad14,3",26.3,supports-ii-v1,
iPad,"iPad14,4",26.3,supports-ii-v1,
iPad,"iPad14,5",26.3,supports-ii-v1,
iPad,"iPad14,6",26.3,supports-ii-v1,
iPad,"iPad14,3",26.3,supports-impact-v1,
iPad,"iPad14,4",26.3,supports-impact-v1,
iPad,"iPad14,5",26.3,supports-impact-v1,
iPad,"iPad14,6",26.3,supports-impact-v1,
iPad,"iPad14,3",26.3,supports-update-attachments-v1,
iPad,"iPad14,4",26.3,supports-update-attachments-v1,
iPad,"iPad14,5",26.3,supports-update-attachments-v1,
iPad,"iPad14,6",26.3,supports-update-attachments-v1,
iPad,"iPad14,3",26.3,supports-autoloopvideo-v1,
iPad,"iPad14,4",26.3,supports-autoloopvideo-v1,
iPad,"iPad14,5",26.3,supports-autoloopvideo-v1,
iPad,"iPad14,6",26.3,supports-autoloopvideo-v1,
iPad,"iPad14,3",26.3,supports-photos-extension-v1,
iPad,"iPad14,4",26.3,supports-photos-extension-v1,
iPad,"iPad14,5",26.3,supports-photos-extension-v1,
iPad,"iPad14,6",26.3,supports-photos-extension-v1,
iPad,"iPad14,3",26.3,supports-photos-extension-v2,
iPad,"iPad14,4",26.3,supports-photos-extension-v2,
iPad,"iPad14,5",26.3,supports-photos-extension-v2,
iPad,"iPad14,6",26.3,supports-photos-extension-v2,
iPad,"iPad14,3",26.3,supports-screen-time-v2,
iPad,"iPad14,4",26.3,supports-screen-time-v2,
iPad,"iPad14,5",26.3,supports-screen-time-v2,
iPad,"iPad14,6",26.3,supports-screen-time-v2,
iPad,"iPad14,3",26.3,supports-live-delivery,
iPad,"iPad14,4",26.3,supports-live-delivery,
iPad,"iPad14,5",26.3,supports-live-delivery,
iPad,"iPad14,6",26.3,supports-live-delivery,
iPad,"iPad14,3",26.3,supports-audio-messaging-v2,
iPad,"iPad14,4",26.3,supports-audio-messaging-v2,
iPad,"iPad14,5",26.3,supports-audio-messaging-v2,
iPad,"iPad14,6",26.3,supports-audio-messaging-v2,
iPad,"iPad14,3",26.3,supports-animoji-v2,
iPad,"iPad14,4",26.3,supports-animoji-v2,
iPad,"iPad14,5",26.3,supports-animoji-v2,
iPad,"iPad14,6",26.3,supports-animoji-v2,
iPad,"iPad14,3",26.3,supports-certified-delivery-v1,
iPad,"iPad14,4",26.3,supports-certified-delivery-v1,
iPad,"iPad14,5",26.3,supports-certified-delivery-v1,
iPad,"iPad14,6",26.3,supports-certified-delivery-v1,
iPad,"iPad14,3",26.3,supports-original-timestamp-v1,
iPad,"iPad14,4",26.3,supports-original-timestamp-v1,
iPad,"iPad14,5",26.3,supports-original-timestamp-v1,
iPad,"iPad14,6",26.3,supports-original-timestamp-v1,
iPad,"iPad14,3",26.3,supports-incoming-fmd-v1,
iPad,"iPad14,4",26.3,supports-incoming-fmd-v1,
iPad,"iPad14,5",26.3,supports-incoming-fmd-v1,
iPad,"iPad14,6",26.3,supports-incoming-fmd-v1,
iPad,"iPad14,3",26.3,optionally-receive-typing-indicators,
iPad,"iPad14,4",26.3,optionally-receive-typing-indicators,
iPad,"iPad14,5",26.3,optionally-receive-typing-indicators,
iPad,"iPad14,6",26.3,optionally-receive-typing-indicators,
iPad,"iPad14,3",26.3,nicknames-version,
iPad,"iPad14,4",26.3,nicknames-version,
iPad,"iPad14,5",26.3,nicknames-version,
iPad,"iPad14,6",26.3,nicknames-version,
iPad,"iPad14,3",26.3,kt-version,5.0
iPad,"iPad14,4",26.3,kt-version,5.0
iPad,"iPad14,5",26.3,kt-version,5.0
iPad,"iPad14,6",26.3,kt-version,5.0
iPad,"iPad14,3",26.3,device-key-signature,
iPad,"iPad14,4",26.3,device-key-signature,
iPad,"iPad14,5",26.3,device-key-signature,
iPad,"iPad14,6",26.3,device-key-signature,
iPad,"iPad14,3",26.3,ec-version,1.0
iPad,"iPad14,4",26.3,ec-version,1.0
iPad,"iPad14,5",26.3,ec-version,1.0
iPad,"iPad14,6",26.3,ec-version,1.0
iPad,"iPad14,3",26.3,supports-protobuf-payload-data-v2,
iPad,"iPad14,4",26.3,supports-protobuf-payload-data-v2,
iPad,"iPad14,5",26.3,supports-protobuf-payload-data-v2,
iPad,"iPad14,6",26.3,supports-protobuf-payload-data-v2,
iPad,"iPad14,3",26.3,supports-heif,True
iPad,"iPad14,4",26.3,supports-heif,True
iPad,"iPad14,5",26.3,supports-heif,True
iPad,"iPad14,6",26.3,supports-heif,True
iPad,"iPad14,3",26.3,supports-hdr,
iPad,"iPad14,4",26.3,supports-hdr,
iPad,"iPad14,5",26.3,supports-hdr,
iPad,"iPad14,6",26.3,supports-hdr,
iPad,"iPad14,3",26.3,prefers-sdr,
iPad,"iPad14,4",26.3,prefers-sdr,
iPad,"iPad14,5",26.3,prefers-sdr,
iPad,"iPad14,6",26.3,prefers-sdr,
iPad,"iPad14,3",26.3,supports-qta,
iPad,"iPad14,4",26.3,supports-qta,
iPad,"iPad14,5",26.3,supports-qta,
iPad,"iPad14,6",26.3,supports-qta,
iPad,"iPad14,3",26.3,supports-modern-gft,
iPad,"iPad14,4",26.3,supports-modern-gft,
iPad,"iPad14,5",26.3,supports-modern-gft,
iPad,"iPad14,6",26.3,supports-modern-gft,
iPad,"iPad14,3",26.3,supports-co,
iPad,"iPad14,4",26.3,supports-co,
iPad,"iPad14,5",26.3,supports-co,
iPad,"iPad14,6",26.3,supports-co,
iPad,"iPad14,3",26.3,is-green-tea,
iPad,"iPad14,4",26.3,is-green-tea,
iPad,"iPad14,5",26.3,is-green-tea,
iPad,"iPad14,6",26.3,is-green-tea,
iPad,"iPad14,3",26.3,supports-sa-v1,
iPad,"iPad14,4",26.3,supports-sa-v1,
iPad,"iPad14,5",26.3,supports-sa-v1,
iPad,"iPad14,6",26.3,supports-sa-v1,
iPad,"iPad14,3",26.3,supports-dq-nr,
iPad,"iPad14,4",26.3,supports-dq-nr,
iPad,"iPad14,5",26.3,supports-dq-nr,
iPad,"iPad14,6",26.3,supports-dq-nr,
iPad,"iPad14,3",26.3,supports-rem,
iPad,"iPad14,4",26.3,supports-rem,
iPad,"iPad14,5",26.3,supports-rem,
iPad,"iPad14,6",26.3,supports-rem,
iPad,"iPad14,3",26.3,supports-shared-exp,
iPad,"iPad14,4",26.3,supports-shared-exp,
iPad,"iPad14,5",26.3,supports-shared-exp,
iPad,"iPad14,6",26.3,supports-shared-exp,
iPad,"iPad14,3",26.3,supports-st-er,
iPad,"iPad14,4",26.3,supports-st-er,
iPad,"iPad14,5",26.3,supports-st-er,
iPad,"iPad14,6",26.3,supports-st-er,
iPad,"iPad14,3",26.3,supports-family-invite-message-bubble,
iPad,"iPad14,4",26.3,supports-family-invite-message-bubble,
iPad,"iPad14,5",26.3,supports-family-invite-message-bubble,
iPad,"iPad14,6",26.3,supports-family-invite-message-bubble,
iPad,"iPad14,3",26.3,supports-maps-protocol-v5,
iPad,"iPad14,4",26.3,supports-maps-protocol-v5,
iPad,"iPad14,5",26.3,supports-maps-protocol-v5,
iPad,"iPad14,6",26.3,supports-maps-protocol-v5,
iPad,"iPad14,3",26.3,supports-hi-res-vid,
iPad,"iPad14,4",26.3,supports-hi-res-vid,
iPad,"iPad14,5",26.3,supports-hi-res-vid,
iPad,"iPad14,6",26.3,supports-hi-res-vid,
iPad,"iPad14,3",26.3,supports-live-translation,
iPad,"iPad14,4",26.3,supports-live-translation,
iPad,"iPad14,5",26.3,supports-live-translation,
iPad,"iPad14,6",26.3,supports-live-translation,
iPad,"iPad14,3",26.3,supports-mirage,
iPad,"iPad14,4",26.3,supports-mirage,
iPad,"iPad14,5",26.3,supports-mirage,
iPad,"iPad14,6",26.3,supports-mirage,
iPad,"iPad14,3",26.3,supports-nearby-facetime,
iPad,"iPad14,4",26.3,supports-nearby-facetime,
iPad,"iPad14,5",26.3,supports-nearby-facetime,
iPad,"iPad14,6",26.3,supports-nearby-facetime,
iPad,"iPad14,3",26.3,supports-emoji-stickers,
iPad,"iPad14,4",26.3,supports-emoji-stickers,
iPad,"iPad14,5",26.3,supports-emoji-stickers,
iPad,"iPad14,6",26.3,supports-emoji-stickers,
iPad,"iPad14,3",26.3,supports-sticker-editing,
iPad,"iPad14,4",26.3,supports-sticker-editing,
iPad,"iPad14,5",26.3,supports-sticker-editing,
iPad,"iPad14,6",26.3,supports-sticker-editing,
iPad,"iPad14,3",26.3,supports-transcript-backgrounds,
iPad,"iPad14,4",26.3,supports-transcript-backgrounds,
iPad,"iPad14,5",26.3,supports-transcript-backgrounds,
iPad,"iPad14,6",26.3,supports-transcript-backgrounds,
iPad,"iPad14,3",26.3,supports-polls,
iPad,"iPad14,4",26.3,supports-polls,
iPad,"iPad14,5",26.3,supports-polls,
iPad,"iPad14,6",26.3,supports-polls,
iPad,"iPad14,3",26.3,supports-lqm-hq,
iPad,"iPad14,4",26.3,supports-lqm-hq,
iPad,"iPad14,5",26.3,supports-lqm-hq,
iPad,"iPad14,6",26.3,supports-lqm-hq,
iPad,"iPad14,3",26.3,supports-group-apple-cash,
iPad,"iPad14,4",26.3,supports-group-apple-cash,
iPad,"iPad14,5",26.3,supports-group-apple-cash,
iPad,"iPad14,6",26.3,supports-group-apple-cash,
iPad,"iPad14,3",26.3,supports-ckv-enforcement,
iPad,"iPad14,4",26.3,supports-ckv-enforcement,
iPad,"iPad14,5",26.3,supports-ckv-enforcement,
iPad,"iPad14,6",26.3,supports-ckv-enforcement,
iPad,"iPad14,3",26.3,supports-gti,
iPad,"iPad14,4",26.3,supports-gti,
iPad,"iPad14,5",26.3,supports-gti,
iPad,"iPad14,6",26.3,supports-gti,
iPad,"iPad14,3",26.3,supports-aot,
iPad,"iPad14,4",26.3,supports-aot,
iPad,"iPad14,5",26.3,supports-aot,
iPad,"iPad14,6",26.3,supports-aot,
iPad,"iPad14,3",26.3,supports-key-sharing,
iPad,"iPad14,4",26.3,supports-key-sharing,
iPad,"iPad14,5",26.3,supports-key-sharing,
iPad,"iPad14,6",26.3,supports-key-sharing,
iPad,"iPad14,3",26.3,supports-harmony,
iPad,"iPad14,4",26.3,supports-harmony,
iPad,"iPad14,5",26.3,supports-harmony,
iPad,"iPad14,6",26.3,supports-harmony,
iPad,"iPad14,3",26.3,supports-activity-sharing-v1,
iPad,"iPad14,4",26.3,supports-activity-sharing-v1,
iPad,"iPad14,5",26.3,supports-activity-sharing-v1,
iPad,"iPad14,6",26.3,supports-activity-sharing-v1,
iPad,"iPad14,3",26.3,supports-manatee-for-apple-cash,
iPad,"iPad14,4",26.3,supports-manatee-for-apple-cash,
iPad,"iPad14,5",26.3,supports-manatee-for-apple-cash,
iPad,"iPad14,6",26.3,supports-manatee-for-apple-cash,
iPad,"iPad14,3",26.3,supports-region-for-apple-cash,
iPad,"iPad14,4",26.3,supports-region-for-apple-cash,
iPad,"iPad14,5",26.3,supports-region-for-apple-cash,
iPad,"iPad14,6",26.3,supports-region-for-apple-cash,
iPad,"iPad14,3",26.3,supports-fmd-v2,True
iPad,"iPad14,4",26.3,supports-fmd-v2,True
iPad,"iPad14,5",26.3,supports-fmd-v2,True
iPad,"iPad14,6",26.3,supports-fmd-v2,True
iPad,"iPad14,3",26.3,supports-fm-fence-v1,True
iPad,"iPad14,4",26.3,supports-fm-fence-v1,True
iPad,"iPad14,5",26.3,supports-fm-fence-v1,True
iPad,"iPad14,6",26.3,supports-fm-fence-v1,True
iPad,"iPad14,3",26.3,supports-secure-loc-v1,
iPad,"iPad14,4",26.3,supports-secure-loc-v1,
iPad,"iPad14,5",26.3,supports-secure-loc-v1,
iPad,"iPad14,6",26.3,supports-secure-loc-v1,
iPad,"iPad14,3",26.3,supports-zelkova,True
iPad,"iPad14,4",26.3,supports-zelkova,True
iPad,"iPad14,5",26.3,supports-zelkova,True
iPad,"iPad14,6",26.3,supports-zelkova,True
iPad,"iPad14,3",26.3,supports-people-ranging-v1,
iPad,"iPad14,4",26.3,supports-people-ranging-v1,
iPad,"iPad14,5",26.3,supports-people-ranging-v1,
iPad,"iPad14,6",26.3,supports-people-ranging-v1,
iPad,"iPad14,3",26.3,supports-beacon-sharing-v3,
iPad,"iPad14,4",26.3,supports-beacon-sharing-v3,
iPad,"iPad14,5",26.3,supports-beacon-sharing-v3,
iPad,"iPad14,6",26.3,supports-beacon-sharing-v3,
iPad,"iPad14,3",26.3,supports-manatee-activity-sharing,
iPad,"iPad14,4",26.3,supports-manatee-activity-sharing,
iPad,"iPad14,5",26.3,supports-manatee-activity-sharing,
iPad,"iPad14,6",26.3,supports-manatee-activity-sharing,
iPad,"iPad14,3",26.3,supports-queue-one-read-receipts-v3,
iPad,"iPad14,4",26.3,supports-queue-one-read-receipts-v3,
iPad,"iPad14,5",26.3,supports-queue-one-read-receipts-v3,
iPad,"iPad14,6",26.3,supports-queue-one-read-receipts-v3,
iPad,"iPad14,3",26.3,supports-uwb,False
iPad,"iPad14,4",26.3,supports-uwb,False
iPad,"iPad14,5",26.3,supports-uwb,False
iPad,"iPad14,6",26.3,supports-uwb,False
iPad,"iPad14,3",26.3,supports-gft-errors,
iPad,"iPad14,4",26.3,supports-gft-errors,
iPad,"iPad14,5",26.3,supports-gft-errors,
iPad,"iPad14,6",26.3,supports-gft-errors,
iPad,"iPad14,3",26.3,supports-gft-calls,
iPad,"iPad14,4",26.3,supports-gft-calls,
iPad,"iPad14,5",26.3,supports-gft-calls,
iPad,"iPad14,6",26.3,supports-gft-calls,
iPad,"iPad14,3",26.3,supports-hk-resident,
iPad,"iPad14,4",26.3,supports-hk-resident,
iPad,"iPad14,5",26.3,supports-hk-resident,
iPad,"iPad14,6",26.3,supports-hk-resident,
iPad,"iPad14,3",26.3,supports-maps-routing-path-leg,
iPad,"iPad14,4",26.3,supports-maps-routing-path-leg,
iPad,"iPad14,5",26.3,supports-maps-routing-path-leg,
iPad,"iPad14,6",26.3,supports-maps-routing-path-leg,
iPad,"iPad14,3",26.3,supports-maps-wgs84-elevation-model,
iPad,"iPad14,4",26.3,supports-maps-wgs84-elevation-model,
iPad,"iPad14,5",26.3,supports-maps-wgs84-elevation-model,
iPad,"iPad14,6",26.3,supports-maps-wgs84-elevation-model,
iPad,"iPad14,3",26.3,supports-beacon-sharing-v2,
iPad,"iPad14,4",26.3,supports-beacon-sharing-v2,
iPad,"iPad14,5",26.3,supports-beacon-sharing-v2,
iPad,"iPad14,6",26.3,supports-beacon-sharing-v2,
iPad,"iPad14,3",26.3,is-web-client,
iPad,"iPad14,4",26.3,is-web-client,
iPad,"iPad14,5",26.3,is-web-client,
iPad,"iPad14,6",26.3,is-web-client,
iPad,"iPad14,3",26.3,supports-beneficiary-invites,
iPad,"iPad14,4",26.3,supports-beneficiary-invites,
iPad,"iPad14,5",26.3,supports-beneficiary-invites,
iPad,"iPad14,6",26.3,supports-beneficiary-invites,
iPad,"iPad14,3",26.3,supports-people-request-messages,
iPad,"iPad14,4",26.3,supports-people-request-messages,
iPad,"iPad14,5",26.3,supports-people-request-messages,
iPad,"iPad14,6",26.3,supports-people-request-messages,
iPad,"iPad14,3",26.3,supports-avless,
iPad,"iPad14,4",26.3,supports-avless,
iPad,"iPad14,5",26.3,supports-avless,
iPad,"iPad14,6",26.3,supports-avless,
iPad,"iPad14,3",26.3,supports-maps-waypoint-route-sharing,
iPad,"iPad14,4",26.3,supports-maps-waypoint-route-sharing,
iPad,"iPad14,5",26.3,supports-maps-waypoint-route-sharing,
iPad,"iPad14,6",26.3,supports-maps-waypoint-route-sharing,
iPad,"iPad14,3",26.3,supports-cross-platform-sharing,
iPad,"iPad14,4",26.3,supports-cross-platform-sharing,
iPad,"iPad14,5",26.3,supports-cross-platform-sharing,
iPad,"iPad14,6",26.3,supports-cross-platform-sharing,
iPad,"iPad14,3",26.3,supports-self-one-to-one-invites,
iPad,"iPad14,4",26.3,supports-self-one-to-one-invites,
iPad,"iPad14,5",26.3,supports-self-one-to-one-invites,
iPad,"iPad14,6",26.3,supports-self-one-to-one-invites,
iPad,"iPad14,3",26.3,supports-people-request-messages-v2,
iPad,"iPad14,4",26.3,supports-people-request-messages-v2,
iPad,"iPad14,5",26.3,supports-people-request-messages-v2,
iPad,"iPad14,6",26.3,supports-people-request-messages-v2,
iPad,"iPad14,3",26.3,supports-askto,
iPad,"iPad14,4",26.3,supports-askto,
iPad,"iPad14,5",26.3,supports-askto,
iPad,"iPad14,6",26.3,supports-askto,
iPad,"iPad14,3",26.3,supports-askto-v2,
iPad,"iPad14,4",26.3,supports-askto-v2,
iPad,"iPad14,5",26.3,supports-askto-v2,
iPad,"iPad14,6",26.3,supports-askto-v2,
iPad,"iPad14,3",26.3,supports-askto-responseUI,
iPad,"iPad14,4",26.3,supports-askto-responseUI,
iPad,"iPad14,5",26.3,supports-askto-responseUI,
iPad,"iPad14,6",26.3,supports-askto-responseUI,
iPad,"iPad14,3",26.3,supports-significant-app-update,
iPad,"iPad14,4",26.3,supports-significant-app-update,
iPad,"iPad14,5",26.3,supports-significant-app-update,
iPad,"iPad14,6",26.3,supports-significant-app-update,
iPad,"iPad14,3",26.3,supports-hybrid-groups-v1,
iPad,"iPad14,4",26.3,supports-hybrid-groups-v1,
iPad,"iPad14,5",26.3,supports-hybrid-groups-v1,
iPad,"iPad14,6",26.3,supports-hybrid-groups-v1,
iPad,"iPad14,3",26.3,supports-findmy-plugin-messages,
iPad,"iPad14,4",26.3,supports-findmy-plugin-messages,
iPad,"iPad14,5",26.3,supports-findmy-plugin-messages,
iPad,"iPad14,6",26.3,supports-findmy-plugin-messages,
iPad,"iPad14,3",26.3,supports-sos-alerting,
iPad,"iPad14,4",26.3,supports-sos-alerting,
iPad,"iPad14,5",26.3,supports-sos-alerting,
iPad,"iPad14,6",26.3,supports-sos-alerting,
iPad,"iPad14,3",26.3,supports-people-request-messages-v3,
iPad,"iPad14,4",26.3,supports-people-request-messages-v3,
iPad,"iPad14,5",26.3,supports-people-request-messages-v3,
iPad,"iPad14,6",26.3,supports-people-request-messages-v3,
iPad,"iPad14,3",26.3,supports-recurring-payment-bubbles,
iPad,"iPad14,4",26.3,supports-recurring-payment-bubbles,
iPad,"iPad14,5",26.3,supports-recurring-payment-bubbles,
iPad,"iPad14,6",26.3,supports-recurring-payment-bubbles,
iPad,"iPad14,3",26.3,supports-gft-relay,
iPad,"iPad14,4",26.3,supports-gft-relay,
iPad,"iPad14,5",26.3,supports-gft-relay,
iPad,"iPad14,6",26.3,supports-gft-relay,
iPad,"iPad14,3",26.3,supports-group-photo-refresh-version,
iPad,"iPad14,4",26.3,supports-group-photo-refresh-version,
iPad,"iPad14,5",26.3,supports-group-photo-refresh-version,
iPad,"iPad14,6",26.3,supports-group-photo-refresh-version,
iPad,"iPad14,3",26.3,supports-ssrc,
iPad,"iPad14,4",26.3,supports-ssrc,
iPad,"iPad14,5",26.3,supports-ssrc,
iPad,"iPad14,6",26.3,supports-ssrc,
iPad,"iPad14,3",26.3,supports-emoji-tapbacks,
iPad,"iPad14,4",26.3,supports-emoji-tapbacks,
iPad,"iPad14,5",26.3,supports-emoji-tapbacks,
iPad,"iPad14,6",26.3,supports-emoji-tapbacks,
iPad,"iPad14,3",26.3,supports-send-later-messages,
iPad,"iPad14,4",26.3,supports-send-later-messages,
iPad,"iPad14,5",26.3,supports-send-later-messages,
iPad,"iPad14,6",26.3,supports-send-later-messages,
iPad,"iPad14,3",26.3,supports-restricted-guest,
iPad,"iPad14,4",26.3,supports-restricted-guest,
iPad,"iPad14,5",26.3,supports-restricted-guest,
iPad,"iPad14,6",26.3,supports-restricted-guest,
iPad,"iPad14,3",26.3,supports-adaptive-temperature-automations,
iPad,"iPad14,4",26.3,supports-adaptive-temperature-automations,
iPad,"iPad14,5",26.3,supports-adaptive-temperature-automations,
iPad,"iPad14,6",26.3,supports-adaptive-temperature-automations,
iPad,"iPad14,3",26.3,supports-emoji-images,
iPad,"iPad14,4",26.3,supports-emoji-images,
iPad,"iPad14,5",26.3,supports-emoji-images,
iPad,"iPad14,6",26.3,supports-emoji-images,
iPad,"iPad14,3",26.3,supports-stick-moji-backs,
iPad,"iPad14,4",26.3,supports-stick-moji-backs,
iPad,"iPad14,5",26.3,supports-stick-moji-backs,
iPad,"iPad14,6",26.3,supports-stick-moji-backs,
iPad,"iPad14,3",26.3,supports-high-quality-photo-file-sizes,
iPad,"iPad14,4",26.3,supports-high-quality-photo-file-sizes,
iPad,"iPad14,5",26.3,supports-high-quality-photo-file-sizes,
iPad,"iPad14,6",26.3,supports-high-quality-photo-file-sizes,
iPad,"iPad14,3",26.3,supports-stewie,False
iPad,"iPad14,4",26.3,supports-stewie,False
iPad,"iPad14,5",26.3,supports-stewie,False
iPad,"iPad14,6",26.3,supports-stewie,False
iPad,"iPad14,3",26.3,sender-key-message-version,
iPad,"iPad14,4",26.3,sender-key-message-version,
iPad,"iPad14,5",26.3,sender-key-message-version,
iPad,"iPad14,6",26.3,sender-key-message-version,
iPad,"iPad14,3",26.3,supports-remote-atv-signin,
iPad,"iPad14,4",26.3,supports-remote-atv-signin,
iPad,"iPad14,5",26.3,supports-remote-atv-signin,
iPad,"iPad14,6",26.3,supports-remote-atv-signin,
iPad,"iPad14,3",26.3,supports-sender-key-v1,
iPad,"iPad14,4",26.3,supports-sender-key-v1,
iPad,"iPad14,5",26.3,supports-sender-key-v1,
iPad,"iPad14,6",26.3,supports-sender-key-v1,
iPad,"iPad14,3",26.3,supports-uriless-membership-updates,
iPad,"iPad14,4",26.3,supports-uriless-membership-updates,
iPad,"iPad14,5",26.3,supports-uriless-membership-updates,
iPad,"iPad14,6",26.3,supports-uriless-membership-updates,
iPad,"iPad14,3",26.3,supports-sender-key-self-check,
iPad,"iPad14,4",26.3,supports-sender-key-self-check,
iPad,"iPad14,5",26.3,supports-sender-key-self-check,
iPad,"iPad14,6",26.3,supports-sender-key-self-check,
iPad,"iPad14,3",26.3,supports-recovery-contact-upsell,
iPad,"iPad14,4",26.3,supports-recovery-contact-upsell,
iPad,"iPad14,5",26.3,supports-recovery-contact-upsell,
iPad,"iPad14,6",26.3,supports-recovery-contact-upsell,
iPad,"iPad14,3",26.3,supports-user-driven-call-activation,
iPad,"iPad14,4",26.3,supports-user-driven-call-activation,
iPad,"iPad14,5",26.3,supports-user-driven-call-activation,
iPad,"iPad14,6",26.3,supports-user-driven-call-activation,
iPad,"iPad14,3",26.3,supports-legacy-contact-invites-v1,
iPad,"iPad14,4",26.3,supports-legacy-contact-invites-v1,
iPad,"iPad14,5",26.3,supports-legacy-contact-invites-v1,
iPad,"iPad14,6",26.3,supports-legacy-contact-invites-v1,
iPad,"iPad14,3",26.3,supports-legacy-contact-invites-v2,
iPad,"iPad14,4",26.3,supports-legacy-contact-invites-v2,
iPad,"iPad14,5",26.3,supports-legacy-contact-invites-v2,
iPad,"iPad14,6",26.3,supports-legacy-contact-invites-v2,
iPad,"iPad14,3",26.3,supports-legacy-contact-invites-v3,
iPad,"iPad14,4",26.3,supports-legacy-contact-invites-v3,
iPad,"iPad14,5",26.3,supports-legacy-contact-invites-v3,
iPad,"iPad14,6",26.3,supports-legacy-contact-invites-v3,
iPad,"iPad14,3",26.3,supports-calls-25,
iPad,"iPad14,4",26.3,supports-calls-25,
iPad,"iPad14,5",26.3,supports-calls-25,
iPad,"iPad14,6",26.3,supports-calls-25,
iPad,"iPad14,3",26.3,supports-introductions-v1,
iPad,"iPad14,4",26.3,supports-introductions-v1,
iPad,"iPad14,5",26.3,supports-introductions-v1,
iPad,"iPad14,6",26.3,supports-introductions-v1,
iPad,"iPad14,3",26.3,supports-rbm-chatbot,
iPad,"iPad14,4",26.3,supports-rbm-chatbot,
iPad,"iPad14,5",26.3,supports-rbm-chatbot,
iPad,"iPad14,6",26.3,supports-rbm-chatbot,
iPad,iPad_Pro_Spring_2021,18.0,show-peer-errors,
iPad,iPad_Pro_Spring_2021,18.0,is-c2k-equipment,
iPad,iPad_Pro_Spring_2021,18.0,supports-inline-attachments,
iPad,iPad_Pro_Spring_2021,18.0,supports-keep-receipts,
iPad,iPad_Pro_Spring_2021,18.0,supports-location-sharing,
iPad,iPad_Pro_Spring_2021,18.0,supports-media-v2,
iPad,iPad_Pro_Spring_2021,18.0,supports-st-v1,
iPad,iPad_Pro_Spring_2021,18.0,supports-ca-v1,
iPad,iPad_Pro_Spring_2021,18.0,supports-be-v1,
iPad,iPad_Pro_Spring_2021,18.0,supports-ack-v1,
iPad,iPad_Pro_Spring_2021,18.0,supports-fsm-v1,
iPad,iPad_Pro_Spring_2021,18.0,supports-fsm-v2,
iPad,iPad_Pro_Spring_2021,18.0,supports-fsm-v3,
iPad,iPad_Pro_Spring_2021,18.0,supports-ii-v1,
iPad,iPad_Pro_Spring_2021,18.0,supports-impact-v1,
iPad,iPad_Pro_Spring_2021,18.0,supports-update-attachments-v1,
iPad,iPad_Pro_Spring_2021,18.0,supports-autoloopvideo-v1,
iPad,iPad_Pro_Spring_2021,18.0,supports-photos-extension-v1,
iPad,iPad_Pro_Spring_2021,18.0,supports-photos-extension-v2,
iPad,iPad_Pro_Spring_2021,18.0,supports-screen-time-v2,
iPad,iPad_Pro_Spring_2021,18.0,supports-live-delivery,
iPad,iPad_Pro_Spring_2021,18.0,supports-audio-messaging-v2,
iPad,iPad_Pro_Spring_2021,18.0,supports-animoji-v2,
iPad,iPad_Pro_Spring_2021,18.0,supports-certified-delivery-v1,
iPad,iPad_Pro_Spring_2021,18.0,supports-original-timestamp-v1,
iPad,iPad_Pro_Spring_2021,18.0,supports-incoming-fmd-v1,
iPad,iPad_Pro_Spring_2021,18.0,optionally-receive-typing-indicators,
iPad,iPad_Pro_Spring_2021,18.0,nicknames-version,
iPad,iPad_Pro_Spring_2021,18.0,kt-version,5.0
iPad,iPad_Pro_Spring_2021,18.0,device-key-signature,
iPad,iPad_Pro_Spring_2021,18.0,ec-version,1.0
iPad,iPad_Pro_Spring_2021,18.0,supports-protobuf-payload-data-v2,
iPad,iPad_Pro_Spring_2021,18.0,supports-heif,True
iPad,iPad_Pro_Spring_2021,18.0,supports-hdr,
iPad,iPad_Pro_Spring_2021,18.0,prefers-sdr,
iPad,iPad_Pro_Spring_2021,18.0,supports-modern-gft,
iPad,iPad_Pro_Spring_2021,18.0,supports-co,
iPad,iPad_Pro_Spring_2021,18.0,is-green-tea,
iPad,iPad_Pro_Spring_2021,18.0,supports-sa-v1,
iPad,iPad_Pro_Spring_2021,18.0,supports-dq-nr,
iPad,iPad_Pro_Spring_2021,18.0,supports-rem,
iPad,iPad_Pro_Spring_2021,18.0,supports-shared-exp,
iPad,iPad_Pro_Spring_2021,18.0,supports-st-er,
iPad,iPad_Pro_Spring_2021,18.0,supports-family-invite-message-bubble,
iPad,iPad_Pro_Spring_2021,18.0,supports-maps-protocol-v5,
iPad,iPad_Pro_Spring_2021,18.0,supports-hi-res-vid,
iPad,iPad_Pro_Spring_2021,18.0,supports-mirage,
iPad,iPad_Pro_Spring_2021,18.0,supports-emoji-stickers,
iPad,iPad_Pro_Spring_2021,18.0,supports-sticker-editing,
iPad,iPad_Pro_Spring_2021,18.0,supports-key-sharing,
iPad,iPad_Pro_Spring_2021,18.0,supports-harmony,
iPad,iPad_Pro_Spring_2021,18.0,supports-activity-sharing-v1,
iPad,iPad_Pro_Spring_2021,18.0,supports-manatee-for-apple-cash,
iPad,iPad_Pro_Spring_2021,18.0,supports-region-for-apple-cash,
iPad,iPad_Pro_Spring_2021,18.0,supports-fmd-v2,
iPad,iPad_Pro_Spring_2021,18.0,supports-fm-fence-v1,True
iPad,iPad_Pro_Spring_2021,18.0,supports-secure-loc-v1,
iPad,iPad_Pro_Spring_2021,18.0,supports-zelkova,True
iPad,iPad_Pro_Spring_2021,18.0,supports-people-ranging-v1,
iPad,iPad_Pro_Spring_2021,18.0,supports-beacon-sharing-v3,
iPad,iPad_Pro_Spring_2021,18.0,supports-manatee-activity-sharing,
iPad,iPad_Pro_Spring_2021,18.0,supports-uwb,False
iPad,iPad_Pro_Spring_2021,18.0,supports-gft-errors,
iPad,iPad_Pro_Spring_2021,18.0,supports-gft-calls,
iPad,iPad_Pro_Spring_2021,18.0,supports-hk-resident,
iPad,iPad_Pro_Spring_2021,18.0,supports-maps-routing-path-leg,
iPad,iPad_Pro_Spring_2021,18.0,supports-beacon-sharing-v2,
iPad,iPad_Pro_Spring_2021,18.0,is-web-client,
iPad,iPad_Pro_Spring_2021,18.0,supports-beneficiary-invites,
iPad,iPad_Pro_Spring_2021,18.0,supports-people-request-messages,
iPad,iPad_Pro_Spring_2021,18.0,supports-avless,
iPad,iPad_Pro_Spring_2021,18.0,supports-maps-waypoint-route-sharing,
iPad,iPad_Pro_Spring_2021,18.0,supports-cross-platform-sharing,
iPad,iPad_Pro_Spring_2021,18.0,supports-self-one-to-one-invites,
iPad,iPad_Pro_Spring_2021,18.0,supports-people-request-messages-v2,
iPad,iPad_Pro_Spring_2021,18.0,supports-askto,
iPad,iPad_Pro_Spring_2021,18.0,supports-hybrid-groups-v1,
iPad,iPad_Pro_Spring_2021,18.0,supports-findmy-plugin-messages,
iPad,iPad_Pro_Spring_2021,18.0,supports-sos-alerting,
iPad,iPad_Pro_Spring_2021,18.0,supports-people-request-messages-v3,
iPad,iPad_Pro_Spring_2021,18.0,supports-recurring-payment-bubbles,
iPad,iPad_Pro_Spring_2021,18.0,supports-gft-relay,
iPad,iPad_Pro_Spring_2021,18.0,supports-group-photo-refresh-version,
iPad,iPad_Pro_Spring_2021,18.0,supports-ssrc,
iPad,iPad_Pro_Spring_2021,18.0,supports-emoji-tapbacks,
iPad,iPad_Pro_Spring_2021,18.0,supports-send-later-messages,
iPad,iPad_Pro_Spring_2021,18.0,supports-restricted-guest,
iPad,iPad_Pro_Spring_2021,18.0,supports-emoji-images,
iPad,iPad_Pro_Spring_2021,18.0,supports-stick-moji-backs,
iPad,iPad_Pro_Spring_2021,18.0,supports-high-quality-photo-file-sizes,
iPad,iPad_Pro_Spring_2021,18.0,supports-stewie,False
iPad,iPad_Pro_Spring_2021,18.0,sender-key-message-version,
iPad,iPad_Pro_Spring_2021,18.0,supports-remote-atv-signin,
iPad,iPad_Pro_Spring_2021,18.0,supports-sender-key-v1,
VisionPro,Apple_Vision_Pro,2.0,show-peer-errors,
VisionPro,Apple_Vision_Pro,2.0,is-c2k-equipment,
VisionPro,Apple_Vision_Pro,2.0,supports-inline-attachments,
VisionPro,Apple_Vision_Pro,2.0,supports-keep-receipts,
VisionPro,Apple_Vision_Pro,2.0,supports-location-sharing,
VisionPro,Apple_Vision_Pro,2.0,supports-media-v2,
VisionPro,Apple_Vision_Pro,2.0,supports-st-v1,
VisionPro,Apple_Vision_Pro,2.0,supports-ca-v1,
VisionPro,Apple_Vision_Pro,2.0,supports-be-v1,
VisionPro,Apple_Vision_Pro,2.0,supports-ack-v1,
VisionPro,Apple_Vision_Pro,2.0,supports-fsm-v1,
VisionPro,Apple_Vision_Pro,2.0,supports-fsm-v2,
VisionPro,Apple_Vision_Pro,2.0,supports-fsm-v3,
VisionPro,Apple_Vision_Pro,2.0,supports-ii-v1,
VisionPro,Apple_Vision_Pro,2.0,supports-impact-v1,
VisionPro,Apple_Vision_Pro,2.0,supports-update-attachments-v1,
VisionPro,Apple_Vision_Pro,2.0,supports-autoloopvideo-v1,
VisionPro,Apple_Vision_Pro,2.0,supports-photos-extension-v1,
VisionPro,Apple_Vision_Pro,2.0,supports-photos-extension-v2,
VisionPro,Apple_Vision_Pro,2.0,supports-screen-time-v2,
VisionPro,Apple_Vision_Pro,2.0,supports-live-delivery,
VisionPro,Apple_Vision_Pro,2.0,supports-audio-messaging-v2,
VisionPro,Apple_Vision_Pro,2.0,supports-animoji-v2,
VisionPro,Apple_Vision_Pro,2.0,supports-certified-delivery-v1,
VisionPro,Apple_Vision_Pro,2.0,supports-original-timestamp-v1,
VisionPro,Apple_Vision_Pro,2.0,supports-incoming-fmd-v1,
VisionPro,Apple_Vision_Pro,2.0,optionally-receive-typing-indicators,
VisionPro,Apple_Vision_Pro,2.0,nicknames-version,
VisionPro,Apple_Vision_Pro,2.0,kt-version,5.0
VisionPro,Apple_Vision_Pro,2.0,device-key-signature,
VisionPro,Apple_Vision_Pro,2.0,ec-version,1.0
VisionPro,Apple_Vision_Pro,2.0,supports-protobuf-payload-data-v2,
VisionPro,Apple_Vision_Pro,2.0,supports-heif,True
VisionPro,Apple_Vision_Pro,2.0,supports-hdr,
VisionPro,Apple_Vision_Pro,2.0,prefers-sdr,
VisionPro,Apple_Vision_Pro,2.0,supports-modern-gft,
VisionPro,Apple_Vision_Pro,2.0,supports-co,
VisionPro,Apple_Vision_Pro,2.0,is-green-tea,
VisionPro,Apple_Vision_Pro,2.0,supports-sa-v1,
VisionPro,Apple_Vision_Pro,2.0,supports-dq-nr,
VisionPro,Apple_Vision_Pro,2.0,supports-rem,
VisionPro,Apple_Vision_Pro,2.0,supports-shared-exp,
VisionPro,Apple_Vision_Pro,2.0,supports-st-er,
VisionPro,Apple_Vision_Pro,2.0,supports-family-invite-message-bubble,
VisionPro,Apple_Vision_Pro,2.0,supports-maps-protocol-v5,
VisionPro,Apple_Vision_Pro,2.0,supports-hi-res-vid,
VisionPro,Apple_Vision_Pro,2.0,supports-mirage,
VisionPro,Apple_Vision_Pro,2.0,supports-emoji-stickers,
VisionPro,Apple_Vision_Pro,2.0,supports-sticker-editing,
VisionPro,Apple_Vision_Pro,2.0,supports-key-sharing,
VisionPro,Apple_Vision_Pro,2.0,supports-harmony,
VisionPro,Apple_Vision_Pro,2.0,supports-activity-sharing-v1,
VisionPro,Apple_Vision_Pro,2.0,supports-manatee-for-apple-cash,
VisionPro,Apple_Vision_Pro,2.0,supports-region-for-apple-cash,
VisionPro,Apple_Vision_Pro,2.0,supports-fmd-v2,
VisionPro,Apple_Vision_Pro,2.0,supports-fm-fence-v1,
VisionPro,Apple_Vision_Pro,2.0,supports-secure-loc-v1,
VisionPro,Apple_Vision_Pro,2.0,supports-zelkova,False
VisionPro,Apple_Vision_Pro,2.0,supports-people-ranging-v1,
VisionPro,Apple_Vision_Pro,2.0,supports-beacon-sharing-v3,
VisionPro,Apple_Vision_Pro,2.0,supports-manatee-activity-sharing,
VisionPro,Apple_Vision_Pro,2.0,supports-uwb,False
VisionPro,Apple_Vision_Pro,2.0,supports-gft-errors,
VisionPro,Apple_Vision_Pro,2.0,supports-gft-calls,
VisionPro,Apple_Vision_Pro,2.0,supports-hk-resident,
VisionPro,Apple_Vision_Pro,2.0,supports-maps-routing-path-leg,
VisionPro,Apple_Vision_Pro,2.0,supports-beacon-sharing-v2,
VisionPro,Apple_Vision_Pro,2.0,is-web-client,
VisionPro,Apple_Vision_Pro,2.0,supports-beneficiary-invites,
VisionPro,Apple_Vision_Pro,2.0,supports-people-request-messages,
VisionPro,Apple_Vision_Pro,2.0,supports-avless,
VisionPro,Apple_Vision_Pro,2.0,supports-maps-waypoint-route-sharing,
VisionPro,Apple_Vision_Pro,2.0,supports-cross-platform-sharing,
VisionPro,Apple_Vision_Pro,2.0,supports-self-one-to-one-invites,
VisionPro,Apple_Vision_Pro,2.0,supports-people-request-messages-v2,
VisionPro,Apple_Vision_Pro,2.0,supports-askto,
VisionPro,Apple_Vision_Pro,2.0,supports-hybrid-groups-v1,
VisionPro,Apple_Vision_Pro,2.0,supports-findmy-plugin-messages,
VisionPro,Apple_Vision_Pro,2.0,supports-sos-alerting,
VisionPro,Apple_Vision_Pro,2.0,supports-people-request-messages-v3,
VisionPro,Apple_Vision_Pro,2.0,supports-recurring-payment-bubbles,
VisionPro,Apple_Vision_Pro,2.0,supports-gft-relay,
VisionPro,Apple_Vision_Pro,2.0,supports-group-photo-refresh-version,
VisionPro,Apple_Vision_Pro,2.0,supports-ssrc,
VisionPro,Apple_Vision_Pro,2.0,supports-emoji-tapbacks,
VisionPro,Apple_Vision_Pro,2.0,supports-send-later-messages,
VisionPro,Apple_Vision_Pro,2.0,supports-restricted-guest,
VisionPro,Apple_Vision_Pro,2.0,supports-emoji-images,
VisionPro,Apple_Vision_Pro,2.0,supports-stick-moji-backs,
VisionPro,Apple_Vision_Pro,2.0,supports-high-quality-photo-file-sizes,
VisionPro,Apple_Vision_Pro,2.0,supports-stewie,False
VisionPro,Apple_Vision_Pro,2.0,sender-key-message-version,
VisionPro,Apple_Vision_Pro,2.0,supports-remote-atv-signin,
VisionPro,Apple_Vision_Pro,2.0,supports-sender-key-v1,
iPhone,"iPhone13,1",26.3,show-peer-errors,
iPhone,"iPhone13,1",26.3,is-c2k-equipment,
iPhone,"iPhone13,1",26.3,supports-inline-attachments,
iPhone,"iPhone13,1",26.3,supports-keep-receipts,
iPhone,"iPhone13,1",26.3,supports-location-sharing,
iPhone,"iPhone13,1",26.3,supports-media-v2,
iPhone,"iPhone13,1",26.3,supports-st-v1,
iPhone,"iPhone13,1",26.3,supports-ca-v1,
iPhone,"iPhone13,1",26.3,supports-be-v1,
iPhone,"iPhone13,1",26.3,supports-ack-v1,
iPhone,"iPhone13,1",26.3,supports-fsm-v1,
iPhone,"iPhone13,1",26.3,supports-fsm-v2,
iPhone,"iPhone13,1",26.3,supports-fsm-v3,
iPhone,"iPhone13,1",26.3,supports-ii-v1,
iPhone,"iPhone13,1",26.3,supports-impact-v1,
iPhone,"iPhone13,1",26.3,supports-update-attachments-v1,
iPhone,"iPhone13,1",26.3,supports-autoloopvideo-v1,
iPhone,"iPhone13,1",26.3,supports-photos-extension-v1,
iPhone,"iPhone13,1",26.3,supports-photos-extension-v2,
iPhone,"iPhone13,1",26.3,supports-screen-time-v2,
iPhone,"iPhone13,1",26.3,supports-live-delivery,
iPhone,"iPhone13,1",26.3,supports-audio-messaging-v2,
iPhone,"iPhone13,1",26.3,supports-animoji-v2,
iPhone,"iPhone13,1",26.3,supports-certified-delivery-v1,
iPhone,"iPhone13,1",26.3,supports-original-timestamp-v1,
iPhone,"iPhone13,1",26.3,supports-incoming-fmd-v1,
iPhone,"iPhone13,1",26.3,optionally-receive-typing-indicators,
iPhone,"iPhone13,1",26.3,nicknames-version,
iPhone,"iPhone13,1",26.3,kt-version,5.0
iPhone,"iPhone13,1",26.3,device-key-signature,
iPhone,"iPhone13,1",26.3,ec-version,1.0
iPhone,"iPhone13,1",26.3,supports-protobuf-payload-data-v2,
iPhone,"iPhone13,1",26.3,supports-heif,True
iPhone,"iPhone13,1",26.3,supports-hdr,
iPhone,"iPhone13,1",26.3,prefers-sdr,
iPhone,"iPhone13,1",26.3,supports-qta,
iPhone,"iPhone13,1",26.3,supports-modern-gft,
iPhone,"iPhone13,1",26.3,supports-co,
iPhone,"iPhone13,1",26.3,is-green-tea,
iPhone,"iPhone13,1",26.3,supports-sa-v1,
iPhone,"iPhone13,1",26.3,supports-dq-nr,
iPhone,"iPhone13,1",26.3,supports-rem,
iPhone,"iPhone13,1",26.3,supports-shared-exp,
iPhone,"iPhone13,1",26.3,supports-st-er,
iPhone,"iPhone13,1",26.3,supports-family-invite-message-bubble,
iPhone,"iPhone13,1",26.3,supports-maps-protocol-v5,
iPhone,"iPhone13,1",26.3,supports-hi-res-vid,
iPhone,"iPhone13,1",26.3,supports-live-translation,
iPhone,"iPhone13,1",26.3,supports-mirage,
iPhone,"iPhone13,1",26.3,supports-nearby-facetime,
iPhone,"iPhone13,1",26.3,supports-emoji-stickers,
iPhone,"iPhone13,1",26.3,supports-sticker-editing,
iPhone,"iPhone13,1",26.3,supports-transcript-backgrounds,
iPhone,"iPhone13,1",26.3,supports-polls,
iPhone,"iPhone13,1",26.3,supports-lqm-hq,
iPhone,"iPhone13,1",26.3,supports-group-apple-cash,
iPhone,"iPhone13,1",26.3,supports-ckv-enforcement,
iPhone,"iPhone13,1",26.3,supports-gti,
iPhone,"iPhone13,1",26.3,supports-aot,
iPhone,"iPhone13,1",26.3,supports-key-sharing,
iPhone,"iPhone13,1",26.3,supports-harmony,
iPhone,"iPhone13,1",26.3,supports-activity-sharing-v1,True
iPhone,"iPhone13,1",26.3,supports-manatee-for-apple-cash,
iPhone,"iPhone13,1",26.3,supports-region-for-apple-cash,
iPhone,"iPhone13,1",26.3,supports-fmd-v2,True
iPhone,"iPhone13,1",26.3,supports-fm-fence-v1,True
iPhone,"iPhone13,1",26.3,supports-secure-loc-v1,
iPhone,"iPhone13,1",26.3,supports-zelkova,True
iPhone,"iPhone13,1",26.3,supports-people-ranging-v1,
iPhone,"iPhone13,1",26.3,supports-beacon-sharing-v3,
iPhone,"iPhone13,1",26.3,supports-manatee-activity-sharing,
iPhone,"iPhone13,1",26.3,supports-queue-one-read-receipts-v3,
iPhone,"iPhone13,1",26.3,supports-uwb,True
iPhone,"iPhone13,1",26.3,supports-gft-errors,
iPhone,"iPhone13,1",26.3,supports-gft-calls,
iPhone,"iPhone13,1",26.3,supports-hk-resident,
iPhone,"iPhone13,1",26.3,supports-maps-routing-path-leg,
iPhone,"iPhone13,1",26.3,supports-maps-wgs84-elevation-model,
iPhone,"iPhone13,1",26.3,supports-beacon-sharing-v2,
iPhone,"iPhone13,1",26.3,is-web-client,
iPhone,"iPhone13,1",26.3,supports-beneficiary-invites,
iPhone,"iPhone13,1",26.3,supports-people-request-messages,
iPhone,"iPhone13,1",26.3,supports-avless,
iPhone,"iPhone13,1",26.3,supports-maps-waypoint-route-sharing,
iPhone,"iPhone13,1",26.3,supports-cross-platform-sharing,
iPhone,"iPhone13,1",26.3,supports-self-one-to-one-invites,
iPhone,"iPhone13,1",26.3,supports-people-request-messages-v2,
iPhone,"iPhone13,1",26.3,supports-askto,
iPhone,"iPhone13,1",26.3,supports-askto-v2,
iPhone,"iPhone13,1",26.3,supports-askto-responseUI,
iPhone,"iPhone13,1",26.3,supports-significant-app-update,
iPhone,"iPhone13,1",26.3,supports-hybrid-groups-v1,
iPhone,"iPhone13,1",26.3,supports-findmy-plugin-messages,
iPhone,"iPhone13,1",26.3,supports-sos-alerting,True
iPhone,"iPhone13,1",26.3,supports-people-request-messages-v3,
iPhone,"iPhone13,1",26.3,supports-recurring-payment-bubbles,
iPhone,"iPhone13,1",26.3,supports-gft-relay,
iPhone,"iPhone13,1",26.3,supports-group-photo-refresh-version,
iPhone,"iPhone13,1",26.3,supports-ssrc,
iPhone,"iPhone13,1",26.3,supports-emoji-tapbacks,
iPhone,"iPhone13,1",26.3,supports-send-later-messages,
iPhone,"iPhone13,1",26.3,supports-restricted-guest,
iPhone,"iPhone13,1",26.3,supports-adaptive-temperature-automations,
iPhone,"iPhone13,1",26.3,supports-emoji-images,
iPhone,"iPhone13,1",26.3,supports-stick-moji-backs,
iPhone,"iPhone13,1",26.3,supports-high-quality-photo-file-sizes,
iPhone,"iPhone13,1",26.3,supports-stewie,False
iPhone,"iPhone13,1",26.3,sender-key-message-version,
iPhone,"iPhone13,1",26.3,supports-remote-atv-signin,
iPhone,"iPhone13,1",26.3,supports-sender-key-v1,
iPhone,"iPhone13,1",26.3,supports-uriless-membership-updates,
iPhone,"iPhone13,1",26.3,supports-sender-key-self-check,
iPhone,"iPhone13,1",26.3,supports-recovery-contact-upsell,
iPhone,"iPhone13,1",26.3,supports-user-driven-call-activation,
iPhone,"iPhone13,1",26.3,supports-legacy-contact-invites-v1,
iPhone,"iPhone13,1",26.3,supports-legacy-contact-invites-v2,
iPhone,"iPhone13,1",26.3,supports-legacy-contact-invites-v3,
iPhone,"iPhone13,1",26.3,supports-calls-25,
iPhone,"iPhone13,1",26.3,supports-introductions-v1,
iPhone,"iPhone13,1",26.3,supports-rbm-chatbot,
Mac,UniversalMac,12.0.1,show-peer-errors,
Mac,UniversalMac,12.0.1,is-c2k-equipment,False
Mac,UniversalMac,12.0.1,supports-inline-attachments,
Mac,UniversalMac,12.0.1,supports-keep-receipts,
Mac,UniversalMac,12.0.1,supports-location-sharing,
Mac,UniversalMac,12.0.1,supports-media-v2,
Mac,UniversalMac,12.0.1,supports-st-v1,
Mac,UniversalMac,12.0.1,supports-ca-v1,
Mac,UniversalMac,12.0.1,supports-be-v1,
Mac,UniversalMac,12.0.1,supports-ack-v1,
Mac,UniversalMac,12.0.1,supports-fsm-v1,
Mac,UniversalMac,12.0.1,supports-fsm-v2,
Mac,UniversalMac,12.0.1,supports-fsm-v3,
Mac,UniversalMac,12.0.1,supports-ii-v1,
Mac,UniversalMac,12.0.1,supports-impact-v1,
Mac,UniversalMac,12.0.1,supports-update-attachments-v1,
Mac,UniversalMac,12.0.1,supports-autoloopvideo-v1,
Mac,UniversalMac,12.0.1,supports-photos-extension-v1,
Mac,UniversalMac,12.0.1,supports-photos-extension-v2,
Mac,UniversalMac,12.0.1,supports-screen-time-v2,
Mac,UniversalMac,12.0.1,supports-live-delivery,
Mac,UniversalMac,12.0.1,supports-audio-messaging-v2,
Mac,UniversalMac,12.0.1,supports-animoji-v2,True
Mac,UniversalMac,12.0.1,supports-certified-delivery-v1,
Mac,UniversalMac,12.0.1,supports-original-timestamp-v1,
Mac,UniversalMac,12.0.1,supports-incoming-fmd-v1,
Mac,UniversalMac,12.0.1,optionally-receive-typing-indicators,
Mac,UniversalMac,12.0.1,nicknames-version,
Mac,UniversalMac,12.0.1,kt-version,4.0
Mac,UniversalMac,12.0.1,ec-version,1.0
Mac,UniversalMac,12.0.1,supports-protobuf-payload-data-v2,
Mac,UniversalMac,12.0.1,supports-heif,True
Mac,UniversalMac,12.0.1,supports-hdr,True
Mac,UniversalMac,12.0.1,prefers-sdr,
Mac,UniversalMac,12.0.1,supports-modern-gft,
Mac,UniversalMac,12.0.1,supports-co,
Mac,UniversalMac,12.0.1,is-green-tea,
Mac,UniversalMac,12.0.1,supports-sa-v1,
Mac,UniversalMac,12.0.1,supports-dq-nr,
Mac,UniversalMac,12.0.1,supports-key-sharing,
Mac,UniversalMac,12.0.1,supports-harmony,False
Mac,UniversalMac,12.0.1,supports-fmd-v2,
Mac,UniversalMac,12.0.1,supports-fm-fence-v1,
Mac,UniversalMac,12.0.1,supports-secure-loc-v1,
Mac,UniversalMac,12.0.1,supports-uwb,False
Mac,UniversalMac,12.0.1,supports-gft-errors,
Mac,UniversalMac,12.0.1,supports-gft-calls,
Mac,UniversalMac,12.0.1,supports-hk-resident,
Mac,UniversalMac,12.0.1,supports-maps-routing-path-leg,
Mac,UniversalMac,12.0.1,supports-beacon-sharing-v2,
iPhone,"iPhone14,4",26.1,show-peer-errors,
iPhone,"iPhone14,4",26.1,is-c2k-equipment,
iPhone,"iPhone14,4",26.1,supports-inline-attachments,
iPhone,"iPhone14,4",26.1,supports-keep-receipts,
iPhone,"iPhone14,4",26.1,supports-location-sharing,
iPhone,"iPhone14,4",26.1,supports-media-v2,
iPhone,"iPhone14,4",26.1,supports-st-v1,
iPhone,"iPhone14,4",26.1,supports-ca-v1,
iPhone,"iPhone14,4",26.1,supports-be-v1,
iPhone,"iPhone14,4",26.1,supports-ack-v1,
iPhone,"iPhone14,4",26.1,supports-fsm-v1,
iPhone,"iPhone14,4",26.1,supports-fsm-v2,
iPhone,"iPhone14,4",26.1,supports-fsm-v3,
iPhone,"iPhone14,4",26.1,supports-ii-v1,
iPhone,"iPhone14,4",26.1,supports-impact-v1,
iPhone,"iPhone14,4",26.1,supports-update-attachments-v1,
iPhone,"iPhone14,4",26.1,supports-autoloopvideo-v1,
iPhone,"iPhone14,4",26.1,supports-photos-extension-v1,
iPhone,"iPhone14,4",26.1,supports-photos-extension-v2,
iPhone,"iPhone14,4",26.1,supports-screen-time-v2,
iPhone,"iPhone14,4",26.1,supports-live-delivery,
iPhone,"iPhone14,4",26.1,supports-audio-messaging-v2,
iPhone,"iPhone14,4",26.1,supports-animoji-v2,
iPhone,"iPhone14,4",26.1,supports-certified-delivery-v1,
iPhone,"iPhone14,4",26.1,supports-original-timestamp-v1,
iPhone,"iPhone14,4",26.1,supports-incoming-fmd-v1,
iPhone,"iPhone14,4",26.1,optionally-receive-typing-indicators,
iPhone,"iPhone14,4",26.1,nicknames-version,
iPhone,"iPhone14,4",26.1,kt-version,5.0
iPhone,"iPhone14,4",26.1,device-key-signature,
iPhone,"iPhone14,4",26.1,ec-version,1.0
iPhone,"iPhone14,4",26.1,supports-protobuf-payload-data-v2,
iPhone,"iPhone14,4",26.1,supports-heif,True
iPhone,"iPhone14,4",26.1,supports-hdr,
iPhone,"iPhone14,4",26.1,prefers-sdr,
iPhone,"iPhone14,4",26.1,supports-qta,
iPhone,"iPhone14,4",26.1,supports-modern-gft,
iPhone,"iPhone14,4",26.1,supports-co,
iPhone,"iPhone14,4",26.1,is-green-tea,
iPhone,"iPhone14,4",26.1,supports-sa-v1,
iPhone,"iPhone14,4",26.1,supports-dq-nr,
iPhone,"iPhone14,4",26.1,supports-rem,
iPhone,"iPhone14,4",26.1,supports-shared-exp,
iPhone,"iPhone14,4",26.1,supports-st-er,
iPhone,"iPhone14,4",26.1,supports-family-invite-message-bubble,
iPhone,"iPhone14,4",26.1,supports-maps-protocol-v5,
iPhone,"iPhone14,4",26.1,supports-hi-res-vid,
iPhone,"iPhone14,4",26.1,supports-live-translation,
iPhone,"iPhone14,4",26.1,supports-mirage,
iPhone,"iPhone14,4",26.1,supports-nearby-facetime,
iPhone,"iPhone14,4",26.1,supports-emoji-stickers,
iPhone,"iPhone14,4",26.1,supports-sticker-editing,
iPhone,"iPhone14,4",26.1,supports-transcript-backgrounds,
iPhone,"iPhone14,4",26.1,supports-polls,
iPhone,"iPhone14,4",26.1,supports-lqm-hq,
iPhone,"iPhone14,4",26.1,supports-group-apple-cash,
iPhone,"iPhone14,4",26.1,supports-ckv-enforcement,
iPhone,"iPhone14,4",26.1,supports-gti,
iPhone,"iPhone14,4",26.1,supports-aot,
iPhone,"iPhone14,4",26.1,supports-key-sharing,
iPhone,"iPhone14,4",26.1,supports-harmony,
iPhone,"iPhone14,4",26.1,supports-activity-sharing-v1,True
iPhone,"iPhone14,4",26.1,supports-manatee-for-apple-cash,
iPhone,"iPhone14,4",26.1,supports-region-for-apple-cash,
iPhone,"iPhone14,4",26.1,supports-fmd-v2,True
iPhone,"iPhone14,4",26.1,supports-fm-fence-v1,True
iPhone,"iPhone14,4",26.1,supports-secure-loc-v1,
iPhone,"iPhone14,4",26.1,supports-zelkova,True
iPhone,"iPhone14,4",26.1,supports-people-ranging-v1,
iPhone,"iPhone14,4",26.1,supports-beacon-sharing-v3,
iPhone,"iPhone14,4",26.1,supports-manatee-activity-sharing,
iPhone,"iPhone14,4",26.1,supports-queue-one-read-receipts,
iPhone,"iPhone14,4",26.1,supports-queue-one-read-receipts-v2,
iPhone,"iPhone14,4",26.1,supports-uwb,True
iPhone,"iPhone14,4",26.1,supports-gft-errors,
iPhone,"iPhone14,4",26.1,supports-gft-calls,
iPhone,"iPhone14,4",26.1,supports-hk-resident,
iPhone,"iPhone14,4",26.1,supports-maps-routing-path-leg,
iPhone,"iPhone14,4",26.1,supports-maps-wgs84-elevation-model,
iPhone,"iPhone14,4",26.1,supports-beacon-sharing-v2,
iPhone,"iPhone14,4",26.1,is-web-client,
iPhone,"iPhone14,4",26.1,supports-beneficiary-invites,
iPhone,"iPhone14,4",26.1,supports-people-request-messages,
iPhone,"iPhone14,4",26.1,supports-avless,
iPhone,"iPhone14,4",26.1,supports-maps-waypoint-route-sharing,
iPhone,"iPhone14,4",26.1,supports-cross-platform-sharing,
iPhone,"iPhone14,4",26.1,supports-self-one-to-one-invites,
iPhone,"iPhone14,4",26.1,supports-people-request-messages-v2,
iPhone,"iPhone14,4",26.1,supports-askto,
iPhone,"iPhone14,4",26.1,supports-askto-v2,
iPhone,"iPhone14,4",26.1,supports-askto-responseUI,
iPhone,"iPhone14,4",26.1,supports-hybrid-groups-v1,
iPhone,"iPhone14,4",26.1,supports-findmy-plugin-messages,
iPhone,"iPhone14,4",26.1,supports-sos-alerting,True
iPhone,"iPhone14,4",26.1,supports-people-request-messages-v3,
iPhone,"iPhone14,4",26.1,supports-recurring-payment-bubbles,
iPhone,"iPhone14,4",26.1,supports-gft-relay,
iPhone,"iPhone14,4",26.1,supports-group-photo-refresh-version,
iPhone,"iPhone14,4",26.1,supports-ssrc,
iPhone,"iPhone14,4",26.1,supports-emoji-tapbacks,
iPhone,"iPhone14,4",26.1,supports-send-later-messages,
iPhone,"iPhone14,4",26.1,supports-restricted-guest,
iPhone,"iPhone14,4",26.1,supports-adaptive-temperature-automations,
iPhone,"iPhone14,4",26.1,supports-emoji-images,
iPhone,"iPhone14,4",26.1,supports-stick-moji-backs,
iPhone,"iPhone14,4",26.1,supports-high-quality-photo-file-sizes,
iPhone,"iPhone14,4",26.1,supports-stewie,True
iPhone,"iPhone14,4",26.1,sender-key-message-version,
iPhone,"iPhone14,4",26.1,supports-remote-atv-signin,
iPhone,"iPhone14,4",26.1,supports-sender-key-v1,
iPhone,"iPhone14,4",26.1,supports-uriless-membership-updates,
iPhone,"iPhone14,4",26.1,supports-sender-key-self-check,
iPhone,"iPhone14,4",26.1,supports-recovery-contact-upsell,
iPhone,"iPhone14,4",26.1,supports-user-driven-call-activation,
iPhone,"iPhone14,4",26.1,supports-legacy-contact-invites-v1,
iPhone,"iPhone14,4",26.1,supports-legacy-contact-invites-v2,
iPhone,"iPhone14,4",26.1,supports-legacy-contact-invites-v3,
iPhone,"iPhone14,4",26.1,supports-calls-25,
iPhone,"iPhone14,4",26.1,supports-introductions-v1,
iPhone,"iPhone14,4",26.1,supports-rbm-chatbot,
iPhone,"iPhone17,3",26.0.1,show-peer-errors,
iPhone,"iPhone17,3",26.0.1,is-c2k-equipment,
iPhone,"iPhone17,3",26.0.1,supports-inline-attachments,
iPhone,"iPhone17,3",26.0.1,supports-keep-receipts,
iPhone,"iPhone17,3",26.0.1,supports-location-sharing,
iPhone,"iPhone17,3",26.0.1,supports-media-v2,
iPhone,"iPhone17,3",26.0.1,supports-st-v1,
iPhone,"iPhone17,3",26.0.1,supports-ca-v1,
iPhone,"iPhone17,3",26.0.1,supports-be-v1,
iPhone,"iPhone17,3",26.0.1,supports-ack-v1,
iPhone,"iPhone17,3",26.0.1,supports-fsm-v1,
iPhone,"iPhone17,3",26.0.1,supports-fsm-v2,
iPhone,"iPhone17,3",26.0.1,supports-fsm-v3,
iPhone,"iPhone17,3",26.0.1,supports-ii-v1,
iPhone,"iPhone17,3",26.0.1,supports-impact-v1,
iPhone,"iPhone17,3",26.0.1,supports-update-attachments-v1,
iPhone,"iPhone17,3",26.0.1,supports-autoloopvideo-v1,
iPhone,"iPhone17,3",26.0.1,supports-photos-extension-v1,
iPhone,"iPhone17,3",26.0.1,supports-photos-extension-v2,
iPhone,"iPhone17,3",26.0.1,supports-screen-time-v2,
iPhone,"iPhone17,3",26.0.1,supports-live-delivery,
iPhone,"iPhone17,3",26.0.1,supports-audio-messaging-v2,
iPhone,"iPhone17,3",26.0.1,supports-animoji-v2,
iPhone,"iPhone17,3",26.0.1,supports-certified-delivery-v1,
iPhone,"iPhone17,3",26.0.1,supports-original-timestamp-v1,
iPhone,"iPhone17,3",26.0.1,supports-incoming-fmd-v1,
iPhone,"iPhone17,3",26.0.1,optionally-receive-typing-indicators,
iPhone,"iPhone17,3",26.0.1,nicknames-version,
iPhone,"iPhone17,3",26.0.1,kt-version,5.0
iPhone,"iPhone17,3",26.0.1,device-key-signature,
iPhone,"iPhone17,3",26.0.1,ec-version,1.0
iPhone,"iPhone17,3",26.0.1,supports-protobuf-payload-data-v2,
iPhone,"iPhone17,3",26.0.1,supports-heif,True
iPhone,"iPhone17,3",26.0.1,supports-hdr,
iPhone,"iPhone17,3",26.0.1,prefers-sdr,
iPhone,"iPhone17,3",26.0.1,supports-qta,
iPhone,"iPhone17,3",26.0.1,supports-modern-gft,
iPhone,"iPhone17,3",26.0.1,supports-co,
iPhone,"iPhone17,3",26.0.1,is-green-tea,
iPhone,"iPhone17,3",26.0.1,supports-sa-v1,
iPhone,"iPhone17,3",26.0.1,supports-dq-nr,
iPhone,"iPhone17,3",26.0.1,supports-rem,
iPhone,"iPhone17,3",26.0.1,supports-shared-exp,
iPhone,"iPhone17,3",26.0.1,supports-st-er,
iPhone,"iPhone17,3",26.0.1,supports-family-invite-message-bubble,
iPhone,"iPhone17,3",26.0.1,supports-maps-protocol-v5,
iPhone,"iPhone17,3",26.0.1,supports-hi-res-vid,
iPhone,"iPhone17,3",26.0.1,supports-live-translation,
iPhone,"iPhone17,3",26.0.1,supports-mirage,
iPhone,"iPhone17,3",26.0.1,supports-nearby-facetime,
iPhone,"iPhone17,3",26.0.1,supports-emoji-stickers,
iPhone,"iPhone17,3",26.0.1,supports-sticker-editing,
iPhone,"iPhone17,3",26.0.1,supports-transcript-backgrounds,
iPhone,"iPhone17,3",26.0.1,supports-polls,
iPhone,"iPhone17,3",26.0.1,supports-lqm-hq,
iPhone,"iPhone17,3",26.0.1,supports-group-apple-cash,
iPhone,"iPhone17,3",26.0.1,supports-ckv-enforcement,
iPhone,"iPhone17,3",26.0.1,supports-gti,
iPhone,"iPhone17,3",26.0.1,supports-aot,
iPhone,"iPhone17,3",26.0.1,supports-key-sharing,
iPhone,"iPhone17,3",26.0.1,supports-harmony,
iPhone,"iPhone17,3",26.0.1,supports-activity-sharing-v1,True
iPhone,"iPhone17,3",26.0.1,supports-manatee-for-apple-cash,
iPhone,"iPhone17,3",26.0.1,supports-region-for-apple-cash,
iPhone,"iPhone17,3",26.0.1,supports-fmd-v2,True
iPhone,"iPhone17,3",26.0.1,supports-fm-fence-v1,True
iPhone,"iPhone17,3",26.0.1,supports-secure-loc-v1,
iPhone,"iPhone17,3",26.0.1,supports-zelkova,True
iPhone,"iPhone17,3",26.0.1,supports-people-ranging-v1,
iPhone,"iPhone17,3",26.0.1,supports-beacon-sharing-v3,
iPhone,"iPhone17,3",26.0.1,supports-manatee-activity-sharing,
iPhone,"iPhone17,3",26.0.1,supports-queue-one-read-receipts,
iPhone,"iPhone17,3",26.0.1,supports-uwb,True
iPhone,"iPhone17,3",26.0.1,supports-gft-errors,
iPhone,"iPhone17,3",26.0.1,supports-gft-calls,
iPhone,"iPhone17,3",26.0.1,supports-hk-resident,
iPhone,"iPhone17,3",26.0.1,supports-maps-routing-path-leg,
iPhone,"iPhone17,3",26.0.1,supports-maps-wgs84-elevation-model,
iPhone,"iPhone17,3",26.0.1,supports-beacon-sharing-v2,
iPhone,"iPhone17,3",26.0.1,is-web-client,
iPhone,"iPhone17,3",26.0.1,supports-beneficiary-invites,
iPhone,"iPhone17,3",26.0.1,supports-people-request-messages,
iPhone,"iPhone17,3",26.0.1,supports-avless,
iPhone,"iPhone17,3",26.0.1,supports-maps-waypoint-route-sharing,
iPhone,"iPhone17,3",26.0.1,supports-cross-platform-sharing,
iPhone,"iPhone17,3",26.0.1,supports-self-one-to-one-invites,
iPhone,"iPhone17,3",26.0.1,supports-people-request-messages-v2,
iPhone,"iPhone17,3",26.0.1,supports-askto,
iPhone,"iPhone17,3",26.0.1,supports-askto-v2,
iPhone,"iPhone17,3",26.0.1,supports-hybrid-groups-v1,
iPhone,"iPhone17,3",26.0.1,supports-findmy-plugin-messages,
iPhone,"iPhone17,3",26.0.1,supports-sos-alerting,True
iPhone,"iPhone17,3",26.0.1,supports-people-request-messages-v3,
iPhone,"iPhone17,3",26.0.1,supports-recurring-payment-bubbles,
iPhone,"iPhone17,3",26.0.1,supports-gft-relay,
iPhone,"iPhone17,3",26.0.1,supports-group-photo-refresh-version,
iPhone,"iPhone17,3",26.0.1,supports-ssrc,
iPhone,"iPhone17,3",26.0.1,supports-emoji-tapbacks,
iPhone,"iPhone17,3",26.0.1,supports-send-later-messages,
iPhone,"iPhone17,3",26.0.1,supports-restricted-guest,
iPhone,"iPhone17,3",26.0.1,supports-adaptive-temperature-automations,
iPhone,"iPhone17,3",26.0.1,supports-emoji-images,
iPhone,"iPhone17,3",26.0.1,supports-stick-moji-backs,
iPhone,"iPhone17,3",26.0.1,supports-high-quality-photo-file-sizes,
iPhone,"iPhone17,3",26.0.1,supports-stewie,True
iPhone,"iPhone17,3",26.0.1,sender-key-message-version,
iPhone,"iPhone17,3",26.0.1,supports-remote-atv-signin,
iPhone,"iPhone17,3",26.0.1,supports-sender-key-v1,
iPhone,"iPhone17,3",26.0.1,supports-uriless-membership-updates,
iPhone,"iPhone17,3",26.0.1,supports-sender-key-self-check,
iPhone,"iPhone17,3",26.0.1,supports-recovery-contact-upsell,
iPhone,"iPhone17,3",26.0.1,supports-user-driven-call-activation,
iPhone,"iPhone17,3",26.0.1,supports-legacy-contact-invites-v1,
iPhone,"iPhone17,3",26.0.1,supports-legacy-contact-invites-v2,
iPhone,"iPhone17,3",26.0.1,supports-legacy-contact-invites-v3,
iPhone,"iPhone17,3",26.0.1,supports-calls-25,
iPhone,"iPhone17,3",26.0.1,supports-introductions-v1,
iPhone,"iPhone17,3",26.0.1,supports-rbm-chatbot,
iPad,iPad_Educational,14.0,show-peer-errors,
iPad,iPad_Educational,14.0,is-c2k-equipment,
iPad,iPad_Educational,14.0,supports-inline-attachments,
iPad,iPad_Educational,14.0,supports-keep-receipts,
iPad,iPad_Educational,14.0,supports-location-sharing,
iPad,iPad_Educational,14.0,supports-media-v2,
iPad,iPad_Educational,14.0,supports-st-v1,
iPad,iPad_Educational,14.0,supports-ca-v1,
iPad,iPad_Educational,14.0,supports-be-v1,
iPad,iPad_Educational,14.0,supports-ack-v1,
iPad,iPad_Educational,14.0,supports-fsm-v1,
iPad,iPad_Educational,14.0,supports-fsm-v2,
iPad,iPad_Educational,14.0,supports-fsm-v3,
iPad,iPad_Educational,14.0,supports-ii-v1,
iPad,iPad_Educational,14.0,supports-impact-v1,
iPad,iPad_Educational,14.0,supports-update-attachments-v1,
iPad,iPad_Educational,14.0,supports-autoloopvideo-v1,
iPad,iPad_Educational,14.0,supports-photos-extension-v1,
iPad,iPad_Educational,14.0,supports-screen-time-v2,
iPad,iPad_Educational,14.0,supports-live-delivery,
iPad,iPad_Educational,14.0,supports-audio-messaging-v2,
iPad,iPad_Educational,14.0,supports-animoji-v2,
iPad,iPad_Educational,14.0,supports-certified-delivery-v1,
iPad,iPad_Educational,14.0,supports-original-timestamp-v1,
iPad,iPad_Educational,14.0,supports-incoming-fmd-v1,
iPad,iPad_Educational,14.0,optionally-receive-typing-indicators,
iPad,iPad_Educational,14.0,nicknames-version,
iPad,iPad_Educational,14.0,kt-version,4.0
iPad,iPad_Educational,14.0,ec-version,1.0
iPad,iPad_Educational,14.0,supports-protobuf-payload-data-v2,
iPad,iPad_Educational,14.0,supports-heif,True
iPad,iPad_Educational,14.0,supports-hdr,False
iPad,iPad_Educational,14.0,prefers-sdr,
iPad,iPad_Educational,14.0,supports-key-sharing,
iPad,iPad_Educational,14.0,supports-harmony,
iPad,iPad_Educational,14.0,supports-activity-sharing-v1,
iPad,iPad_Educational,14.0,supports-manatee-for-apple-cash,
iPad,iPad_Educational,14.0,supports-region-for-apple-cash,
iPad,iPad_Educational,14.0,supports-fmd-v2,
iPad,iPad_Educational,14.0,supports-fm-fence-v1,True
iPhone,"iPhone10,3",16.0,show-peer-errors,
iPhone,"iPhone10,6",16.0,show-peer-errors,
iPhone,"iPhone10,3",16.0,is-c2k-equipment,
iPhone,"iPhone10,6",16.0,is-c2k-equipment,
iPhone,"iPhone10,3",16.0,supports-inline-attachments,
iPhone,"iPhone10,6",16.0,supports-inline-attachments,
iPhone,"iPhone10,3",16.0,supports-keep-receipts,
iPhone,"iPhone10,6",16.0,supports-keep-receipts,
iPhone,"iPhone10,3",16.0,supports-location-sharing,
iPhone,"iPhone10,6",16.0,supports-location-sharing,
iPhone,"iPhone10,3",16.0,supports-media-v2,
iPhone,"iPhone10,6",16.0,supports-media-v2,
iPhone,"iPhone10,3",16.0,supports-st-v1,
iPhone,"iPhone10,6",16.0,supports-st-v1,
iPhone,"iPhone10,3",16.0,supports-ca-v1,
iPhone,"iPhone10,6",16.0,supports-ca-v1,
iPhone,"iPhone10,3",16.0,supports-be-v1,
iPhone,"iPhone10,6",16.0,supports-be-v1,
iPhone,"iPhone10,3",16.0,supports-ack-v1,
iPhone,"iPhone10,6",16.0,supports-ack-v1,
iPhone,"iPhone10,3",16.0,supports-fsm-v1,
iPhone,"iPhone10,6",16.0,supports-fsm-v1,
iPhone,"iPhone10,3",16.0,supports-fsm-v2,
iPhone,"iPhone10,6",16.0,supports-fsm-v2,
iPhone,"iPhone10,3",16.0,supports-fsm-v3,
iPhone,"iPhone10,6",16.0,supports-fsm-v3,
iPhone,"iPhone10,3",16.0,supports-ii-v1,
iPhone,"iPhone10,6",16.0,supports-ii-v1,
iPhone,"iPhone10,3",16.0,supports-impact-v1,
iPhone,"iPhone10,6",16.0,supports-impact-v1,
iPhone,"iPhone10,3",16.0,supports-update-attachments-v1,
iPhone,"iPhone10,6",16.0,supports-update-attachments-v1,
iPhone,"iPhone10,3",16.0,supports-autoloopvideo-v1,
iPhone,"iPhone10,6",16.0,supports-autoloopvideo-v1,
iPhone,"iPhone10,3",16.0,supports-photos-extension-v1,
iPhone,"iPhone10,6",16.0,supports-photos-extension-v1,
iPhone,"iPhone10,3",16.0,supports-photos-extension-v2,
iPhone,"iPhone10,6",16.0,supports-photos-extension-v2,
iPhone,"iPhone10,3",16.0,supports-screen-time-v2,
iPhone,"iPhone10,6",16.0,supports-screen-time-v2,
iPhone,"iPhone10,3",16.0,supports-live-delivery,
iPhone,"iPhone10,6",16.0,supports-live-delivery,
iPhone,"iPhone10,3",16.0,supports-audio-messaging-v2,
iPhone,"iPhone10,6",16.0,supports-audio-messaging-v2,
iPhone,"iPhone10,3",16.0,supports-animoji-v2,
iPhone,"iPhone10,6",16.0,supports-animoji-v2,
iPhone,"iPhone10,3",16.0,supports-certified-delivery-v1,
iPhone,"iPhone10,6",16.0,supports-certified-delivery-v1,
iPhone,"iPhone10,3",16.0,supports-original-timestamp-v1,
iPhone,"iPhone10,6",16.0,supports-original-timestamp-v1,
iPhone,"iPhone10,3",16.0,supports-incoming-fmd-v1,
iPhone,"iPhone10,6",16.0,supports-incoming-fmd-v1,
iPhone,"iPhone10,3",16.0,optionally-receive-typing-indicators,
iPhone,"iPhone10,6",16.0,optionally-receive-typing-indicators,
iPhone,"iPhone10,3",16.0,nicknames-version,
iPhone,"iPhone10,6",16.0,nicknames-version,
iPhone,"iPhone10,3",16.0,kt-version,4.0
iPhone,"iPhone10,6",16.0,kt-version,4.0
iPhone,"iPhone10,3",16.0,device-key-signature,
iPhone,"iPhone10,6",16.0,device-key-signature,
iPhone,"iPhone10,3",16.0,ec-version,1.0
iPhone,"iPhone10,6",16.0,ec-version,1.0
iPhone,"iPhone10,3",16.0,supports-protobuf-payload-data-v2,
iPhone,"iPhone10,6",16.0,supports-protobuf-payload-data-v2,
iPhone,"iPhone10,3",16.0,supports-heif,True
iPhone,"iPhone10,6",16.0,supports-heif,True
iPhone,"iPhone10,3",16.0,supports-hdr,False
iPhone,"iPhone10,6",16.0,supports-hdr,False
iPhone,"iPhone10,3",16.0,prefers-sdr,
iPhone,"iPhone10,6",16.0,prefers-sdr,
iPhone,"iPhone10,3",16.0,supports-modern-gft,
iPhone,"iPhone10,6",16.0,supports-modern-gft,
iPhone,"iPhone10,3",16.0,supports-co,
iPhone,"iPhone10,6",16.0,supports-co,
iPhone,"iPhone10,3",16.0,is-green-tea,
iPhone,"iPhone10,6",16.0,is-green-tea,
iPhone,"iPhone10,3",16.0,supports-sa-v1,
iPhone,"iPhone10,6",16.0,supports-sa-v1,
iPhone,"iPhone10,3",16.0,supports-dq-nr,
iPhone,"iPhone10,6",16.0,supports-dq-nr,
iPhone,"iPhone10,3",16.0,supports-rem,
iPhone,"iPhone10,6",16.0,supports-rem,
iPhone,"iPhone10,3",16.0,supports-shared-exp,
iPhone,"iPhone10,6",16.0,supports-shared-exp,
iPhone,"iPhone10,3",16.0,supports-st-er,
iPhone,"iPhone10,6",16.0,supports-st-er,
iPhone,"iPhone10,3",16.0,supports-family-invite-message-bubble,
iPhone,"iPhone10,6",16.0,supports-family-invite-message-bubble,
iPhone,"iPhone10,3",16.0,supports-maps-protocol-v5,
iPhone,"iPhone10,6",16.0,supports-maps-protocol-v5,
iPhone,"iPhone10,3",16.0,supports-mirage,
iPhone,"iPhone10,6",16.0,supports-mirage,
iPhone,"iPhone10,3",16.0,supports-key-sharing,
iPhone,"iPhone10,6",16.0,supports-key-sharing,
iPhone,"iPhone10,3",16.0,supports-harmony,
iPhone,"iPhone10,6",16.0,supports-harmony,
iPhone,"iPhone10,3",16.0,supports-activity-sharing-v1,True
iPhone,"iPhone10,6",16.0,supports-activity-sharing-v1,True
iPhone,"iPhone10,3",16.0,supports-manatee-for-apple-cash,
iPhone,"iPhone10,6",16.0,supports-manatee-for-apple-cash,
iPhone,"iPhone10,3",16.0,supports-region-for-apple-cash,
iPhone,"iPhone10,6",16.0,supports-region-for-apple-cash,
iPhone,"iPhone10,3",16.0,supports-fmd-v2,
iPhone,"iPhone10,6",16.0,supports-fmd-v2,
iPhone,"iPhone10,3",16.0,supports-fm-fence-v1,True
iPhone,"iPhone10,6",16.0,supports-fm-fence-v1,True
iPhone,"iPhone10,3",16.0,supports-secure-loc-v1,
iPhone,"iPhone10,6",16.0,supports-secure-loc-v1,
iPhone,"iPhone10,3",16.0,supports-uwb,False
iPhone,"iPhone10,6",16.0,supports-uwb,False
iPhone,"iPhone10,3",16.0,supports-gft-errors,
iPhone,"iPhone10,6",16.0,supports-gft-errors,
iPhone,"iPhone10,3",16.0,supports-gft-calls,
iPhone,"iPhone10,6",16.0,supports-gft-calls,
iPhone,"iPhone10,3",16.0,supports-hk-resident,
iPhone,"iPhone10,6",16.0,supports-hk-resident,
iPhone,"iPhone10,3",16.0,supports-maps-routing-path-leg,
iPhone,"iPhone10,6",16.0,supports-maps-routing-path-leg,
iPhone,"iPhone10,3",16.0,supports-beacon-sharing-v2,
iPhone,"iPhone10,6",16.0,supports-beacon-sharing-v2,
iPhone,"iPhone10,3",16.0,is-web-client,
iPhone,"iPhone10,6",16.0,is-web-client,
iPhone,"iPhone10,3",16.0,supports-beneficiary-invites,
iPhone,"iPhone10,6",16.0,supports-beneficiary-invites,
iPhone,"iPhone10,3",16.0,supports-people-request-messages,
iPhone,"iPhone10,6",16.0,supports-people-request-messages,
iPhone,"iPhone10,3",16.0,supports-avless,
iPhone,"iPhone10,6",16.0,supports-avless,
iPhone,"iPhone10,3",16.0,supports-maps-waypoint-route-sharing,
iPhone,"iPhone10,6",16.0,supports-maps-waypoint-route-sharing,
iPhone,"iPhone10,3",16.0,supports-cross-platform-sharing,
iPhone,"iPhone10,6",16.0,supports-cross-platform-sharing,
iPhone,"iPhone10,3",16.0,supports-self-one-to-one-invites,
iPhone,"iPhone10,6",16.0,supports-self-one-to-one-invites,
iPad,iPad_Pro_Spring_2021,17.4,show-peer-errors,
iPad,iPad_Pro_Spring_2021,17.4,is-c2k-equipment,
iPad,iPad_Pro_Spring_2021,17.4,supports-inline-attachments,
iPad,iPad_Pro_Spring_2021,17.4,supports-keep-receipts,
iPad,iPad_Pro_Spring_2021,17.4,supports-location-sharing,
iPad,iPad_Pro_Spring_2021,17.4,supports-media-v2,
iPad,iPad_Pro_Spring_2021,17.4,supports-st-v1,
iPad,iPad_Pro_Spring_2021,17.4,supports-ca-v1,
iPad,iPad_Pro_Spring_2021,17.4,supports-be-v1,
iPad,iPad_Pro_Spring_2021,17.4,supports-ack-v1,
iPad,iPad_Pro_Spring_2021,17.4,supports-fsm-v1,
iPad,iPad_Pro_Spring_2021,17.4,supports-fsm-v2,
iPad,iPad_Pro_Spring_2021,17.4,supports-fsm-v3,
iPad,iPad_Pro_Spring_2021,17.4,supports-ii-v1,
iPad,iPad_Pro_Spring_2021,17.4,supports-impact-v1,
iPad,iPad_Pro_Spring_2021,17.4,supports-update-attachments-v1,
iPad,iPad_Pro_Spring_2021,17.4,supports-autoloopvideo-v1,
iPad,iPad_Pro_Spring_2021,17.4,supports-photos-extension-v1,
iPad,iPad_Pro_Spring_2021,17.4,supports-photos-extension-v2,
iPad,iPad_Pro_Spring_2021,17.4,supports-screen-time-v2,
iPad,iPad_Pro_Spring_2021,17.4,supports-live-delivery,
iPad,iPad_Pro_Spring_2021,17.4,supports-audio-messaging-v2,
iPad,iPad_Pro_Spring_2021,17.4,supports-animoji-v2,
iPad,iPad_Pro_Spring_2021,17.4,supports-certified-delivery-v1,
iPad,iPad_Pro_Spring_2021,17.4,supports-original-timestamp-v1,
iPad,iPad_Pro_Spring_2021,17.4,supports-incoming-fmd-v1,
iPad,iPad_Pro_Spring_2021,17.4,optionally-receive-typing-indicators,
iPad,iPad_Pro_Spring_2021,17.4,nicknames-version,
iPad,iPad_Pro_Spring_2021,17.4,kt-version,5.0
iPad,iPad_Pro_Spring_2021,17.4,device-key-signature,
iPad,iPad_Pro_Spring_2021,17.4,ec-version,1.0
iPad,iPad_Pro_Spring_2021,17.4,supports-protobuf-payload-data-v2,
iPad,iPad_Pro_Spring_2021,17.4,supports-heif,True
iPad,iPad_Pro_Spring_2021,17.4,supports-hdr,
iPad,iPad_Pro_Spring_2021,17.4,prefers-sdr,
iPad,iPad_Pro_Spring_2021,17.4,supports-modern-gft,
iPad,iPad_Pro_Spring_2021,17.4,supports-co,
iPad,iPad_Pro_Spring_2021,17.4,is-green-tea,
iPad,iPad_Pro_Spring_2021,17.4,supports-sa-v1,
iPad,iPad_Pro_Spring_2021,17.4,supports-dq-nr,
iPad,iPad_Pro_Spring_2021,17.4,supports-rem,
iPad,iPad_Pro_Spring_2021,17.4,supports-shared-exp,
iPad,iPad_Pro_Spring_2021,17.4,supports-st-er,
iPad,iPad_Pro_Spring_2021,17.4,supports-family-invite-message-bubble,
iPad,iPad_Pro_Spring_2021,17.4,supports-maps-protocol-v5,
iPad,iPad_Pro_Spring_2021,17.4,supports-hi-res-vid,
iPad,iPad_Pro_Spring_2021,17.4,supports-mirage,
iPad,iPad_Pro_Spring_2021,17.4,supports-emoji-stickers,
iPad,iPad_Pro_Spring_2021,17.4,supports-sticker-editing,
iPad,iPad_Pro_Spring_2021,17.4,supports-key-sharing,
iPad,iPad_Pro_Spring_2021,17.4,supports-harmony,
iPad,iPad_Pro_Spring_2021,17.4,supports-activity-sharing-v1,
iPad,iPad_Pro_Spring_2021,17.4,supports-manatee-for-apple-cash,
iPad,iPad_Pro_Spring_2021,17.4,supports-region-for-apple-cash,
iPad,iPad_Pro_Spring_2021,17.4,supports-fmd-v2,
iPad,iPad_Pro_Spring_2021,17.4,supports-fm-fence-v1,True
iPad,iPad_Pro_Spring_2021,17.4,supports-secure-loc-v1,
iPad,iPad_Pro_Spring_2021,17.4,supports-zelkova,True
iPad,iPad_Pro_Spring_2021,17.4,supports-people-ranging-v1,
iPad,iPad_Pro_Spring_2021,17.4,supports-beacon-sharing-v3,
iPad,iPad_Pro_Spring_2021,17.4,supports-uwb,False
iPad,iPad_Pro_Spring_2021,17.4,supports-gft-errors,
iPad,iPad_Pro_Spring_2021,17.4,supports-gft-calls,
iPad,iPad_Pro_Spring_2021,17.4,supports-hk-resident,
iPad,iPad_Pro_Spring_2021,17.4,supports-maps-routing-path-leg,
iPad,iPad_Pro_Spring_2021,17.4,supports-beacon-sharing-v2,
iPad,iPad_Pro_Spring_2021,17.4,is-web-client,
iPad,iPad_Pro_Spring_2021,17.4,supports-beneficiary-invites,
iPad,iPad_Pro_Spring_2021,17.4,supports-people-request-messages,
iPad,iPad_Pro_Spring_2021,17.4,supports-avless,
iPad,iPad_Pro_Spring_2021,17.4,supports-maps-waypoint-route-sharing,
iPad,iPad_Pro_Spring_2021,17.4,supports-cross-platform-sharing,
iPad,iPad_Pro_Spring_2021,17.4,supports-self-one-to-one-invites,
iPad,iPad_Pro_Spring_2021,17.4,supports-people-request-messages-v2,
iPad,iPad_Pro_Spring_2021,17.4,supports-askto,
iPad,iPad_Pro_Spring_2021,17.4,supports-hybrid-groups-v1,
iPad,iPad_Pro_Spring_2021,17.4,supports-findmy-plugin-messages,
iPad,iPad_Pro_Spring_2021,17.4,supports-sos-alerting,
iPad,iPad_Pro_Spring_2021,17.4,supports-people-request-messages-v3,
iPad,iPad_Pro_Spring_2021,17.4,supports-recurring-payment-bubbles,
iPad,iPad_Pro_Spring_2021,17.4,supports-gft-relay,
iPad,iPad_Pro_Spring_2021,17.4,supports-group-photo-refresh-version,
iPad,"iPad16,1",26.3,show-peer-errors,
iPad,"iPad16,2",26.3,show-peer-errors,
iPad,"iPad16,1",26.3,is-c2k-equipment,
iPad,"iPad16,2",26.3,is-c2k-equipment,
iPad,"iPad16,1",26.3,supports-inline-attachments,
iPad,"iPad16,2",26.3,supports-inline-attachments,
iPad,"iPad16,1",26.3,supports-keep-receipts,
iPad,"iPad16,2",26.3,supports-keep-receipts,
iPad,"iPad16,1",26.3,supports-location-sharing,
iPad,"iPad16,2",26.3,supports-location-sharing,
iPad,"iPad16,1",26.3,supports-media-v2,
iPad,"iPad16,2",26.3,supports-media-v2,
iPad,"iPad16,1",26.3,supports-st-v1,
iPad,"iPad16,2",26.3,supports-st-v1,
iPad,"iPad16,1",26.3,supports-ca-v1,
iPad,"iPad16,2",26.3,supports-ca-v1,
iPad,"iPad16,1",26.3,supports-be-v1,
iPad,"iPad16,2",26.3,supports-be-v1,
iPad,"iPad16,1",26.3,supports-ack-v1,
iPad,"iPad16,2",26.3,supports-ack-v1,
iPad,"iPad16,1",26.3,supports-fsm-v1,
iPad,"iPad16,2",26.3,supports-fsm-v1,
iPad,"iPad16,1",26.3,supports-fsm-v2,
iPad,"iPad16,2",26.3,supports-fsm-v2,
iPad,"iPad16,1",26.3,supports-fsm-v3,
iPad,"iPad16,2",26.3,supports-fsm-v3,
iPad,"iPad16,1",26.3,supports-ii-v1,
iPad,"iPad16,2",26.3,supports-ii-v1,
iPad,"iPad16,1",26.3,supports-impact-v1,
iPad,"iPad16,2",26.3,supports-impact-v1,
iPad,"iPad16,1",26.3,supports-update-attachments-v1,
iPad,"iPad16,2",26.3,supports-update-attachments-v1,
iPad,"iPad16,1",26.3,supports-autoloopvideo-v1,
iPad,"iPad16,2",26.3,supports-autoloopvideo-v1,
iPad,"iPad16,1",26.3,supports-photos-extension-v1,
iPad,"iPad16,2",26.3,supports-photos-extension-v1,
iPad,"iPad16,1",26.3,supports-photos-extension-v2,
iPad,"iPad16,2",26.3,supports-photos-extension-v2,
iPad,"iPad16,1",26.3,supports-screen-time-v2,
iPad,"iPad16,2",26.3,supports-screen-time-v2,
iPad,"iPad16,1",26.3,supports-live-delivery,
iPad,"iPad16,2",26.3,supports-live-delivery,
iPad,"iPad16,1",26.3,supports-audio-messaging-v2,
iPad,"iPad16,2",26.3,supports-audio-messaging-v2,
iPad,"iPad16,1",26.3,supports-animoji-v2,
iPad,"iPad16,2",26.3,supports-animoji-v2,
iPad,"iPad16,1",26.3,supports-certified-delivery-v1,
iPad,"iPad16,2",26.3,supports-certified-delivery-v1,
iPad,"iPad16,1",26.3,supports-original-timestamp-v1,
iPad,"iPad16,2",26.3,supports-original-timestamp-v1,
iPad,"iPad16,1",26.3,supports-incoming-fmd-v1,
iPad,"iPad16,2",26.3,supports-incoming-fmd-v1,
iPad,"iPad16,1",26.3,optionally-receive-typing-indicators,
iPad,"iPad16,2",26.3,optionally-receive-typing-indicators,
iPad,"iPad16,1",26.3,nicknames-version,
iPad,"iPad16,2",26.3,nicknames-version,
iPad,"iPad16,1",26.3,kt-version,5.0
iPad,"iPad16,2",26.3,kt-version,5.0
iPad,"iPad16,1",26.3,device-key-signature,
iPad,"iPad16,2",26.3,device-key-signature,
iPad,"iPad16,1",26.3,ec-version,1.0
iPad,"iPad16,2",26.3,ec-version,1.0
iPad,"iPad16,1",26.3,supports-protobuf-payload-data-v2,
iPad,"iPad16,2",26.3,supports-protobuf-payload-data-v2,
iPad,"iPad16,1",26.3,supports-heif,True
iPad,"iPad16,2",26.3,supports-heif,True
iPad,"iPad16,1",26.3,supports-hdr,
iPad,"iPad16,2",26.3,supports-hdr,
iPad,"iPad16,1",26.3,prefers-sdr,
iPad,"iPad16,2",26.3,prefers-sdr,
iPad,"iPad16,1",26.3,supports-qta,
iPad,"iPad16,2",26.3,supports-qta,
iPad,"iPad16,1",26.3,supports-modern-gft,
iPad,"iPad16,2",26.3,supports-modern-gft,
iPad,"iPad16,1",26.3,supports-co,
iPad,"iPad16,2",26.3,supports-co,
iPad,"iPad16,1",26.3,is-green-tea,
iPad,"iPad16,2",26.3,is-green-tea,
iPad,"iPad16,1",26.3,supports-sa-v1,
iPad,"iPad16,2",26.3,supports-sa-v1,
iPad,"iPad16,1",26.3,supports-dq-nr,
iPad,"iPad16,2",26.3,supports-dq-nr,
iPad,"iPad16,1",26.3,supports-rem,
iPad,"iPad16,2",26.3,supports-rem,
iPad,"iPad16,1",26.3,supports-shared-exp,
iPad,"iPad16,2",26.3,supports-shared-exp,
iPad,"iPad16,1",26.3,supports-st-er,
iPad,"iPad16,2",26.3,supports-st-er,
iPad,"iPad16,1",26.3,supports-family-invite-message-bubble,
iPad,"iPad16,2",26.3,supports-family-invite-message-bubble,
iPad,"iPad16,1",26.3,supports-maps-protocol-v5,
iPad,"iPad16,2",26.3,supports-maps-protocol-v5,
iPad,"iPad16,1",26.3,supports-hi-res-vid,
iPad,"iPad16,2",26.3,supports-hi-res-vid,
iPad,"iPad16,1",26.3,supports-live-translation,
iPad,"iPad16,2",26.3,supports-live-translation,
iPad,"iPad16,1",26.3,supports-mirage,
iPad,"iPad16,2",26.3,supports-mirage,
iPad,"iPad16,1",26.3,supports-nearby-facetime,
iPad,"iPad16,2",26.3,supports-nearby-facetime,
iPad,"iPad16,1",26.3,supports-emoji-stickers,
iPad,"iPad16,2",26.3,supports-emoji-stickers,
iPad,"iPad16,1",26.3,supports-sticker-editing,
iPad,"iPad16,2",26.3,supports-sticker-editing,
iPad,"iPad16,1",26.3,supports-transcript-backgrounds,
iPad,"iPad16,2",26.3,supports-transcript-backgrounds,
iPad,"iPad16,1",26.3,supports-polls,
iPad,"iPad16,2",26.3,supports-polls,
iPad,"iPad16,1",26.3,supports-lqm-hq,
iPad,"iPad16,2",26.3,supports-lqm-hq,
iPad,"iPad16,1",26.3,supports-group-apple-cash,
iPad,"iPad16,2",26.3,supports-group-apple-cash,
iPad,"iPad16,1",26.3,supports-ckv-enforcement,
iPad,"iPad16,2",26.3,supports-ckv-enforcement,
iPad,"iPad16,1",26.3,supports-gti,
iPad,"iPad16,2",26.3,supports-gti,
iPad,"iPad16,1",26.3,supports-aot,
iPad,"iPad16,2",26.3,supports-aot,
iPad,"iPad16,1",26.3,supports-key-sharing,
iPad,"iPad16,2",26.3,supports-key-sharing,
iPad,"iPad16,1",26.3,supports-harmony,
iPad,"iPad16,2",26.3,supports-harmony,
iPad,"iPad16,1",26.3,supports-activity-sharing-v1,
iPad,"iPad16,2",26.3,supports-activity-sharing-v1,
iPad,"iPad16,1",26.3,supports-manatee-for-apple-cash,
iPad,"iPad16,2",26.3,supports-manatee-for-apple-cash,
iPad,"iPad16,1",26.3,supports-region-for-apple-cash,
iPad,"iPad16,2",26.3,supports-region-for-apple-cash,
iPad,"iPad16,1",26.3,supports-fmd-v2,True
iPad,"iPad16,2",26.3,supports-fmd-v2,True
iPad,"iPad16,1",26.3,supports-fm-fence-v1,True
iPad,"iPad16,2",26.3,supports-fm-fence-v1,True
iPad,"iPad16,1",26.3,supports-secure-loc-v1,
iPad,"iPad16,2",26.3,supports-secure-loc-v1,
iPad,"iPad16,1",26.3,supports-zelkova,True
iPad,"iPad16,2",26.3,supports-zelkova,True
iPad,"iPad16,1",26.3,supports-people-ranging-v1,
iPad,"iPad16,2",26.3,supports-people-ranging-v1,
iPad,"iPad16,1",26.3,supports-beacon-sharing-v3,
iPad,"iPad16,2",26.3,supports-beacon-sharing-v3,
iPad,"iPad16,1",26.3,supports-manatee-activity-sharing,
iPad,"iPad16,2",26.3,supports-manatee-activity-sharing,
iPad,"iPad16,1",26.3,supports-queue-one-read-receipts-v3,
iPad,"iPad16,2",26.3,supports-queue-one-read-receipts-v3,
iPad,"iPad16,1",26.3,supports-uwb,False
iPad,"iPad16,2",26.3,supports-uwb,False
iPad,"iPad16,1",26.3,supports-gft-errors,
iPad,"iPad16,2",26.3,supports-gft-errors,
iPad,"iPad16,1",26.3,supports-gft-calls,
iPad,"iPad16,2",26.3,supports-gft-calls,
iPad,"iPad16,1",26.3,supports-hk-resident,
iPad,"iPad16,2",26.3,supports-hk-resident,
iPad,"iPad16,1",26.3,supports-maps-routing-path-leg,
iPad,"iPad16,2",26.3,supports-maps-routing-path-leg,
iPad,"iPad16,1",26.3,supports-maps-wgs84-elevation-model,
iPad,"iPad16,2",26.3,supports-maps-wgs84-elevation-model,
iPad,"iPad16,1",26.3,supports-beacon-sharing-v2,
iPad,"iPad16,2",26.3,supports-beacon-sharing-v2,
iPad,"iPad16,1",26.3,is-web-client,
iPad,"iPad16,2",26.3,is-web-client,
iPad,"iPad16,1",26.3,supports-beneficiary-invites,
iPad,"iPad16,2",26.3,supports-beneficiary-invites,
iPad,"iPad16,1",26.3,supports-people-request-messages,
iPad,"iPad16,2",26.3,supports-people-request-messages,
iPad,"iPad16,1",26.3,supports-avless,
iPad,"iPad16,2",26.3,supports-avless,
iPad,"iPad16,1",26.3,supports-maps-waypoint-route-sharing,
iPad,"iPad16,2",26.3,supports-maps-waypoint-route-sharing,
iPad,"iPad16,1",26.3,supports-cross-platform-sharing,
iPad,"iPad16,2",26.3,supports-cross-platform-sharing,
iPad,"iPad16,1",26.3,supports-self-one-to-one-invites,
iPad,"iPad16,2",26.3,supports-self-one-to-one-invites,
iPad,"iPad16,1",26.3,supports-people-request-messages-v2,
iPad,"iPad16,2",26.3,supports-people-request-messages-v2,
iPad,"iPad16,1",26.3,supports-askto,
iPad,"iPad16,2",26.3,supports-askto,
iPad,"iPad16,1",26.3,supports-askto-v2,
iPad,"iPad16,2",26.3,supports-askto-v2,
iPad,"iPad16,1",26.3,supports-askto-responseUI,
iPad,"iPad16,2",26.3,supports-askto-responseUI,
iPad,"iPad16,1",26.3,supports-significant-app-update,
iPad,"iPad16,2",26.3,supports-significant-app-update,
iPad,"iPad16,1",26.3,supports-hybrid-groups-v1,
iPad,"iPad16,2",26.3,supports-hybrid-groups-v1,
iPad,"iPad16,1",26.3,supports-findmy-plugin-messages,
iPad,"iPad16,2",26.3,supports-findmy-plugin-messages,
iPad,"iPad16,1",26.3,supports-sos-alerting,
iPad,"iPad16,2",26.3,supports-sos-alerting,
iPad,"iPad16,1",26.3,supports-people-request-messages-v3,
iPad,"iPad16,2",26.3,supports-people-request-messages-v3,
iPad,"iPad16,1",26.3,supports-recurring-payment-bubbles,
iPad,"iPad16,2",26.3,supports-recurring-payment-bubbles,
iPad,"iPad16,1",26.3,supports-gft-relay,
iPad,"iPad16,2",26.3,supports-gft-relay,
iPad,"iPad16,1",26.3,supports-group-photo-refresh-version,
iPad,"iPad16,2",26.3,supports-group-photo-refresh-version,
iPad,"iPad16,1",26.3,supports-ssrc,
iPad,"iPad16,2",26.3,supports-ssrc,
iPad,"iPad16,1",26.3,supports-emoji-tapbacks,
iPad,"iPad16,2",26.3,supports-emoji-tapbacks,
iPad,"iPad16,1",26.3,supports-send-later-messages,
iPad,"iPad16,2",26.3,supports-send-later-messages,
iPad,"iPad16,1",26.3,supports-restricted-guest,
iPad,"iPad16,2",26.3,supports-restricted-guest,
iPad,"iPad16,1",26.3,supports-adaptive-temperature-automations,
iPad,"iPad16,2",26.3,supports-adaptive-temperature-automations,
iPad,"iPad16,1",26.3,supports-emoji-images,
iPad,"iPad16,2",26.3,supports-emoji-images,
iPad,"iPad16,1",26.3,supports-stick-moji-backs,
iPad,"iPad16,2",26.3,supports-stick-moji-backs,
iPad,"iPad16,1",26.3,supports-high-quality-photo-file-sizes,
iPad,"iPad16,2",26.3,supports-high-quality-photo-file-sizes,
iPad,"iPad16,1",26.3,supports-stewie,False
iPad,"iPad16,2",26.3,supports-stewie,False
iPad,"iPad16,1",26.3,sender-key-message-version,
iPad,"iPad16,2",26.3,sender-key-message-version,
iPad,"iPad16,1",26.3,supports-remote-atv-signin,
iPad,"iPad16,2",26.3,supports-remote-atv-signin,
iPad,"iPad16,1",26.3,supports-sender-key-v1,
iPad,"iPad16,2",26.3,supports-sender-key-v1,
iPad,"iPad16,1",26.3,supports-uriless-membership-updates,
iPad,"iPad16,2",26.3,supports-uriless-membership-updates,
iPad,"iPad16,1",26.3,supports-sender-key-self-check,
iPad,"iPad16,2",26.3,supports-sender-key-self-check,
iPad,"iPad16,1",26.3,supports-recovery-contact-upsell,
iPad,"iPad16,2",26.3,supports-recovery-contact-upsell,
iPad,"iPad16,1",26.3,supports-user-driven-call-activation,
iPad,"iPad16,2",26.3,supports-user-driven-call-activation,
iPad,"iPad16,1",26.3,supports-legacy-contact-invites-v1,
iPad,"iPad16,2",26.3,supports-legacy-contact-invites-v1,
iPad,"iPad16,1",26.3,supports-legacy-contact-invites-v2,
iPad,"iPad16,2",26.3,supports-legacy-contact-invites-v2,
iPad,"iPad16,1",26.3,supports-legacy-contact-invites-v3,
iPad,"iPad16,2",26.3,supports-legacy-contact-invites-v3,
iPad,"iPad16,1",26.3,supports-calls-25,
iPad,"iPad16,2",26.3,supports-calls-25,
iPad,"iPad16,1",26.3,supports-introductions-v1,
iPad,"iPad16,2",26.3,supports-introductions-v1,
iPad,"iPad16,1",26.3,supports-rbm-chatbot,
iPad,"iPad16,2",26.3,supports-rbm-chatbot,
iPhone,"iPhone14,4",16.4,show-peer-errors,
iPhone,"iPhone14,4",16.4,is-c2k-equipment,
iPhone,"iPhone14,4",16.4,supports-inline-attachments,
iPhone,"iPhone14,4",16.4,supports-keep-receipts,
iPhone,"iPhone14,4",16.4,supports-location-sharing,
iPhone,"iPhone14,4",16.4,supports-media-v2,
iPhone,"iPhone14,4",16.4,supports-st-v1,
iPhone,"iPhone14,4",16.4,supports-ca-v1,
iPhone,"iPhone14,4",16.4,supports-be-v1,
iPhone,"iPhone14,4",16.4,supports-ack-v1,
iPhone,"iPhone14,4",16.4,supports-fsm-v1,
iPhone,"iPhone14,4",16.4,supports-fsm-v2,
iPhone,"iPhone14,4",16.4,supports-fsm-v3,
iPhone,"iPhone14,4",16.4,supports-ii-v1,
iPhone,"iPhone14,4",16.4,supports-impact-v1,
iPhone,"iPhone14,4",16.4,supports-update-attachments-v1,
iPhone,"iPhone14,4",16.4,supports-autoloopvideo-v1,
iPhone,"iPhone14,4",16.4,supports-photos-extension-v1,
iPhone,"iPhone14,4",16.4,supports-photos-extension-v2,
iPhone,"iPhone14,4",16.4,supports-screen-time-v2,
iPhone,"iPhone14,4",16.4,supports-live-delivery,
iPhone,"iPhone14,4",16.4,supports-audio-messaging-v2,
iPhone,"iPhone14,4",16.4,supports-animoji-v2,
iPhone,"iPhone14,4",16.4,supports-certified-delivery-v1,
iPhone,"iPhone14,4",16.4,supports-original-timestamp-v1,
iPhone,"iPhone14,4",16.4,supports-incoming-fmd-v1,
iPhone,"iPhone14,4",16.4,optionally-receive-typing-indicators,
iPhone,"iPhone14,4",16.4,nicknames-version,
iPhone,"iPhone14,4",16.4,kt-version,5.0
iPhone,"iPhone14,4",16.4,device-key-signature,
iPhone,"iPhone14,4",16.4,ec-version,1.0
iPhone,"iPhone14,4",16.4,supports-protobuf-payload-data-v2,
iPhone,"iPhone14,4",16.4,supports-heif,True
iPhone,"iPhone14,4",16.4,supports-hdr,
iPhone,"iPhone14,4",16.4,prefers-sdr,
iPhone,"iPhone14,4",16.4,supports-modern-gft,
iPhone,"iPhone14,4",16.4,supports-co,
iPhone,"iPhone14,4",16.4,is-green-tea,
iPhone,"iPhone14,4",16.4,supports-sa-v1,
iPhone,"iPhone14,4",16.4,supports-dq-nr,
iPhone,"iPhone14,4",16.4,supports-rem,
iPhone,"iPhone14,4",16.4,supports-shared-exp,
iPhone,"iPhone14,4",16.4,supports-st-er,
iPhone,"iPhone14,4",16.4,supports-family-invite-message-bubble,
iPhone,"iPhone14,4",16.4,supports-maps-protocol-v5,
iPhone,"iPhone14,4",16.4,supports-mirage,
iPhone,"iPhone14,4",16.4,supports-key-sharing,
iPhone,"iPhone14,4",16.4,supports-harmony,
iPhone,"iPhone14,4",16.4,supports-activity-sharing-v1,True
iPhone,"iPhone14,4",16.4,supports-manatee-for-apple-cash,
iPhone,"iPhone14,4",16.4,supports-region-for-apple-cash,
iPhone,"iPhone14,4",16.4,supports-fmd-v2,
iPhone,"iPhone14,4",16.4,supports-fm-fence-v1,True
iPhone,"iPhone14,4",16.4,supports-secure-loc-v1,
iPhone,"iPhone14,4",16.4,supports-uwb,True
iPhone,"iPhone14,4",16.4,supports-gft-errors,
iPhone,"iPhone14,4",16.4,supports-gft-calls,
iPhone,"iPhone14,4",16.4,supports-hk-resident,
iPhone,"iPhone14,4",16.4,supports-maps-routing-path-leg,
iPhone,"iPhone14,4",16.4,supports-beacon-sharing-v2,
iPhone,"iPhone14,4",16.4,is-web-client,
iPhone,"iPhone14,4",16.4,supports-beneficiary-invites,
iPhone,"iPhone14,4",16.4,supports-people-request-messages,
iPhone,"iPhone14,4",16.4,supports-avless,
iPhone,"iPhone14,4",16.4,supports-maps-waypoint-route-sharing,
iPhone,"iPhone14,4",16.4,supports-cross-platform-sharing,
iPhone,"iPhone14,4",16.4,supports-self-one-to-one-invites,
iPhone,"iPhone14,4",16.4,supports-people-request-messages-v2,
iPhone,"iPhone14,4",16.4,supports-people-request-messages-v3,
iPad,iPad_64bit_TouchID_ASTC,11.0.1,show-peer-errors,
iPad,iPad_64bit_TouchID_ASTC,11.0.1,is-c2k-equipment,
iPad,iPad_64bit_TouchID_ASTC,11.0.1,supports-inline-attachments,
iPad,iPad_64bit_TouchID_ASTC,11.0.1,supports-keep-receipts,
iPad,iPad_64bit_TouchID_ASTC,11.0.1,supports-location-sharing,
iPad,iPad_64bit_TouchID_ASTC,11.0.1,supports-media-v2,
iPad,iPad_64bit_TouchID_ASTC,11.0.1,supports-st-v1,
iPad,iPad_64bit_TouchID_ASTC,11.0.1,supports-ca-v1,
iPad,iPad_64bit_TouchID_ASTC,11.0.1,supports-be-v1,
iPad,iPad_64bit_TouchID_ASTC,11.0.1,supports-ack-v1,
iPad,iPad_64bit_TouchID_ASTC,11.0.1,supports-fsm-v1,
iPad,iPad_64bit_TouchID_ASTC,11.0.1,supports-fsm-v2,
iPad,iPad_64bit_TouchID_ASTC,11.0.1,supports-fsm-v3,
iPad,iPad_64bit_TouchID_ASTC,11.0.1,supports-ii-v1,
iPad,iPad_64bit_TouchID_ASTC,11.0.1,supports-impact-v1,
iPad,iPad_64bit_TouchID_ASTC,11.0.1,supports-update-attachments-v1,
iPad,iPad_64bit_TouchID_ASTC,11.0.1,supports-autoloopvideo-v1,
iPad,iPad_64bit_TouchID_ASTC,11.0.1,supports-activity-sharing-v1,
iPad,iPad_64bit_TouchID_ASTC,11.0.1,optionally-receive-typing-indicators,
iPad,iPad_10.2_2021,26.3,show-peer-errors,
iPad,iPad_10.2_2021,26.3,is-c2k-equipment,
iPad,iPad_10.2_2021,26.3,supports-inline-attachments,
iPad,iPad_10.2_2021,26.3,supports-keep-receipts,
iPad,iPad_10.2_2021,26.3,supports-location-sharing,
iPad,iPad_10.2_2021,26.3,supports-media-v2,
iPad,iPad_10.2_2021,26.3,supports-st-v1,
iPad,iPad_10.2_2021,26.3,supports-ca-v1,
iPad,iPad_10.2_2021,26.3,supports-be-v1,
iPad,iPad_10.2_2021,26.3,supports-ack-v1,
iPad,iPad_10.2_2021,26.3,supports-fsm-v1,
iPad,iPad_10.2_2021,26.3,supports-fsm-v2,
iPad,iPad_10.2_2021,26.3,supports-fsm-v3,
iPad,iPad_10.2_2021,26.3,supports-ii-v1,
iPad,iPad_10.2_2021,26.3,supports-impact-v1,
iPad,iPad_10.2_2021,26.3,supports-update-attachments-v1,
iPad,iPad_10.2_2021,26.3,supports-autoloopvideo-v1,
iPad,iPad_10.2_2021,26.3,supports-photos-extension-v1,
iPad,iPad_10.2_2021,26.3,supports-photos-extension-v2,
iPad,iPad_10.2_2021,26.3,supports-screen-time-v2,
iPad,iPad_10.2_2021,26.3,supports-live-delivery,
iPad,iPad_10.2_2021,26.3,supports-audio-messaging-v2,
iPad,iPad_10.2_2021,26.3,supports-animoji-v2,
iPad,iPad_10.2_2021,26.3,supports-certified-delivery-v1,
iPad,iPad_10.2_2021,26.3,supports-original-timestamp-v1,
iPad,iPad_10.2_2021,26.3,supports-incoming-fmd-v1,
iPad,iPad_10.2_2021,26.3,optionally-receive-typing-indicators,
iPad,iPad_10.2_2021,26.3,nicknames-version,
iPad,iPad_10.2_2021,26.3,kt-version,5.0
iPad,iPad_10.2_2021,26.3,device-key-signature,
iPad,iPad_10.2_2021,26.3,ec-version,1.0
iPad,iPad_10.2_2021,26.3,supports-protobuf-payload-data-v2,
iPad,iPad_10.2_2021,26.3,supports-heif,True
iPad,iPad_10.2_2021,26.3,supports-hdr,
iPad,iPad_10.2_2021,26.3,prefers-sdr,
iPad,iPad_10.2_2021,26.3,supports-qta,
iPad,iPad_10.2_2021,26.3,supports-modern-gft,
iPad,iPad_10.2_2021,26.3,supports-co,
iPad,iPad_10.2_2021,26.3,is-green-tea,
iPad,iPad_10.2_2021,26.3,supports-sa-v1,
iPad,iPad_10.2_2021,26.3,supports-dq-nr,
iPad,iPad_10.2_2021,26.3,supports-rem,
iPad,iPad_10.2_2021,26.3,supports-shared-exp,
iPad,iPad_10.2_2021,26.3,supports-st-er,
iPad,iPad_10.2_2021,26.3,supports-family-invite-message-bubble,
iPad,iPad_10.2_2021,26.3,supports-maps-protocol-v5,
iPad,iPad_10.2_2021,26.3,supports-hi-res-vid,
iPad,iPad_10.2_2021,26.3,supports-live-translation,
iPad,iPad_10.2_2021,26.3,supports-mirage,
iPad,iPad_10.2_2021,26.3,supports-nearby-facetime,
iPad,iPad_10.2_2021,26.3,supports-emoji-stickers,
iPad,iPad_10.2_2021,26.3,supports-sticker-editing,
iPad,iPad_10.2_2021,26.3,supports-transcript-backgrounds,
iPad,iPad_10.2_2021,26.3,supports-polls,
iPad,iPad_10.2_2021,26.3,supports-lqm-hq,
iPad,iPad_10.2_2021,26.3,supports-group-apple-cash,
iPad,iPad_10.2_2021,26.3,supports-ckv-enforcement,
iPad,iPad_10.2_2021,26.3,supports-gti,
iPad,iPad_10.2_2021,26.3,supports-aot,
iPad,iPad_10.2_2021,26.3,supports-key-sharing,
iPad,iPad_10.2_2021,26.3,supports-harmony,
iPad,iPad_10.2_2021,26.3,supports-activity-sharing-v1,
iPad,iPad_10.2_2021,26.3,supports-manatee-for-apple-cash,
iPad,iPad_10.2_2021,26.3,supports-region-for-apple-cash,
iPad,iPad_10.2_2021,26.3,supports-fmd-v2,True
iPad,iPad_10.2_2021,26.3,supports-fm-fence-v1,True
iPad,iPad_10.2_2021,26.3,supports-secure-loc-v1,
iPad,iPad_10.2_2021,26.3,supports-zelkova,True
iPad,iPad_10.2_2021,26.3,supports-people-ranging-v1,
iPad,iPad_10.2_2021,26.3,supports-beacon-sharing-v3,
iPad,iPad_10.2_2021,26.3,supports-manatee-activity-sharing,
iPad,iPad_10.2_2021,26.3,supports-queue-one-read-receipts-v3,
iPad,iPad_10.2_2021,26.3,supports-uwb,False
iPad,iPad_10.2_2021,26.3,supports-gft-errors,
iPad,iPad_10.2_2021,26.3,supports-gft-calls,
iPad,iPad_10.2_2021,26.3,supports-hk-resident,
iPad,iPad_10.2_2021,26.3,supports-maps-routing-path-leg,
iPad,iPad_10.2_2021,26.3,supports-maps-wgs84-elevation-model,
iPad,iPad_10.2_2021,26.3,supports-beacon-sharing-v2,
iPad,iPad_10.2_2021,26.3,is-web-client,
iPad,iPad_10.2_2021,26.3,supports-beneficiary-invites,
iPad,iPad_10.2_2021,26.3,supports-people-request-messages,
iPad,iPad_10.2_2021,26.3,supports-avless,
iPad,iPad_10.2_2021,26.3,supports-maps-waypoint-route-sharing,
iPad,iPad_10.2_2021,26.3,supports-cross-platform-sharing,
iPad,iPad_10.2_2021,26.3,supports-self-one-to-one-invites,
iPad,iPad_10.2_2021,26.3,supports-people-request-messages-v2,
iPad,iPad_10.2_2021,26.3,supports-askto,
iPad,iPad_10.2_2021,26.3,supports-askto-v2,
iPad,iPad_10.2_2021,26.3,supports-askto-responseUI,
iPad,iPad_10.2_2021,26.3,supports-significant-app-update,
iPad,iPad_10.2_2021,26.3,supports-hybrid-groups-v1,
iPad,iPad_10.2_2021,26.3,supports-findmy-plugin-messages,
iPad,iPad_10.2_2021,26.3,supports-sos-alerting,
iPad,iPad_10.2_2021,26.3,supports-people-request-messages-v3,
iPad,iPad_10.2_2021,26.3,supports-recurring-payment-bubbles,
iPad,iPad_10.2_2021,26.3,supports-gft-relay,
iPad,iPad_10.2_2021,26.3,supports-group-photo-refresh-version,
iPad,iPad_10.2_2021,26.3,supports-ssrc,
iPad,iPad_10.2_2021,26.3,supports-emoji-tapbacks,
iPad,iPad_10.2_2021,26.3,supports-send-later-messages,
iPad,iPad_10.2_2021,26.3,supports-restricted-guest,
iPad,iPad_10.2_2021,26.3,supports-adaptive-temperature-automations,
iPad,iPad_10.2_2021,26.3,supports-emoji-images,
iPad,iPad_10.2_2021,26.3,supports-stick-moji-backs,
iPad,iPad_10.2_2021,26.3,supports-high-quality-photo-file-sizes,
iPad,iPad_10.2_2021,26.3,supports-stewie,False
iPad,iPad_10.2_2021,26.3,sender-key-message-version,
iPad,iPad_10.2_2021,26.3,supports-remote-atv-signin,
iPad,iPad_10.2_2021,26.3,supports-sender-key-v1,
iPad,iPad_10.2_2021,26.3,supports-uriless-membership-updates,
iPad,iPad_10.2_2021,26.3,supports-sender-key-self-check,
iPad,iPad_10.2_2021,26.3,supports-recovery-contact-upsell,
iPad,iPad_10.2_2021,26.3,supports-user-driven-call-activation,
iPad,iPad_10.2_2021,26.3,supports-legacy-contact-invites-v1,
iPad,iPad_10.2_2021,26.3,supports-legacy-contact-invites-v2,
iPad,iPad_10.2_2021,26.3,supports-legacy-contact-invites-v3,
iPad,iPad_10.2_2021,26.3,supports-calls-25,
iPad,iPad_10.2_2021,26.3,supports-introductions-v1,
iPad,iPad_10.2_2021,26.3,supports-rbm-chatbot,
iPhone,"iPhone14,4",26.3,show-peer-errors,
iPhone,"iPhone14,4",26.3,is-c2k-equipment,
iPhone,"iPhone14,4",26.3,supports-inline-attachments,
iPhone,"iPhone14,4",26.3,supports-keep-receipts,
iPhone,"iPhone14,4",26.3,supports-location-sharing,
iPhone,"iPhone14,4",26.3,supports-media-v2,
iPhone,"iPhone14,4",26.3,supports-st-v1,
iPhone,"iPhone14,4",26.3,supports-ca-v1,
iPhone,"iPhone14,4",26.3,supports-be-v1,
iPhone,"iPhone14,4",26.3,supports-ack-v1,
iPhone,"iPhone14,4",26.3,supports-fsm-v1,
iPhone,"iPhone14,4",26.3,supports-fsm-v2,
iPhone,"iPhone14,4",26.3,supports-fsm-v3,
iPhone,"iPhone14,4",26.3,supports-ii-v1,
iPhone,"iPhone14,4",26.3,supports-impact-v1,
iPhone,"iPhone14,4",26.3,supports-update-attachments-v1,
iPhone,"iPhone14,4",26.3,supports-autoloopvideo-v1,
iPhone,"iPhone14,4",26.3,supports-photos-extension-v1,
iPhone,"iPhone14,4",26.3,supports-photos-extension-v2,
iPhone,"iPhone14,4",26.3,supports-screen-time-v2,
iPhone,"iPhone14,4",26.3,supports-live-delivery,
iPhone,"iPhone14,4",26.3,supports-audio-messaging-v2,
iPhone,"iPhone14,4",26.3,supports-animoji-v2,
iPhone,"iPhone14,4",26.3,supports-certified-delivery-v1,
iPhone,"iPhone14,4",26.3,supports-original-timestamp-v1,
iPhone,"iPhone14,4",26.3,supports-incoming-fmd-v1,
iPhone,"iPhone14,4",26.3,optionally-receive-typing-indicators,
iPhone,"iPhone14,4",26.3,nicknames-version,
iPhone,"iPhone14,4",26.3,kt-version,5.0
iPhone,"iPhone14,4",26.3,device-key-signature,
iPhone,"iPhone14,4",26.3,ec-version,1.0
iPhone,"iPhone14,4",26.3,supports-protobuf-payload-data-v2,
iPhone,"iPhone14,4",26.3,supports-heif,True
iPhone,"iPhone14,4",26.3,supports-hdr,
iPhone,"iPhone14,4",26.3,prefers-sdr,
iPhone,"iPhone14,4",26.3,supports-qta,
iPhone,"iPhone14,4",26.3,supports-modern-gft,
iPhone,"iPhone14,4",26.3,supports-co,
iPhone,"iPhone14,4",26.3,is-green-tea,
iPhone,"iPhone14,4",26.3,supports-sa-v1,
iPhone,"iPhone14,4",26.3,supports-dq-nr,
iPhone,"iPhone14,4",26.3,supports-rem,
iPhone,"iPhone14,4",26.3,supports-shared-exp,
iPhone,"iPhone14,4",26.3,supports-st-er,
iPhone,"iPhone14,4",26.3,supports-family-invite-message-bubble,
iPhone,"iPhone14,4",26.3,supports-maps-protocol-v5,
iPhone,"iPhone14,4",26.3,supports-hi-res-vid,
iPhone,"iPhone14,4",26.3,supports-live-translation,
iPhone,"iPhone14,4",26.3,supports-mirage,
iPhone,"iPhone14,4",26.3,supports-nearby-facetime,
iPhone,"iPhone14,4",26.3,supports-emoji-stickers,
iPhone,"iPhone14,4",26.3,supports-sticker-editing,
iPhone,"iPhone14,4",26.3,supports-transcript-backgrounds,
iPhone,"iPhone14,4",26.3,supports-polls,
iPhone,"iPhone14,4",26.3,supports-lqm-hq,
iPhone,"iPhone14,4",26.3,supports-group-apple-cash,
iPhone,"iPhone14,4",26.3,supports-ckv-enforcement,
iPhone,"iPhone14,4",26.3,supports-gti,
iPhone,"iPhone14,4",26.3,supports-aot,
iPhone,"iPhone14,4",26.3,supports-key-sharing,
iPhone,"iPhone14,4",26.3,supports-harmony,
iPhone,"iPhone14,4",26.3,supports-activity-sharing-v1,True
iPhone,"iPhone14,4",26.3,supports-manatee-for-apple-cash,
iPhone,"iPhone14,4",26.3,supports-region-for-apple-cash,
iPhone,"iPhone14,4",26.3,supports-fmd-v2,True
iPhone,"iPhone14,4",26.3,supports-fm-fence-v1,True
iPhone,"iPhone14,4",26.3,supports-secure-loc-v1,
iPhone,"iPhone14,4",26.3,supports-zelkova,True
iPhone,"iPhone14,4",26.3,supports-people-ranging-v1,
iPhone,"iPhone14,4",26.3,supports-beacon-sharing-v3,
iPhone,"iPhone14,4",26.3,supports-manatee-activity-sharing,
iPhone,"iPhone14,4",26.3,supports-queue-one-read-receipts-v3,
iPhone,"iPhone14,4",26.3,supports-uwb,True
iPhone,"iPhone14,4",26.3,supports-gft-errors,
iPhone,"iPhone14,4",26.3,supports-gft-calls,
iPhone,"iPhone14,4",26.3,supports-hk-resident,
iPhone,"iPhone14,4",26.3,supports-maps-routing-path-leg,
iPhone,"iPhone14,4",26.3,supports-maps-wgs84-elevation-model,
iPhone,"iPhone14,4",26.3,supports-beacon-sharing-v2,
iPhone,"iPhone14,4",26.3,is-web-client,
iPhone,"iPhone14,4",26.3,supports-beneficiary-invites,
iPhone,"iPhone14,4",26.3,supports-people-request-messages,
iPhone,"iPhone14,4",26.3,supports-avless,
iPhone,"iPhone14,4",26.3,supports-maps-waypoint-route-sharing,
iPhone,"iPhone14,4",26.3,supports-cross-platform-sharing,
iPhone,"iPhone14,4",26.3,supports-self-one-to-one-invites,
iPhone,"iPhone14,4",26.3,supports-people-request-messages-v2,
iPhone,"iPhone14,4",26.3,supports-askto,
iPhone,"iPhone14,4",26.3,supports-askto-v2,
iPhone,"iPhone14,4",26.3,supports-askto-responseUI,
iPhone,"iPhone14,4",26.3,supports-significant-app-update,
iPhone,"iPhone14,4",26.3,supports-hybrid-groups-v1,
iPhone,"iPhone14,4",26.3,supports-findmy-plugin-messages,
iPhone,"iPhone14,4",26.3,supports-sos-alerting,True
iPhone,"iPhone14,4",26.3,supports-people-request-messages-v3,
iPhone,"iPhone14,4",26.3,supports-recurring-payment-bubbles,
iPhone,"iPhone14,4",26.3,supports-gft-relay,
iPhone,"iPhone14,4",26.3,supports-group-photo-refresh-version,
iPhone,"iPhone14,4",26.3,supports-ssrc,
iPhone,"iPhone14,4",26.3,supports-emoji-tapbacks,
iPhone,"iPhone14,4",26.3,supports-send-later-messages,
iPhone,"iPhone14,4",26.3,supports-restricted-guest,
iPhone,"iPhone14,4",26.3,supports-adaptive-temperature-automations,
iPhone,"iPhone14,4",26.3,supports-emoji-images,
iPhone,"iPhone14,4",26.3,supports-stick-moji-backs,
iPhone,"iPhone14,4",26.3,supports-high-quality-photo-file-sizes,
iPhone,"iPhone14,4",26.3,supports-stewie,True
iPhone,"iPhone14,4",26.3,sender-key-message-version,
iPhone,"iPhone14,4",26.3,supports-remote-atv-signin,
iPhone,"iPhone14,4",26.3,supports-sender-key-v1,
iPhone,"iPhone14,4",26.3,supports-uriless-membership-updates,
iPhone,"iPhone14,4",26.3,supports-sender-key-self-check,
iPhone,"iPhone14,4",26.3,supports-recovery-contact-upsell,
iPhone,"iPhone14,4",26.3,supports-user-driven-call-activation,
iPhone,"iPhone14,4",26.3,supports-legacy-contact-invites-v1,
iPhone,"iPhone14,4",26.3,supports-legacy-contact-invites-v2,
iPhone,"iPhone14,4",26.3,supports-legacy-contact-invites-v3,
iPhone,"iPhone14,4",26.3,supports-calls-25,
iPhone,"iPhone14,4",26.3,supports-introductions-v1,
iPhone,"iPhone14,4",26.3,supports-rbm-chatbot,
Mac,UniversalMac,14.4,show-peer-errors,
Mac,UniversalMac,14.4,is-c2k-equipment,False
Mac,UniversalMac,14.4,supports-inline-attachments,
Mac,UniversalMac,14.4,supports-keep-receipts,
Mac,UniversalMac,14.4,supports-location-sharing,
Mac,UniversalMac,14.4,supports-media-v2,
Mac,UniversalMac,14.4,supports-st-v1,
Mac,UniversalMac,14.4,supports-ca-v1,
Mac,UniversalMac,14.4,supports-be-v1,
Mac,UniversalMac,14.4,supports-ack-v1,
Mac,UniversalMac,14.4,supports-fsm-v1,
Mac,UniversalMac,14.4,supports-fsm-v2,
Mac,UniversalMac,14.4,supports-fsm-v3,
Mac,UniversalMac,14.4,supports-ii-v1,
Mac,UniversalMac,14.4,supports-impact-v1,
Mac,UniversalMac,14.4,supports-update-attachments-v1,
Mac,UniversalMac,14.4,supports-autoloopvideo-v1,
Mac,UniversalMac,14.4,supports-photos-extension-v1,
Mac,UniversalMac,14.4,supports-photos-extension-v2,
Mac,UniversalMac,14.4,supports-screen-time-v2,
Mac,UniversalMac,14.4,supports-live-delivery,
Mac,UniversalMac,14.4,supports-audio-messaging-v2,
Mac,UniversalMac,14.4,supports-animoji-v2,True
Mac,UniversalMac,14.4,supports-certified-delivery-v1,
Mac,UniversalMac,14.4,supports-original-timestamp-v1,
Mac,UniversalMac,14.4,supports-incoming-fmd-v1,
Mac,UniversalMac,14.4,optionally-receive-typing-indicators,
Mac,UniversalMac,14.4,nicknames-version,
Mac,UniversalMac,14.4,kt-version,5.0
Mac,UniversalMac,14.4,device-key-signature,
Mac,UniversalMac,14.4,ec-version,1.0
Mac,UniversalMac,14.4,supports-protobuf-payload-data-v2,
Mac,UniversalMac,14.4,supports-heif,True
Mac,UniversalMac,14.4,supports-hdr,True
Mac,UniversalMac,14.4,prefers-sdr,
Mac,UniversalMac,14.4,supports-modern-gft,
Mac,UniversalMac,14.4,supports-co,
Mac,UniversalMac,14.4,is-green-tea,
Mac,UniversalMac,14.4,supports-sa-v1,
Mac,UniversalMac,14.4,supports-dq-nr,
Mac,UniversalMac,14.4,supports-rem,
Mac,UniversalMac,14.4,supports-shared-exp,
Mac,UniversalMac,14.4,supports-st-er,
Mac,UniversalMac,14.4,supports-family-invite-message-bubble,
Mac,UniversalMac,14.4,supports-maps-protocol-v5,
Mac,UniversalMac,14.4,supports-hi-res-vid,
Mac,UniversalMac,14.4,supports-mirage,
Mac,UniversalMac,14.4,supports-emoji-stickers,
Mac,UniversalMac,14.4,supports-sticker-editing,
Mac,UniversalMac,14.4,supports-key-sharing,
Mac,UniversalMac,14.4,supports-harmony,False
Mac,UniversalMac,14.4,supports-fmd-v2,
Mac,UniversalMac,14.4,supports-fm-fence-v1,
Mac,UniversalMac,14.4,supports-secure-loc-v1,
Mac,UniversalMac,14.4,supports-zelkova,True
Mac,UniversalMac,14.4,supports-people-ranging-v1,
Mac,UniversalMac,14.4,supports-beacon-sharing-v3,
Mac,UniversalMac,14.4,supports-uwb,False
Mac,UniversalMac,14.4,supports-gft-errors,
Mac,UniversalMac,14.4,supports-gft-calls,
Mac,UniversalMac,14.4,supports-hk-resident,
Mac,UniversalMac,14.4,supports-maps-routing-path-leg,
Mac,UniversalMac,14.4,supports-beacon-sharing-v2,
Mac,UniversalMac,14.4,is-web-client,
Mac,UniversalMac,14.4,supports-beneficiary-invites,
Mac,UniversalMac,14.4,supports-people-request-messages,
Mac,UniversalMac,14.4,supports-avless,
Mac,UniversalMac,14.4,supports-maps-waypoint-route-sharing,
Mac,UniversalMac,14.4,supports-cross-platform-sharing,
Mac,UniversalMac,14.4,supports-self-one-to-one-invites,
Mac,UniversalMac,14.4,supports-people-request-messages-v2,
Mac,UniversalMac,14.4,supports-askto,
Mac,UniversalMac,14.4,supports-hybrid-groups-v1,
Mac,UniversalMac,14.4,supports-findmy-plugin-messages,
Mac,UniversalMac,14.4,supports-sos-alerting,
Mac,UniversalMac,14.4,supports-people-request-messages-v3,
Mac,UniversalMac,14.4,supports-recurring-payment-bubbles,
Mac,UniversalMac,14.4,supports-gft-relay,
Mac,UniversalMac,14.4,supports-group-photo-refresh-version,
iPhone,"iPhone17,2",26.3,show-peer-errors,
iPhone,"iPhone17,2",26.3,is-c2k-equipment,
iPhone,"iPhone17,2",26.3,supports-inline-attachments,
iPhone,"iPhone17,2",26.3,supports-keep-receipts,
iPhone,"iPhone17,2",26.3,supports-location-sharing,
iPhone,"iPhone17,2",26.3,supports-media-v2,
iPhone,"iPhone17,2",26.3,supports-st-v1,
iPhone,"iPhone17,2",26.3,supports-ca-v1,
iPhone,"iPhone17,2",26.3,supports-be-v1,
iPhone,"iPhone17,2",26.3,supports-ack-v1,
iPhone,"iPhone17,2",26.3,supports-fsm-v1,
iPhone,"iPhone17,2",26.3,supports-fsm-v2,
iPhone,"iPhone17,2",26.3,supports-fsm-v3,
iPhone,"iPhone17,2",26.3,supports-ii-v1,
iPhone,"iPhone17,2",26.3,supports-impact-v1,
iPhone,"iPhone17,2",26.3,supports-update-attachments-v1,
iPhone,"iPhone17,2",26.3,supports-autoloopvideo-v1,
iPhone,"iPhone17,2",26.3,supports-photos-extension-v1,
iPhone,"iPhone17,2",26.3,supports-photos-extension-v2,
iPhone,"iPhone17,2",26.3,supports-screen-time-v2,
iPhone,"iPhone17,2",26.3,supports-live-delivery,
iPhone,"iPhone17,2",26.3,supports-audio-messaging-v2,
iPhone,"iPhone17,2",26.3,supports-animoji-v2,
iPhone,"iPhone17,2",26.3,supports-certified-delivery-v1,
iPhone,"iPhone17,2",26.3,supports-original-timestamp-v1,
iPhone,"iPhone17,2",26.3,supports-incoming-fmd-v1,
iPhone,"iPhone17,2",26.3,optionally-receive-typing-indicators,
iPhone,"iPhone17,2",26.3,nicknames-version,
iPhone,"iPhone17,2",26.3,kt-version,5.0
iPhone,"iPhone17,2",26.3,device-key-signature,
iPhone,"iPhone17,2",26.3,ec-version,1.0
iPhone,"iPhone17,2",26.3,supports-protobuf-payload-data-v2,
iPhone,"iPhone17,2",26.3,supports-heif,True
iPhone,"iPhone17,2",26.3,supports-hdr,
iPhone,"iPhone17,2",26.3,prefers-sdr,
iPhone,"iPhone17,2",26.3,supports-qta,
iPhone,"iPhone17,2",26.3,supports-modern-gft,
iPhone,"iPhone17,2",26.3,supports-co,
iPhone,"iPhone17,2",26.3,is-green-tea,
iPhone,"iPhone17,2",26.3,supports-sa-v1,
iPhone,"iPhone17,2",26.3,supports-dq-nr,
iPhone,"iPhone17,2",26.3,supports-rem,
iPhone,"iPhone17,2",26.3,supports-shared-exp,
iPhone,"iPhone17,2",26.3,supports-st-er,
iPhone,"iPhone17,2",26.3,supports-family-invite-message-bubble,
iPhone,"iPhone17,2",26.3,supports-maps-protocol-v5,
iPhone,"iPhone17,2",26.3,supports-hi-res-vid,
iPhone,"iPhone17,2",26.3,supports-live-translation,
iPhone,"iPhone17,2",26.3,supports-mirage,
iPhone,"iPhone17,2",26.3,supports-nearby-facetime,
iPhone,"iPhone17,2",26.3,supports-emoji-stickers,
iPhone,"iPhone17,2",26.3,supports-sticker-editing,
iPhone,"iPhone17,2",26.3,supports-transcript-backgrounds,
iPhone,"iPhone17,2",26.3,supports-polls,
iPhone,"iPhone17,2",26.3,supports-lqm-hq,
iPhone,"iPhone17,2",26.3,supports-group-apple-cash,
iPhone,"iPhone17,2",26.3,supports-ckv-enforcement,
iPhone,"iPhone17,2",26.3,supports-gti,
iPhone,"iPhone17,2",26.3,supports-aot,
iPhone,"iPhone17,2",26.3,supports-key-sharing,
iPhone,"iPhone17,2",26.3,supports-harmony,
iPhone,"iPhone17,2",26.3,supports-activity-sharing-v1,True
iPhone,"iPhone17,2",26.3,supports-manatee-for-apple-cash,
iPhone,"iPhone17,2",26.3,supports-region-for-apple-cash,
iPhone,"iPhone17,2",26.3,supports-fmd-v2,True
iPhone,"iPhone17,2",26.3,supports-fm-fence-v1,True
iPhone,"iPhone17,2",26.3,supports-secure-loc-v1,
iPhone,"iPhone17,2",26.3,supports-zelkova,True
iPhone,"iPhone17,2",26.3,supports-people-ranging-v1,
iPhone,"iPhone17,2",26.3,supports-beacon-sharing-v3,
iPhone,"iPhone17,2",26.3,supports-manatee-activity-sharing,
iPhone,"iPhone17,2",26.3,supports-queue-one-read-receipts-v3,
iPhone,"iPhone17,2",26.3,supports-uwb,True
iPhone,"iPhone17,2",26.3,supports-gft-errors,
iPhone,"iPhone17,2",26.3,supports-gft-calls,
iPhone,"iPhone17,2",26.3,supports-hk-resident,
iPhone,"iPhone17,2",26.3,supports-maps-routing-path-leg,
iPhone,"iPhone17,2",26.3,supports-maps-wgs84-elevation-model,
iPhone,"iPhone17,2",26.3,supports-beacon-sharing-v2,
iPhone,"iPhone17,2",26.3,is-web-client,
iPhone,"iPhone17,2",26.3,supports-beneficiary-invites,
iPhone,"iPhone17,2",26.3,supports-people-request-messages,
iPhone,"iPhone17,2",26.3,supports-avless,
iPhone,"iPhone17,2",26.3,supports-maps-waypoint-route-sharing,
iPhone,"iPhone17,2",26.3,supports-cross-platform-sharing,
iPhone,"iPhone17,2",26.3,supports-self-one-to-one-invites,
iPhone,"iPhone17,2",26.3,supports-people-request-messages-v2,
iPhone,"iPhone17,2",26.3,supports-askto,
iPhone,"iPhone17,2",26.3,supports-askto-v2,
iPhone,"iPhone17,2",26.3,supports-askto-responseUI,
iPhone,"iPhone17,2",26.3,supports-significant-app-update,
iPhone,"iPhone17,2",26.3,supports-hybrid-groups-v1,
iPhone,"iPhone17,2",26.3,supports-findmy-plugin-messages,
iPhone,"iPhone17,2",26.3,supports-sos-alerting,True
iPhone,"iPhone17,2",26.3,supports-people-request-messages-v3,
iPhone,"iPhone17,2",26.3,supports-recurring-payment-bubbles,
iPhone,"iPhone17,2",26.3,supports-gft-relay,
iPhone,"iPhone17,2",26.3,supports-group-photo-refresh-version,
iPhone,"iPhone17,2",26.3,supports-ssrc,
iPhone,"iPhone17,2",26.3,supports-emoji-tapbacks,
iPhone,"iPhone17,2",26.3,supports-send-later-messages,
iPhone,"iPhone17,2",26.3,supports-restricted-guest,
iPhone,"iPhone17,2",26.3,supports-adaptive-temperature-automations,
iPhone,"iPhone17,2",26.3,supports-emoji-images,
iPhone,"iPhone17,2",26.3,supports-stick-moji-backs,
iPhone,"iPhone17,2",26.3,supports-high-quality-photo-file-sizes,
iPhone,"iPhone17,2",26.3,supports-stewie,True
iPhone,"iPhone17,2",26.3,sender-key-message-version,
iPhone,"iPhone17,2",26.3,supports-remote-atv-signin,
iPhone,"iPhone17,2",26.3,supports-sender-key-v1,
iPhone,"iPhone17,2",26.3,supports-uriless-membership-updates,
iPhone,"iPhone17,2",26.3,supports-sender-key-self-check,
iPhone,"iPhone17,2",26.3,supports-recovery-contact-upsell,
iPhone,"iPhone17,2",26.3,supports-user-driven-call-activation,
iPhone,"iPhone17,2",26.3,supports-legacy-contact-invites-v1,
iPhone,"iPhone17,2",26.3,supports-legacy-contact-invites-v2,
iPhone,"iPhone17,2",26.3,supports-legacy-contact-invites-v3,
iPhone,"iPhone17,2",26.3,supports-calls-25,
iPhone,"iPhone17,2",26.3,supports-introductions-v1,
iPhone,"iPhone17,2",26.3,supports-rbm-chatbot,
iPhone,"iPhone14,4",18.1,show-peer-errors,
iPhone,"iPhone14,4",18.1,is-c2k-equipment,
iPhone,"iPhone14,4",18.1,supports-inline-attachments,
iPhone,"iPhone14,4",18.1,supports-keep-receipts,
iPhone,"iPhone14,4",18.1,supports-location-sharing,
iPhone,"iPhone14,4",18.1,supports-media-v2,
iPhone,"iPhone14,4",18.1,supports-st-v1,
iPhone,"iPhone14,4",18.1,supports-ca-v1,
iPhone,"iPhone14,4",18.1,supports-be-v1,
iPhone,"iPhone14,4",18.1,supports-ack-v1,
iPhone,"iPhone14,4",18.1,supports-fsm-v1,
iPhone,"iPhone14,4",18.1,supports-fsm-v2,
iPhone,"iPhone14,4",18.1,supports-fsm-v3,
iPhone,"iPhone14,4",18.1,supports-ii-v1,
iPhone,"iPhone14,4",18.1,supports-impact-v1,
iPhone,"iPhone14,4",18.1,supports-update-attachments-v1,
iPhone,"iPhone14,4",18.1,supports-autoloopvideo-v1,
iPhone,"iPhone14,4",18.1,supports-photos-extension-v1,
iPhone,"iPhone14,4",18.1,supports-photos-extension-v2,
iPhone,"iPhone14,4",18.1,supports-screen-time-v2,
iPhone,"iPhone14,4",18.1,supports-live-delivery,
iPhone,"iPhone14,4",18.1,supports-audio-messaging-v2,
iPhone,"iPhone14,4",18.1,supports-animoji-v2,
iPhone,"iPhone14,4",18.1,supports-certified-delivery-v1,
iPhone,"iPhone14,4",18.1,supports-original-timestamp-v1,
iPhone,"iPhone14,4",18.1,supports-incoming-fmd-v1,
iPhone,"iPhone14,4",18.1,optionally-receive-typing-indicators,
iPhone,"iPhone14,4",18.1,nicknames-version,
iPhone,"iPhone14,4",18.1,kt-version,5.0
iPhone,"iPhone14,4",18.1,device-key-signature,
iPhone,"iPhone14,4",18.1,ec-version,1.0
iPhone,"iPhone14,4",18.1,supports-protobuf-payload-data-v2,
iPhone,"iPhone14,4",18.1,supports-heif,True
iPhone,"iPhone14,4",18.1,supports-hdr,
iPhone,"iPhone14,4",18.1,prefers-sdr,
iPhone,"iPhone14,4",18.1,supports-modern-gft,
iPhone,"iPhone14,4",18.1,supports-co,
iPhone,"iPhone14,4",18.1,is-green-tea,
iPhone,"iPhone14,4",18.1,supports-sa-v1,
iPhone,"iPhone14,4",18.1,supports-dq-nr,
iPhone,"iPhone14,4",18.1,supports-rem,
iPhone,"iPhone14,4",18.1,supports-shared-exp,
iPhone,"iPhone14,4",18.1,supports-st-er,
iPhone,"iPhone14,4",18.1,supports-family-invite-message-bubble,
iPhone,"iPhone14,4",18.1,supports-maps-protocol-v5,
iPhone,"iPhone14,4",18.1,supports-hi-res-vid,
iPhone,"iPhone14,4",18.1,supports-mirage,
iPhone,"iPhone14,4",18.1,supports-emoji-stickers,
iPhone,"iPhone14,4",18.1,supports-sticker-editing,
iPhone,"iPhone14,4",18.1,supports-key-sharing,
iPhone,"iPhone14,4",18.1,supports-harmony,
iPhone,"iPhone14,4",18.1,supports-activity-sharing-v1,True
iPhone,"iPhone14,4",18.1,supports-manatee-for-apple-cash,
iPhone,"iPhone14,4",18.1,supports-region-for-apple-cash,
iPhone,"iPhone14,4",18.1,supports-fmd-v2,
iPhone,"iPhone14,4",18.1,supports-fm-fence-v1,True
iPhone,"iPhone14,4",18.1,supports-secure-loc-v1,
iPhone,"iPhone14,4",18.1,supports-zelkova,True
iPhone,"iPhone14,4",18.1,supports-people-ranging-v1,
iPhone,"iPhone14,4",18.1,supports-beacon-sharing-v3,
iPhone,"iPhone14,4",18.1,supports-manatee-activity-sharing,
iPhone,"iPhone14,4",18.1,supports-uwb,True
iPhone,"iPhone14,4",18.1,supports-gft-errors,
iPhone,"iPhone14,4",18.1,supports-gft-calls,
iPhone,"iPhone14,4",18.1,supports-hk-resident,
iPhone,"iPhone14,4",18.1,supports-maps-routing-path-leg,
iPhone,"iPhone14,4",18.1,supports-beacon-sharing-v2,
iPhone,"iPhone14,4",18.1,is-web-client,
iPhone,"iPhone14,4",18.1,supports-beneficiary-invites,
iPhone,"iPhone14,4",18.1,supports-people-request-messages,
iPhone,"iPhone14,4",18.1,supports-avless,
iPhone,"iPhone14,4",18.1,supports-maps-waypoint-route-sharing,
iPhone,"iPhone14,4",18.1,supports-cross-platform-sharing,
iPhone,"iPhone14,4",18.1,supports-self-one-to-one-invites,
iPhone,"iPhone14,4",18.1,supports-people-request-messages-v2,
iPhone,"iPhone14,4",18.1,supports-askto,
iPhone,"iPhone14,4",18.1,supports-hybrid-groups-v1,
iPhone,"iPhone14,4",18.1,supports-findmy-plugin-messages,
iPhone,"iPhone14,4",18.1,supports-sos-alerting,True
iPhone,"iPhone14,4",18.1,supports-people-request-messages-v3,
iPhone,"iPhone14,4",18.1,supports-recurring-payment-bubbles,
iPhone,"iPhone14,4",18.1,supports-gft-relay,
iPhone,"iPhone14,4",18.1,supports-group-photo-refresh-version,
iPhone,"iPhone14,4",18.1,supports-ssrc,
iPhone,"iPhone14,4",18.1,supports-emoji-tapbacks,
iPhone,"iPhone14,4",18.1,supports-send-later-messages,
iPhone,"iPhone14,4",18.1,supports-restricted-guest,
iPhone,"iPhone14,4",18.1,supports-emoji-images,
iPhone,"iPhone14,4",18.1,supports-stick-moji-backs,
iPhone,"iPhone14,4",18.1,supports-high-quality-photo-file-sizes,
iPhone,"iPhone14,4",18.1,supports-stewie,True
iPhone,"iPhone14,4",18.1,sender-key-message-version,
iPhone,"iPhone14,4",18.1,supports-remote-atv-signin,
iPhone,"iPhone14,4",18.1,supports-sender-key-v1,
iPhone,"iPhone14,4",26.0,show-peer-errors,
iPhone,"iPhone14,4",26.0,is-c2k-equipment,
iPhone,"iPhone14,4",26.0,supports-inline-attachments,
iPhone,"iPhone14,4",26.0,supports-keep-receipts,
iPhone,"iPhone14,4",26.0,supports-location-sharing,
iPhone,"iPhone14,4",26.0,supports-media-v2,
iPhone,"iPhone14,4",26.0,supports-st-v1,
iPhone,"iPhone14,4",26.0,supports-ca-v1,
iPhone,"iPhone14,4",26.0,supports-be-v1,
iPhone,"iPhone14,4",26.0,supports-ack-v1,
iPhone,"iPhone14,4",26.0,supports-fsm-v1,
iPhone,"iPhone14,4",26.0,supports-fsm-v2,
iPhone,"iPhone14,4",26.0,supports-fsm-v3,
iPhone,"iPhone14,4",26.0,supports-ii-v1,
iPhone,"iPhone14,4",26.0,supports-impact-v1,
iPhone,"iPhone14,4",26.0,supports-update-attachments-v1,
iPhone,"iPhone14,4",26.0,supports-autoloopvideo-v1,
iPhone,"iPhone14,4",26.0,supports-photos-extension-v1,
iPhone,"iPhone14,4",26.0,supports-photos-extension-v2,
iPhone,"iPhone14,4",26.0,supports-screen-time-v2,
iPhone,"iPhone14,4",26.0,supports-live-delivery,
iPhone,"iPhone14,4",26.0,supports-audio-messaging-v2,
iPhone,"iPhone14,4",26.0,supports-animoji-v2,
iPhone,"iPhone14,4",26.0,supports-certified-delivery-v1,
iPhone,"iPhone14,4",26.0,supports-original-timestamp-v1,
iPhone,"iPhone14,4",26.0,supports-incoming-fmd-v1,
iPhone,"iPhone14,4",26.0,optionally-receive-typing-indicators,
iPhone,"iPhone14,4",26.0,nicknames-version,
iPhone,"iPhone14,4",26.0,kt-version,5.0
iPhone,"iPhone14,4",26.0,device-key-signature,
iPhone,"iPhone14,4",26.0,ec-version,1.0
iPhone,"iPhone14,4",26.0,supports-protobuf-payload-data-v2,
iPhone,"iPhone14,4",26.0,supports-heif,True
iPhone,"iPhone14,4",26.0,supports-hdr,
iPhone,"iPhone14,4",26.0,prefers-sdr,
iPhone,"iPhone14,4",26.0,supports-qta,
iPhone,"iPhone14,4",26.0,supports-modern-gft,
iPhone,"iPhone14,4",26.0,supports-co,
iPhone,"iPhone14,4",26.0,is-green-tea,
iPhone,"iPhone14,4",26.0,supports-sa-v1,
iPhone,"iPhone14,4",26.0,supports-dq-nr,
iPhone,"iPhone14,4",26.0,supports-rem,
iPhone,"iPhone14,4",26.0,supports-shared-exp,
iPhone,"iPhone14,4",26.0,supports-st-er,
iPhone,"iPhone14,4",26.0,supports-family-invite-message-bubble,
iPhone,"iPhone14,4",26.0,supports-maps-protocol-v5,
iPhone,"iPhone14,4",26.0,supports-hi-res-vid,
iPhone,"iPhone14,4",26.0,supports-live-translation,
iPhone,"iPhone14,4",26.0,supports-mirage,
iPhone,"iPhone14,4",26.0,supports-nearby-facetime,
iPhone,"iPhone14,4",26.0,supports-emoji-stickers,
iPhone,"iPhone14,4",26.0,supports-sticker-editing,
iPhone,"iPhone14,4",26.0,supports-transcript-backgrounds,
iPhone,"iPhone14,4",26.0,supports-polls,
iPhone,"iPhone14,4",26.0,supports-lqm-hq,
iPhone,"iPhone14,4",26.0,supports-group-apple-cash,
iPhone,"iPhone14,4",26.0,supports-ckv-enforcement,
iPhone,"iPhone14,4",26.0,supports-gti,
iPhone,"iPhone14,4",26.0,supports-aot,
iPhone,"iPhone14,4",26.0,supports-key-sharing,
iPhone,"iPhone14,4",26.0,supports-harmony,
iPhone,"iPhone14,4",26.0,supports-activity-sharing-v1,True
iPhone,"iPhone14,4",26.0,supports-manatee-for-apple-cash,
iPhone,"iPhone14,4",26.0,supports-region-for-apple-cash,
iPhone,"iPhone14,4",26.0,supports-fmd-v2,True
iPhone,"iPhone14,4",26.0,supports-fm-fence-v1,True
iPhone,"iPhone14,4",26.0,supports-secure-loc-v1,
iPhone,"iPhone14,4",26.0,supports-zelkova,True
iPhone,"iPhone14,4",26.0,supports-people-ranging-v1,
iPhone,"iPhone14,4",26.0,supports-beacon-sharing-v3,
iPhone,"iPhone14,4",26.0,supports-manatee-activity-sharing,
iPhone,"iPhone14,4",26.0,supports-queue-one-read-receipts,
iPhone,"iPhone14,4",26.0,supports-uwb,True
iPhone,"iPhone14,4",26.0,supports-gft-errors,
iPhone,"iPhone14,4",26.0,supports-gft-calls,
iPhone,"iPhone14,4",26.0,supports-hk-resident,
iPhone,"iPhone14,4",26.0,supports-maps-routing-path-leg,
iPhone,"iPhone14,4",26.0,supports-maps-wgs84-elevation-model,
iPhone,"iPhone14,4",26.0,supports-beacon-sharing-v2,
iPhone,"iPhone14,4",26.0,is-web-client,
iPhone,"iPhone14,4",26.0,supports-beneficiary-invites,
iPhone,"iPhone14,4",26.0,supports-people-request-messages,
iPhone,"iPhone14,4",26.0,supports-avless,
iPhone,"iPhone14,4",26.0,supports-maps-waypoint-route-sharing,
iPhone,"iPhone14,4",26.0,supports-cross-platform-sharing,
iPhone,"iPhone14,4",26.0,supports-self-one-to-one-invites,
iPhone,"iPhone14,4",26.0,supports-people-request-messages-v2,
iPhone,"iPhone14,4",26.0,supports-askto,
iPhone,"iPhone14,4",26.0,supports-askto-v2,
iPhone,"iPhone14,4",26.0,supports-hybrid-groups-v1,
iPhone,"iPhone14,4",26.0,supports-findmy-plugin-messages,
iPhone,"iPhone14,4",26.0,supports-sos-alerting,True
iPhone,"iPhone14,4",26.0,supports-people-request-messages-v3,
iPhone,"iPhone14,4",26.0,supports-recurring-payment-bubbles,
iPhone,"iPhone14,4",26.0,supports-gft-relay,
iPhone,"iPhone14,4",26.0,supports-group-photo-refresh-version,
iPhone,"iPhone14,4",26.0,supports-ssrc,
iPhone,"iPhone14,4",26.0,supports-emoji-tapbacks,
iPhone,"iPhone14,4",26.0,supports-send-later-messages,
iPhone,"iPhone14,4",26.0,supports-restricted-guest,
iPhone,"iPhone14,4",26.0,supports-adaptive-temperature-automations,
iPhone,"iPhone14,4",26.0,supports-emoji-images,
iPhone,"iPhone14,4",26.0,supports-stick-moji-backs,
iPhone,"iPhone14,4",26.0,supports-high-quality-photo-file-sizes,
iPhone,"iPhone14,4",26.0,supports-stewie,True
iPhone,"iPhone14,4",26.0,sender-key-message-version,
iPhone,"iPhone14,4",26.0,supports-remote-atv-signin,
iPhone,"iPhone14,4",26.0,supports-sender-key-v1,
iPhone,"iPhone14,4",26.0,supports-uriless-membership-updates,
iPhone,"iPhone14,4",26.0,supports-sender-key-self-check,
iPhone,"iPhone14,4",26.0,supports-recovery-contact-upsell,
iPhone,"iPhone14,4",26.0,supports-user-driven-call-activation,
iPhone,"iPhone14,4",26.0,supports-legacy-contact-invites-v1,
iPhone,"iPhone14,4",26.0,supports-legacy-contact-invites-v2,
iPhone,"iPhone14,4",26.0,supports-legacy-contact-invites-v3,
iPhone,"iPhone14,4",26.0,supports-calls-25,
iPhone,"iPhone14,4",26.0,supports-introductions-v1,
iPhone,"iPhone14,4",26.0,supports-rbm-chatbot,
iPad,iPad_Spring_2022,26.3,show-peer-errors,
iPad,iPad_Spring_2022,26.3,is-c2k-equipment,
iPad,iPad_Spring_2022,26.3,supports-inline-attachments,
iPad,iPad_Spring_2022,26.3,supports-keep-receipts,
iPad,iPad_Spring_2022,26.3,supports-location-sharing,
iPad,iPad_Spring_2022,26.3,supports-media-v2,
iPad,iPad_Spring_2022,26.3,supports-st-v1,
iPad,iPad_Spring_2022,26.3,supports-ca-v1,
iPad,iPad_Spring_2022,26.3,supports-be-v1,
iPad,iPad_Spring_2022,26.3,supports-ack-v1,
iPad,iPad_Spring_2022,26.3,supports-fsm-v1,
iPad,iPad_Spring_2022,26.3,supports-fsm-v2,
iPad,iPad_Spring_2022,26.3,supports-fsm-v3,
iPad,iPad_Spring_2022,26.3,supports-ii-v1,
iPad,iPad_Spring_2022,26.3,supports-impact-v1,
iPad,iPad_Spring_2022,26.3,supports-update-attachments-v1,
iPad,iPad_Spring_2022,26.3,supports-autoloopvideo-v1,
iPad,iPad_Spring_2022,26.3,supports-photos-extension-v1,
iPad,iPad_Spring_2022,26.3,supports-photos-extension-v2,
iPad,iPad_Spring_2022,26.3,supports-screen-time-v2,
iPad,iPad_Spring_2022,26.3,supports-live-delivery,
iPad,iPad_Spring_2022,26.3,supports-audio-messaging-v2,
iPad,iPad_Spring_2022,26.3,supports-animoji-v2,
iPad,iPad_Spring_2022,26.3,supports-certified-delivery-v1,
iPad,iPad_Spring_2022,26.3,supports-original-timestamp-v1,
iPad,iPad_Spring_2022,26.3,supports-incoming-fmd-v1,
iPad,iPad_Spring_2022,26.3,optionally-receive-typing-indicators,
iPad,iPad_Spring_2022,26.3,nicknames-version,
iPad,iPad_Spring_2022,26.3,kt-version,5.0
iPad,iPad_Spring_2022,26.3,device-key-signature,
iPad,iPad_Spring_2022,26.3,ec-version,1.0
iPad,iPad_Spring_2022,26.3,supports-protobuf-payload-data-v2,
iPad,iPad_Spring_2022,26.3,supports-heif,True
iPad,iPad_Spring_2022,26.3,supports-hdr,
iPad,iPad_Spring_2022,26.3,prefers-sdr,
iPad,iPad_Spring_2022,26.3,supports-qta,
iPad,iPad_Spring_2022,26.3,supports-modern-gft,
iPad,iPad_Spring_2022,26.3,supports-co,
iPad,iPad_Spring_2022,26.3,is-green-tea,
iPad,iPad_Spring_2022,26.3,supports-sa-v1,
iPad,iPad_Spring_2022,26.3,supports-dq-nr,
iPad,iPad_Spring_2022,26.3,supports-rem,
iPad,iPad_Spring_2022,26.3,supports-shared-exp,
iPad,iPad_Spring_2022,26.3,supports-st-er,
iPad,iPad_Spring_2022,26.3,supports-family-invite-message-bubble,
iPad,iPad_Spring_2022,26.3,supports-maps-protocol-v5,
iPad,iPad_Spring_2022,26.3,supports-hi-res-vid,
iPad,iPad_Spring_2022,26.3,supports-live-translation,
iPad,iPad_Spring_2022,26.3,supports-mirage,
iPad,iPad_Spring_2022,26.3,supports-nearby-facetime,
iPad,iPad_Spring_2022,26.3,supports-emoji-stickers,
iPad,iPad_Spring_2022,26.3,supports-sticker-editing,
iPad,iPad_Spring_2022,26.3,supports-transcript-backgrounds,
iPad,iPad_Spring_2022,26.3,supports-polls,
iPad,iPad_Spring_2022,26.3,supports-lqm-hq,
iPad,iPad_Spring_2022,26.3,supports-group-apple-cash,
iPad,iPad_Spring_2022,26.3,supports-ckv-enforcement,
iPad,iPad_Spring_2022,26.3,supports-gti,
iPad,iPad_Spring_2022,26.3,supports-aot,
iPad,iPad_Spring_2022,26.3,supports-key-sharing,
iPad,iPad_Spring_2022,26.3,supports-harmony,
iPad,iPad_Spring_2022,26.3,supports-activity-sharing-v1,
iPad,iPad_Spring_2022,26.3,supports-manatee-for-apple-cash,
iPad,iPad_Spring_2022,26.3,supports-region-for-apple-cash,
iPad,iPad_Spring_2022,26.3,supports-fmd-v2,True
iPad,iPad_Spring_2022,26.3,supports-fm-fence-v1,True
iPad,iPad_Spring_2022,26.3,supports-secure-loc-v1,
iPad,iPad_Spring_2022,26.3,supports-zelkova,True
iPad,iPad_Spring_2022,26.3,supports-people-ranging-v1,
iPad,iPad_Spring_2022,26.3,supports-beacon-sharing-v3,
iPad,iPad_Spring_2022,26.3,supports-manatee-activity-sharing,
iPad,iPad_Spring_2022,26.3,supports-queue-one-read-receipts-v3,
iPad,iPad_Spring_2022,26.3,supports-uwb,False
iPad,iPad_Spring_2022,26.3,supports-gft-errors,
iPad,iPad_Spring_2022,26.3,supports-gft-calls,
iPad,iPad_Spring_2022,26.3,supports-hk-resident,
iPad,iPad_Spring_2022,26.3,supports-maps-routing-path-leg,
iPad,iPad_Spring_2022,26.3,supports-maps-wgs84-elevation-model,
iPad,iPad_Spring_2022,26.3,supports-beacon-sharing-v2,
iPad,iPad_Spring_2022,26.3,is-web-client,
iPad,iPad_Spring_2022,26.3,supports-beneficiary-invites,
iPad,iPad_Spring_2022,26.3,supports-people-request-messages,
iPad,iPad_Spring_2022,26.3,supports-avless,
iPad,iPad_Spring_2022,26.3,supports-maps-waypoint-route-sharing,
iPad,iPad_Spring_2022,26.3,supports-cross-platform-sharing,
iPad,iPad_Spring_2022,26.3,supports-self-one-to-one-invites,
iPad,iPad_Spring_2022,26.3,supports-people-request-messages-v2,
iPad,iPad_Spring_2022,26.3,supports-askto,
iPad,iPad_Spring_2022,26.3,supports-askto-v2,
iPad,iPad_Spring_2022,26.3,supports-askto-responseUI,
iPad,iPad_Spring_2022,26.3,supports-significant-app-update,
iPad,iPad_Spring_2022,26.3,supports-hybrid-groups-v1,
iPad,iPad_Spring_2022,26.3,supports-findmy-plugin-messages,
iPad,iPad_Spring_2022,26.3,supports-sos-alerting,
iPad,iPad_Spring_2022,26.3,supports-people-request-messages-v3,
iPad,iPad_Spring_2022,26.3,supports-recurring-payment-bubbles,
iPad,iPad_Spring_2022,26.3,supports-gft-relay,
iPad,iPad_Spring_2022,26.3,supports-group-photo-refresh-version,
iPad,iPad_Spring_2022,26.3,supports-ssrc,
iPad,iPad_Spring_2022,26.3,supports-emoji-tapbacks,
iPad,iPad_Spring_2022,26.3,supports-send-later-messages,
iPad,iPad_Spring_2022,26.3,supports-restricted-guest,
iPad,iPad_Spring_2022,26.3,supports-adaptive-temperature-automations,
iPad,iPad_Spring_2022,26.3,supports-emoji-images,
iPad,iPad_Spring_2022,26.3,supports-stick-moji-backs,
iPad,iPad_Spring_2022,26.3,supports-high-quality-photo-file-sizes,
iPad,iPad_Spring_2022,26.3,supports-stewie,False
iPad,iPad_Spring_2022,26.3,sender-key-message-version,
iPad,iPad_Spring_2022,26.3,supports-remote-atv-signin,
iPad,iPad_Spring_2022,26.3,supports-sender-key-v1,
iPad,iPad_Spring_2022,26.3,supports-uriless-membership-updates,
iPad,iPad_Spring_2022,26.3,supports-sender-key-self-check,
iPad,iPad_Spring_2022,26.3,supports-recovery-contact-upsell,
iPad,iPad_Spring_2022,26.3,supports-user-driven-call-activation,
iPad,iPad_Spring_2022,26.3,supports-legacy-contact-invites-v1,
iPad,iPad_Spring_2022,26.3,supports-legacy-contact-invites-v2,
iPad,iPad_Spring_2022,26.3,supports-legacy-contact-invites-v3,
iPad,iPad_Spring_2022,26.3,supports-calls-25,
iPad,iPad_Spring_2022,26.3,supports-introductions-v1,
iPad,iPad_Spring_2022,26.3,supports-rbm-chatbot,
Mac,UniversalMac,14.3,show-peer-errors,
Mac,UniversalMac,14.3,is-c2k-equipment,False
Mac,UniversalMac,14.3,supports-inline-attachments,
Mac,UniversalMac,14.3,supports-keep-receipts,
Mac,UniversalMac,14.3,supports-location-sharing,
Mac,UniversalMac,14.3,supports-media-v2,
Mac,UniversalMac,14.3,supports-st-v1,
Mac,UniversalMac,14.3,supports-ca-v1,
Mac,UniversalMac,14.3,supports-be-v1,
Mac,UniversalMac,14.3,supports-ack-v1,
Mac,UniversalMac,14.3,supports-fsm-v1,
Mac,UniversalMac,14.3,supports-fsm-v2,
Mac,UniversalMac,14.3,supports-fsm-v3,
Mac,UniversalMac,14.3,supports-ii-v1,
Mac,UniversalMac,14.3,supports-impact-v1,
Mac,UniversalMac,14.3,supports-update-attachments-v1,
Mac,UniversalMac,14.3,supports-autoloopvideo-v1,
Mac,UniversalMac,14.3,supports-photos-extension-v1,
Mac,UniversalMac,14.3,supports-photos-extension-v2,
Mac,UniversalMac,14.3,supports-screen-time-v2,
Mac,UniversalMac,14.3,supports-live-delivery,
Mac,UniversalMac,14.3,supports-audio-messaging-v2,
Mac,UniversalMac,14.3,supports-animoji-v2,True
Mac,UniversalMac,14.3,supports-certified-delivery-v1,
Mac,UniversalMac,14.3,supports-original-timestamp-v1,
Mac,UniversalMac,14.3,supports-incoming-fmd-v1,
Mac,UniversalMac,14.3,optionally-receive-typing-indicators,
Mac,UniversalMac,14.3,nicknames-version,
Mac,UniversalMac,14.3,kt-version,5.0
Mac,UniversalMac,14.3,device-key-signature,
Mac,UniversalMac,14.3,ec-version,1.0
Mac,UniversalMac,14.3,supports-protobuf-payload-data-v2,
Mac,UniversalMac,14.3,supports-heif,True
Mac,UniversalMac,14.3,supports-hdr,True
Mac,UniversalMac,14.3,prefers-sdr,
Mac,UniversalMac,14.3,supports-modern-gft,
Mac,UniversalMac,14.3,supports-co,
Mac,UniversalMac,14.3,is-green-tea,
Mac,UniversalMac,14.3,supports-sa-v1,
Mac,UniversalMac,14.3,supports-dq-nr,
Mac,UniversalMac,14.3,supports-rem,
Mac,UniversalMac,14.3,supports-shared-exp,
Mac,UniversalMac,14.3,supports-st-er,
Mac,UniversalMac,14.3,supports-family-invite-message-bubble,
Mac,UniversalMac,14.3,supports-maps-protocol-v5,
Mac,UniversalMac,14.3,supports-hi-res-vid,
Mac,UniversalMac,14.3,supports-mirage,
Mac,UniversalMac,14.3,supports-emoji-stickers,
Mac,UniversalMac,14.3,supports-sticker-editing,
Mac,UniversalMac,14.3,supports-key-sharing,
Mac,UniversalMac,14.3,supports-harmony,False
Mac,UniversalMac,14.3,supports-fmd-v2,
Mac,UniversalMac,14.3,supports-fm-fence-v1,
Mac,UniversalMac,14.3,supports-secure-loc-v1,
Mac,UniversalMac,14.3,supports-zelkova,False
Mac,UniversalMac,14.3,supports-people-ranging-v1,
Mac,UniversalMac,14.3,supports-beacon-sharing-v3,
Mac,UniversalMac,14.3,supports-uwb,False
Mac,UniversalMac,14.3,supports-gft-errors,
Mac,UniversalMac,14.3,supports-gft-calls,
Mac,UniversalMac,14.3,supports-hk-resident,
Mac,UniversalMac,14.3,supports-maps-routing-path-leg,
Mac,UniversalMac,14.3,supports-beacon-sharing-v2,
Mac,UniversalMac,14.3,is-web-client,
Mac,UniversalMac,14.3,supports-beneficiary-invites,
Mac,UniversalMac,14.3,supports-people-request-messages,
Mac,UniversalMac,14.3,supports-avless,
Mac,UniversalMac,14.3,supports-maps-waypoint-route-sharing,
Mac,UniversalMac,14.3,supports-cross-platform-sharing,
Mac,UniversalMac,14.3,supports-self-one-to-one-invites,
Mac,UniversalMac,14.3,supports-people-request-messages-v2,
Mac,UniversalMac,14.3,supports-askto,
Mac,UniversalMac,14.3,supports-hybrid-groups-v1,
Mac,UniversalMac,14.3,supports-findmy-plugin-messages,
Mac,UniversalMac,14.3,supports-sos-alerting,
Mac,UniversalMac,14.3,supports-people-request-messages-v3,
Mac,UniversalMac,14.3,supports-recurring-payment-bubbles,
Mac,UniversalMac,14.3,supports-gft-relay,
iPhone,"iPhone10,3",13.0,show-peer-errors,
iPhone,"iPhone10,6",13.0,show-peer-errors,
iPhone,"iPhone10,3",13.0,is-c2k-equipment,
iPhone,"iPhone10,6",13.0,is-c2k-equipment,
iPhone,"iPhone10,3",13.0,supports-inline-attachments,
iPhone,"iPhone10,6",13.0,supports-inline-attachments,
iPhone,"iPhone10,3",13.0,supports-keep-receipts,
iPhone,"iPhone10,6",13.0,supports-keep-receipts,
iPhone,"iPhone10,3",13.0,supports-location-sharing,
iPhone,"iPhone10,6",13.0,supports-location-sharing,
iPhone,"iPhone10,3",13.0,supports-media-v2,
iPhone,"iPhone10,6",13.0,supports-media-v2,
iPhone,"iPhone10,3",13.0,supports-st-v1,
iPhone,"iPhone10,6",13.0,supports-st-v1,
iPhone,"iPhone10,3",13.0,supports-ca-v1,
iPhone,"iPhone10,6",13.0,supports-ca-v1,
iPhone,"iPhone10,3",13.0,supports-be-v1,
iPhone,"iPhone10,6",13.0,supports-be-v1,
iPhone,"iPhone10,3",13.0,supports-ack-v1,
iPhone,"iPhone10,6",13.0,supports-ack-v1,
iPhone,"iPhone10,3",13.0,supports-fsm-v1,
iPhone,"iPhone10,6",13.0,supports-fsm-v1,
iPhone,"iPhone10,3",13.0,supports-fsm-v2,
iPhone,"iPhone10,6",13.0,supports-fsm-v2,
iPhone,"iPhone10,3",13.0,supports-fsm-v3,
iPhone,"iPhone10,6",13.0,supports-fsm-v3,
iPhone,"iPhone10,3",13.0,supports-ii-v1,
iPhone,"iPhone10,6",13.0,supports-ii-v1,
iPhone,"iPhone10,3",13.0,supports-impact-v1,
iPhone,"iPhone10,6",13.0,supports-impact-v1,
iPhone,"iPhone10,3",13.0,supports-update-attachments-v1,
iPhone,"iPhone10,6",13.0,supports-update-attachments-v1,
iPhone,"iPhone10,3",13.0,supports-autoloopvideo-v1,
iPhone,"iPhone10,6",13.0,supports-autoloopvideo-v1,
iPhone,"iPhone10,3",13.0,supports-photos-extension-v1,
iPhone,"iPhone10,6",13.0,supports-photos-extension-v1,
iPhone,"iPhone10,3",13.0,supports-screen-time-v2,
iPhone,"iPhone10,6",13.0,supports-screen-time-v2,
iPhone,"iPhone10,3",13.0,supports-live-delivery,
iPhone,"iPhone10,6",13.0,supports-live-delivery,
iPhone,"iPhone10,3",13.0,supports-audio-messaging-v2,
iPhone,"iPhone10,6",13.0,supports-audio-messaging-v2,
iPhone,"iPhone10,3",13.0,supports-animoji-v2,
iPhone,"iPhone10,6",13.0,supports-animoji-v2,
iPhone,"iPhone10,3",13.0,supports-certified-delivery-v1,
iPhone,"iPhone10,6",13.0,supports-certified-delivery-v1,
iPhone,"iPhone10,3",13.0,supports-original-timestamp-v1,
iPhone,"iPhone10,6",13.0,supports-original-timestamp-v1,
iPhone,"iPhone10,3",13.0,supports-incoming-fmd-v1,
iPhone,"iPhone10,6",13.0,supports-incoming-fmd-v1,
iPhone,"iPhone10,3",13.0,optionally-receive-typing-indicators,
iPhone,"iPhone10,6",13.0,optionally-receive-typing-indicators,
iPhone,"iPhone10,3",13.0,nicknames-version,
iPhone,"iPhone10,6",13.0,nicknames-version,
iPhone,"iPhone10,3",13.0,kt-version,
iPhone,"iPhone10,6",13.0,kt-version,
iPhone,"iPhone10,3",13.0,ec-version,
iPhone,"iPhone10,6",13.0,ec-version,
iPhone,"iPhone10,3",13.0,supports-activity-sharing-v1,True
iPhone,"iPhone10,6",13.0,supports-activity-sharing-v1,True
iPhone,"iPhone14,4",16.2,show-peer-errors,
iPhone,"iPhone14,4",16.2,is-c2k-equipment,
iPhone,"iPhone14,4",16.2,supports-inline-attachments,
iPhone,"iPhone14,4",16.2,supports-keep-receipts,
iPhone,"iPhone14,4",16.2,supports-location-sharing,
iPhone,"iPhone14,4",16.2,supports-media-v2,
iPhone,"iPhone14,4",16.2,supports-st-v1,
iPhone,"iPhone14,4",16.2,supports-ca-v1,
iPhone,"iPhone14,4",16.2,supports-be-v1,
iPhone,"iPhone14,4",16.2,supports-ack-v1,
iPhone,"iPhone14,4",16.2,supports-fsm-v1,
iPhone,"iPhone14,4",16.2,supports-fsm-v2,
iPhone,"iPhone14,4",16.2,supports-fsm-v3,
iPhone,"iPhone14,4",16.2,supports-ii-v1,
iPhone,"iPhone14,4",16.2,supports-impact-v1,
iPhone,"iPhone14,4",16.2,supports-update-attachments-v1,
iPhone,"iPhone14,4",16.2,supports-autoloopvideo-v1,
iPhone,"iPhone14,4",16.2,supports-photos-extension-v1,
iPhone,"iPhone14,4",16.2,supports-photos-extension-v2,
iPhone,"iPhone14,4",16.2,supports-screen-time-v2,
iPhone,"iPhone14,4",16.2,supports-live-delivery,
iPhone,"iPhone14,4",16.2,supports-audio-messaging-v2,
iPhone,"iPhone14,4",16.2,supports-animoji-v2,
iPhone,"iPhone14,4",16.2,supports-certified-delivery-v1,
iPhone,"iPhone14,4",16.2,supports-original-timestamp-v1,
iPhone,"iPhone14,4",16.2,supports-incoming-fmd-v1,
iPhone,"iPhone14,4",16.2,optionally-receive-typing-indicators,
iPhone,"iPhone14,4",16.2,nicknames-version,
iPhone,"iPhone14,4",16.2,kt-version,5.0
iPhone,"iPhone14,4",16.2,device-key-signature,
iPhone,"iPhone14,4",16.2,ec-version,1.0
iPhone,"iPhone14,4",16.2,supports-protobuf-payload-data-v2,
iPhone,"iPhone14,4",16.2,supports-heif,True
iPhone,"iPhone14,4",16.2,supports-hdr,
iPhone,"iPhone14,4",16.2,prefers-sdr,
iPhone,"iPhone14,4",16.2,supports-modern-gft,
iPhone,"iPhone14,4",16.2,supports-co,
iPhone,"iPhone14,4",16.2,is-green-tea,
iPhone,"iPhone14,4",16.2,supports-sa-v1,
iPhone,"iPhone14,4",16.2,supports-dq-nr,
iPhone,"iPhone14,4",16.2,supports-rem,
iPhone,"iPhone14,4",16.2,supports-shared-exp,
iPhone,"iPhone14,4",16.2,supports-st-er,
iPhone,"iPhone14,4",16.2,supports-family-invite-message-bubble,
iPhone,"iPhone14,4",16.2,supports-maps-protocol-v5,
iPhone,"iPhone14,4",16.2,supports-mirage,
iPhone,"iPhone14,4",16.2,supports-key-sharing,
iPhone,"iPhone14,4",16.2,supports-harmony,
iPhone,"iPhone14,4",16.2,supports-activity-sharing-v1,True
iPhone,"iPhone14,4",16.2,supports-manatee-for-apple-cash,
iPhone,"iPhone14,4",16.2,supports-region-for-apple-cash,
iPhone,"iPhone14,4",16.2,supports-fmd-v2,
iPhone,"iPhone14,4",16.2,supports-fm-fence-v1,True
iPhone,"iPhone14,4",16.2,supports-secure-loc-v1,
iPhone,"iPhone14,4",16.2,supports-uwb,True
iPhone,"iPhone14,4",16.2,supports-gft-errors,
iPhone,"iPhone14,4",16.2,supports-gft-calls,
iPhone,"iPhone14,4",16.2,supports-hk-resident,
iPhone,"iPhone14,4",16.2,supports-maps-routing-path-leg,
iPhone,"iPhone14,4",16.2,supports-beacon-sharing-v2,
iPhone,"iPhone14,4",16.2,is-web-client,
iPhone,"iPhone14,4",16.2,supports-beneficiary-invites,
iPhone,"iPhone14,4",16.2,supports-people-request-messages,
iPhone,"iPhone14,4",16.2,supports-avless,
iPhone,"iPhone14,4",16.2,supports-maps-waypoint-route-sharing,
iPhone,"iPhone14,4",16.2,supports-cross-platform-sharing,
iPhone,"iPhone14,4",16.2,supports-self-one-to-one-invites,
iPhone,"iPhone14,4",16.2,supports-people-request-messages-v2,
iPhone,"iPhone14,4",15.4,show-peer-errors,
iPhone,"iPhone14,4",15.4,is-c2k-equipment,
iPhone,"iPhone14,4",15.4,supports-inline-attachments,
iPhone,"iPhone14,4",15.4,supports-keep-receipts,
iPhone,"iPhone14,4",15.4,supports-location-sharing,
iPhone,"iPhone14,4",15.4,supports-media-v2,
iPhone,"iPhone14,4",15.4,supports-st-v1,
iPhone,"iPhone14,4",15.4,supports-ca-v1,
iPhone,"iPhone14,4",15.4,supports-be-v1,
iPhone,"iPhone14,4",15.4,supports-ack-v1,
iPhone,"iPhone14,4",15.4,supports-fsm-v1,
iPhone,"iPhone14,4",15.4,supports-fsm-v2,
iPhone,"iPhone14,4",15.4,supports-fsm-v3,
iPhone,"iPhone14,4",15.4,supports-ii-v1,
iPhone,"iPhone14,4",15.4,supports-impact-v1,
iPhone,"iPhone14,4",15.4,supports-update-attachments-v1,
iPhone,"iPhone14,4",15.4,supports-autoloopvideo-v1,
iPhone,"iPhone14,4",15.4,supports-photos-extension-v1,
iPhone,"iPhone14,4",15.4,supports-photos-extension-v2,
iPhone,"iPhone14,4",15.4,supports-screen-time-v2,
iPhone,"iPhone14,4",15.4,supports-live-delivery,
iPhone,"iPhone14,4",15.4,supports-audio-messaging-v2,
iPhone,"iPhone14,4",15.4,supports-animoji-v2,
iPhone,"iPhone14,4",15.4,supports-certified-delivery-v1,
iPhone,"iPhone14,4",15.4,supports-original-timestamp-v1,
iPhone,"iPhone14,4",15.4,supports-incoming-fmd-v1,
iPhone,"iPhone14,4",15.4,optionally-receive-typing-indicators,
iPhone,"iPhone14,4",15.4,nicknames-version,
iPhone,"iPhone14,4",15.4,kt-version,4.0
iPhone,"iPhone14,4",15.4,device-key-signature,
iPhone,"iPhone14,4",15.4,ec-version,1.0
iPhone,"iPhone14,4",15.4,supports-protobuf-payload-data-v2,
iPhone,"iPhone14,4",15.4,supports-heif,True
iPhone,"iPhone14,4",15.4,supports-hdr,
iPhone,"iPhone14,4",15.4,prefers-sdr,
iPhone,"iPhone14,4",15.4,supports-modern-gft,
iPhone,"iPhone14,4",15.4,supports-co,
iPhone,"iPhone14,4",15.4,is-green-tea,
iPhone,"iPhone14,4",15.4,supports-sa-v1,
iPhone,"iPhone14,4",15.4,supports-dq-nr,
iPhone,"iPhone14,4",15.4,supports-st-er,
iPhone,"iPhone14,4",15.4,supports-key-sharing,
iPhone,"iPhone14,4",15.4,supports-harmony,
iPhone,"iPhone14,4",15.4,supports-activity-sharing-v1,True
iPhone,"iPhone14,4",15.4,supports-manatee-for-apple-cash,
iPhone,"iPhone14,4",15.4,supports-region-for-apple-cash,
iPhone,"iPhone14,4",15.4,supports-fmd-v2,
iPhone,"iPhone14,4",15.4,supports-fm-fence-v1,True
iPhone,"iPhone14,4",15.4,supports-secure-loc-v1,
iPhone,"iPhone14,4",15.4,supports-uwb,True
iPhone,"iPhone14,4",15.4,supports-gft-errors,
iPhone,"iPhone14,4",15.4,supports-gft-calls,
iPhone,"iPhone14,4",15.4,supports-hk-resident,
iPhone,"iPhone14,4",15.4,supports-maps-routing-path-leg,
iPhone,"iPhone14,4",15.4,supports-beacon-sharing-v2,
iPhone,"iPhone14,4",15.4,is-web-client,
iPhone,"iPhone14,4",15.4,supports-beneficiary-invites,
VisionPro,Apple_Vision_Pro,1.0.2,show-peer-errors,
VisionPro,Apple_Vision_Pro,1.0.2,is-c2k-equipment,
VisionPro,Apple_Vision_Pro,1.0.2,supports-inline-attachments,
VisionPro,Apple_Vision_Pro,1.0.2,supports-keep-receipts,
VisionPro,Apple_Vision_Pro,1.0.2,supports-location-sharing,
VisionPro,Apple_Vision_Pro,1.0.2,supports-media-v2,
VisionPro,Apple_Vision_Pro,1.0.2,supports-st-v1,
VisionPro,Apple_Vision_Pro,1.0.2,supports-ca-v1,
VisionPro,Apple_Vision_Pro,1.0.2,supports-be-v1,
VisionPro,Apple_Vision_Pro,1.0.2,supports-ack-v1,
VisionPro,Apple_Vision_Pro,1.0.2,supports-fsm-v1,
VisionPro,Apple_Vision_Pro,1.0.2,supports-fsm-v2,
VisionPro,Apple_Vision_Pro,1.0.2,supports-fsm-v3,
VisionPro,Apple_Vision_Pro,1.0.2,supports-ii-v1,
VisionPro,Apple_Vision_Pro,1.0.2,supports-impact-v1,
VisionPro,Apple_Vision_Pro,1.0.2,supports-update-attachments-v1,
VisionPro,Apple_Vision_Pro,1.0.2,supports-autoloopvideo-v1,
VisionPro,Apple_Vision_Pro,1.0.2,supports-photos-extension-v1,
VisionPro,Apple_Vision_Pro,1.0.2,supports-photos-extension-v2,
VisionPro,Apple_Vision_Pro,1.0.2,supports-screen-time-v2,
VisionPro,Apple_Vision_Pro,1.0.2,supports-live-delivery,
VisionPro,Apple_Vision_Pro,1.0.2,supports-audio-messaging-v2,
VisionPro,Apple_Vision_Pro,1.0.2,supports-animoji-v2,
VisionPro,Apple_Vision_Pro,1.0.2,supports-certified-delivery-v1,
VisionPro,Apple_Vision_Pro,1.0.2,supports-original-timestamp-v1,
VisionPro,Apple_Vision_Pro,1.0.2,supports-incoming-fmd-v1,
VisionPro,Apple_Vision_Pro,1.0.2,optionally-receive-typing-indicators,
VisionPro,Apple_Vision_Pro,1.0.2,nicknames-version,
VisionPro,Apple_Vision_Pro,1.0.2,kt-version,5.0
VisionPro,Apple_Vision_Pro,1.0.2,device-key-signature,
VisionPro,Apple_Vision_Pro,1.0.2,ec-version,1.0
VisionPro,Apple_Vision_Pro,1.0.2,supports-protobuf-payload-data-v2,
VisionPro,Apple_Vision_Pro,1.0.2,supports-heif,True
VisionPro,Apple_Vision_Pro,1.0.2,supports-hdr,
VisionPro,Apple_Vision_Pro,1.0.2,prefers-sdr,
VisionPro,Apple_Vision_Pro,1.0.2,supports-modern-gft,
VisionPro,Apple_Vision_Pro,1.0.2,supports-co,
VisionPro,Apple_Vision_Pro,1.0.2,is-green-tea,
VisionPro,Apple_Vision_Pro,1.0.2,supports-sa-v1,
VisionPro,Apple_Vision_Pro,1.0.2,supports-dq-nr,
VisionPro,Apple_Vision_Pro,1.0.2,supports-rem,
VisionPro,Apple_Vision_Pro,1.0.2,supports-shared-exp,
VisionPro,Apple_Vision_Pro,1.0.2,supports-st-er,
VisionPro,Apple_Vision_Pro,1.0.2,supports-family-invite-message-bubble,
VisionPro,Apple_Vision_Pro,1.0.2,supports-maps-protocol-v5,
VisionPro,Apple_Vision_Pro,1.0.2,supports-hi-res-vid,
VisionPro,Apple_Vision_Pro,1.0.2,supports-mirage,
VisionPro,Apple_Vision_Pro,1.0.2,supports-emoji-stickers,
VisionPro,Apple_Vision_Pro,1.0.2,supports-sticker-editing,
VisionPro,Apple_Vision_Pro,1.0.2,supports-key-sharing,
VisionPro,Apple_Vision_Pro,1.0.2,supports-harmony,
VisionPro,Apple_Vision_Pro,1.0.2,supports-activity-sharing-v1,
VisionPro,Apple_Vision_Pro,1.0.2,supports-manatee-for-apple-cash,
VisionPro,Apple_Vision_Pro,1.0.2,supports-region-for-apple-cash,
VisionPro,Apple_Vision_Pro,1.0.2,supports-fmd-v2,
VisionPro,Apple_Vision_Pro,1.0.2,supports-fm-fence-v1,
VisionPro,Apple_Vision_Pro,1.0.2,supports-secure-loc-v1,
VisionPro,Apple_Vision_Pro,1.0.2,supports-zelkova,False
VisionPro,Apple_Vision_Pro,1.0.2,supports-people-ranging-v1,
VisionPro,Apple_Vision_Pro,1.0.2,supports-beacon-sharing-v3,
VisionPro,Apple_Vision_Pro,1.0.2,supports-uwb,False
VisionPro,Apple_Vision_Pro,1.0.2,supports-gft-errors,
VisionPro,Apple_Vision_Pro,1.0.2,supports-gft-calls,
VisionPro,Apple_Vision_Pro,1.0.2,supports-hk-resident,
VisionPro,Apple_Vision_Pro,1.0.2,supports-maps-routing-path-leg,
VisionPro,Apple_Vision_Pro,1.0.2,supports-beacon-sharing-v2,
VisionPro,Apple_Vision_Pro,1.0.2,is-web-client,
VisionPro,Apple_Vision_Pro,1.0.2,supports-beneficiary-invites,
VisionPro,Apple_Vision_Pro,1.0.2,supports-people-request-messages,
VisionPro,Apple_Vision_Pro,1.0.2,supports-avless,
VisionPro,Apple_Vision_Pro,1.0.2,supports-maps-waypoint-route-sharing,
VisionPro,Apple_Vision_Pro,1.0.2,supports-cross-platform-sharing,
VisionPro,Apple_Vision_Pro,1.0.2,supports-self-one-to-one-invites,
VisionPro,Apple_Vision_Pro,1.0.2,supports-people-request-messages-v2,
VisionPro,Apple_Vision_Pro,1.0.2,supports-askto,
VisionPro,Apple_Vision_Pro,1.0.2,supports-hybrid-groups-v1,
VisionPro,Apple_Vision_Pro,1.0.2,supports-findmy-plugin-messages,
VisionPro,Apple_Vision_Pro,1.0.2,supports-sos-alerting,
VisionPro,Apple_Vision_Pro,1.0.2,supports-people-request-messages-v3,
VisionPro,Apple_Vision_Pro,1.0.2,supports-recurring-payment-bubbles,
VisionPro,Apple_Vision_Pro,1.0.2,supports-gft-relay,
iPhone,"iPhone17,3",26.3,show-peer-errors,
iPhone,"iPhone17,3",26.3,is-c2k-equipment,
iPhone,"iPhone17,3",26.3,supports-inline-attachments,
iPhone,"iPhone17,3",26.3,supports-keep-receipts,
iPhone,"iPhone17,3",26.3,supports-location-sharing,
iPhone,"iPhone17,3",26.3,supports-media-v2,
iPhone,"iPhone17,3",26.3,supports-st-v1,
iPhone,"iPhone17,3",26.3,supports-ca-v1,
iPhone,"iPhone17,3",26.3,supports-be-v1,
iPhone,"iPhone17,3",26.3,supports-ack-v1,
iPhone,"iPhone17,3",26.3,supports-fsm-v1,
iPhone,"iPhone17,3",26.3,supports-fsm-v2,
iPhone,"iPhone17,3",26.3,supports-fsm-v3,
iPhone,"iPhone17,3",26.3,supports-ii-v1,
iPhone,"iPhone17,3",26.3,supports-impact-v1,
iPhone,"iPhone17,3",26.3,supports-update-attachments-v1,
iPhone,"iPhone17,3",26.3,supports-autoloopvideo-v1,
iPhone,"iPhone17,3",26.3,supports-photos-extension-v1,
iPhone,"iPhone17,3",26.3,supports-photos-extension-v2,
iPhone,"iPhone17,3",26.3,supports-screen-time-v2,
iPhone,"iPhone17,3",26.3,supports-live-delivery,
iPhone,"iPhone17,3",26.3,supports-audio-messaging-v2,
iPhone,"iPhone17,3",26.3,supports-animoji-v2,
iPhone,"iPhone17,3",26.3,supports-certified-delivery-v1,
iPhone,"iPhone17,3",26.3,supports-original-timestamp-v1,
iPhone,"iPhone17,3",26.3,supports-incoming-fmd-v1,
iPhone,"iPhone17,3",26.3,optionally-receive-typing-indicators,
iPhone,"iPhone17,3",26.3,nicknames-version,
iPhone,"iPhone17,3",26.3,kt-version,5.0
iPhone,"iPhone17,3",26.3,device-key-signature,
iPhone,"iPhone17,3",26.3,ec-version,1.0
iPhone,"iPhone17,3",26.3,supports-protobuf-payload-data-v2,
iPhone,"iPhone17,3",26.3,supports-heif,True
iPhone,"iPhone17,3",26.3,supports-hdr,
iPhone,"iPhone17,3",26.3,prefers-sdr,
iPhone,"iPhone17,3",26.3,supports-qta,
iPhone,"iPhone17,3",26.3,supports-modern-gft,
iPhone,"iPhone17,3",26.3,supports-co,
iPhone,"iPhone17,3",26.3,is-green-tea,
iPhone,"iPhone17,3",26.3,supports-sa-v1,
iPhone,"iPhone17,3",26.3,supports-dq-nr,
iPhone,"iPhone17,3",26.3,supports-rem,
iPhone,"iPhone17,3",26.3,supports-shared-exp,
iPhone,"iPhone17,3",26.3,supports-st-er,
iPhone,"iPhone17,3",26.3,supports-family-invite-message-bubble,
iPhone,"iPhone17,3",26.3,supports-maps-protocol-v5,
iPhone,"iPhone17,3",26.3,supports-hi-res-vid,
iPhone,"iPhone17,3",26.3,supports-live-translation,
iPhone,"iPhone17,3",26.3,supports-mirage,
iPhone,"iPhone17,3",26.3,supports-nearby-facetime,
iPhone,"iPhone17,3",26.3,supports-emoji-stickers,
iPhone,"iPhone17,3",26.3,supports-sticker-editing,
iPhone,"iPhone17,3",26.3,supports-transcript-backgrounds,
iPhone,"iPhone17,3",26.3,supports-polls,
iPhone,"iPhone17,3",26.3,supports-lqm-hq,
iPhone,"iPhone17,3",26.3,supports-group-apple-cash,
iPhone,"iPhone17,3",26.3,supports-ckv-enforcement,
iPhone,"iPhone17,3",26.3,supports-gti,
iPhone,"iPhone17,3",26.3,supports-aot,
iPhone,"iPhone17,3",26.3,supports-key-sharing,
iPhone,"iPhone17,3",26.3,supports-harmony,
iPhone,"iPhone17,3",26.3,supports-activity-sharing-v1,True
iPhone,"iPhone17,3",26.3,supports-manatee-for-apple-cash,
iPhone,"iPhone17,3",26.3,supports-region-for-apple-cash,
iPhone,"iPhone17,3",26.3,supports-fmd-v2,True
iPhone,"iPhone17,3",26.3,supports-fm-fence-v1,True
iPhone,"iPhone17,3",26.3,supports-secure-loc-v1,
iPhone,"iPhone17,3",26.3,supports-zelkova,True
iPhone,"iPhone17,3",26.3,supports-people-ranging-v1,
iPhone,"iPhone17,3",26.3,supports-beacon-sharing-v3,
iPhone,"iPhone17,3",26.3,supports-manatee-activity-sharing,
iPhone,"iPhone17,3",26.3,supports-queue-one-read-receipts-v3,
iPhone,"iPhone17,3",26.3,supports-uwb,True
iPhone,"iPhone17,3",26.3,supports-gft-errors,
iPhone,"iPhone17,3",26.3,supports-gft-calls,
iPhone,"iPhone17,3",26.3,supports-hk-resident,
iPhone,"iPhone17,3",26.3,supports-maps-routing-path-leg,
iPhone,"iPhone17,3",26.3,supports-maps-wgs84-elevation-model,
iPhone,"iPhone17,3",26.3,supports-beacon-sharing-v2,
iPhone,"iPhone17,3",26.3,is-web-client,
iPhone,"iPhone17,3",26.3,supports-beneficiary-invites,
iPhone,"iPhone17,3",26.3,supports-people-request-messages,
iPhone,"iPhone17,3",26.3,supports-avless,
iPhone,"iPhone17,3",26.3,supports-maps-waypoint-route-sharing,
iPhone,"iPhone17,3",26.3,supports-cross-platform-sharing,
iPhone,"iPhone17,3",26.3,supports-self-one-to-one-invites,
iPhone,"iPhone17,3",26.3,supports-people-request-messages-v2,
iPhone,"iPhone17,3",26.3,supports-askto,
iPhone,"iPhone17,3",26.3,supports-askto-v2,
iPhone,"iPhone17,3",26.3,supports-askto-responseUI,
iPhone,"iPhone17,3",26.3,supports-significant-app-update,
iPhone,"iPhone17,3",26.3,supports-hybrid-groups-v1,
iPhone,"iPhone17,3",26.3,supports-findmy-plugin-messages,
iPhone,"iPhone17,3",26.3,supports-sos-alerting,True
iPhone,"iPhone17,3",26.3,supports-people-request-messages-v3,
iPhone,"iPhone17,3",26.3,supports-recurring-payment-bubbles,
iPhone,"iPhone17,3",26.3,supports-gft-relay,
iPhone,"iPhone17,3",26.3,supports-group-photo-refresh-version,
iPhone,"iPhone17,3",26.3,supports-ssrc,
iPhone,"iPhone17,3",26.3,supports-emoji-tapbacks,
iPhone,"iPhone17,3",26.3,supports-send-later-messages,
iPhone,"iPhone17,3",26.3,supports-restricted-guest,
iPhone,"iPhone17,3",26.3,supports-adaptive-temperature-automations,
iPhone,"iPhone17,3",26.3,supports-emoji-images,
iPhone,"iPhone17,3",26.3,supports-stick-moji-backs,
iPhone,"iPhone17,3",26.3,supports-high-quality-photo-file-sizes,
iPhone,"iPhone17,3",26.3,supports-stewie,True
iPhone,"iPhone17,3",26.3,sender-key-message-version,
iPhone,"iPhone17,3",26.3,supports-remote-atv-signin,
iPhone,"iPhone17,3",26.3,supports-sender-key-v1,
iPhone,"iPhone17,3",26.3,supports-uriless-membership-updates,
iPhone,"iPhone17,3",26.3,supports-sender-key-self-check,
iPhone,"iPhone17,3",26.3,supports-recovery-contact-upsell,
iPhone,"iPhone17,3",26.3,supports-user-driven-call-activation,
iPhone,"iPhone17,3",26.3,supports-legacy-contact-invites-v1,
iPhone,"iPhone17,3",26.3,supports-legacy-contact-invites-v2,
iPhone,"iPhone17,3",26.3,supports-legacy-contact-invites-v3,
iPhone,"iPhone17,3",26.3,supports-calls-25,
iPhone,"iPhone17,3",26.3,supports-introductions-v1,
iPhone,"iPhone17,3",26.3,supports-rbm-chatbot,
Mac,UniversalMac,15.1,show-peer-errors,
Mac,UniversalMac,15.1,is-c2k-equipment,False
Mac,UniversalMac,15.1,supports-inline-attachments,
Mac,UniversalMac,15.1,supports-keep-receipts,
Mac,UniversalMac,15.1,supports-location-sharing,
Mac,UniversalMac,15.1,supports-media-v2,
Mac,UniversalMac,15.1,supports-st-v1,
Mac,UniversalMac,15.1,supports-ca-v1,
Mac,UniversalMac,15.1,supports-be-v1,
Mac,UniversalMac,15.1,supports-ack-v1,
Mac,UniversalMac,15.1,supports-fsm-v1,
Mac,UniversalMac,15.1,supports-fsm-v2,
Mac,UniversalMac,15.1,supports-fsm-v3,
Mac,UniversalMac,15.1,supports-ii-v1,
Mac,UniversalMac,15.1,supports-impact-v1,
Mac,UniversalMac,15.1,supports-update-attachments-v1,
Mac,UniversalMac,15.1,supports-autoloopvideo-v1,
Mac,UniversalMac,15.1,supports-photos-extension-v1,
Mac,UniversalMac,15.1,supports-photos-extension-v2,
Mac,UniversalMac,15.1,supports-screen-time-v2,
Mac,UniversalMac,15.1,supports-live-delivery,
Mac,UniversalMac,15.1,supports-audio-messaging-v2,
Mac,UniversalMac,15.1,supports-animoji-v2,True
Mac,UniversalMac,15.1,supports-certified-delivery-v1,
Mac,UniversalMac,15.1,supports-original-timestamp-v1,
Mac,UniversalMac,15.1,supports-incoming-fmd-v1,
Mac,UniversalMac,15.1,optionally-receive-typing-indicators,
Mac,UniversalMac,15.1,nicknames-version,
Mac,UniversalMac,15.1,kt-version,5.0
Mac,UniversalMac,15.1,device-key-signature,
Mac,UniversalMac,15.1,ec-version,1.0
Mac,UniversalMac,15.1,supports-protobuf-payload-data-v2,
Mac,UniversalMac,15.1,supports-heif,True
Mac,UniversalMac,15.1,supports-hdr,True
Mac,UniversalMac,15.1,prefers-sdr,
Mac,UniversalMac,15.1,supports-modern-gft,
Mac,UniversalMac,15.1,supports-co,
Mac,UniversalMac,15.1,is-green-tea,
Mac,UniversalMac,15.1,supports-sa-v1,
Mac,UniversalMac,15.1,supports-dq-nr,
Mac,UniversalMac,15.1,supports-rem,
Mac,UniversalMac,15.1,supports-shared-exp,
Mac,UniversalMac,15.1,supports-st-er,
Mac,UniversalMac,15.1,supports-family-invite-message-bubble,
Mac,UniversalMac,15.1,supports-maps-protocol-v5,
Mac,UniversalMac,15.1,supports-hi-res-vid,
Mac,UniversalMac,15.1,supports-mirage,
Mac,UniversalMac,15.1,supports-emoji-stickers,
Mac,UniversalMac,15.1,supports-sticker-editing,
Mac,UniversalMac,15.1,supports-key-sharing,
Mac,UniversalMac,15.1,supports-harmony,False
Mac,UniversalMac,15.1,supports-fmd-v2,
Mac,UniversalMac,15.1,supports-fm-fence-v1,
Mac,UniversalMac,15.1,supports-secure-loc-v1,
Mac,UniversalMac,15.1,supports-zelkova,True
Mac,UniversalMac,15.1,supports-people-ranging-v1,
Mac,UniversalMac,15.1,supports-beacon-sharing-v3,
Mac,UniversalMac,15.1,supports-manatee-activity-sharing,
Mac,UniversalMac,15.1,supports-uwb,False
Mac,UniversalMac,15.1,supports-gft-errors,
Mac,UniversalMac,15.1,supports-gft-calls,
Mac,UniversalMac,15.1,supports-hk-resident,
Mac,UniversalMac,15.1,supports-maps-routing-path-leg,
Mac,UniversalMac,15.1,supports-beacon-sharing-v2,
Mac,UniversalMac,15.1,is-web-client,
Mac,UniversalMac,15.1,supports-beneficiary-invites,
Mac,UniversalMac,15.1,supports-people-request-messages,
Mac,UniversalMac,15.1,supports-avless,
Mac,UniversalMac,15.1,supports-maps-waypoint-route-sharing,
Mac,UniversalMac,15.1,supports-cross-platform-sharing,
Mac,UniversalMac,15.1,supports-self-one-to-one-invites,
Mac,UniversalMac,15.1,supports-people-request-messages-v2,
Mac,UniversalMac,15.1,supports-askto,
Mac,UniversalMac,15.1,supports-hybrid-groups-v1,
Mac,UniversalMac,15.1,supports-findmy-plugin-messages,
Mac,UniversalMac,15.1,supports-sos-alerting,
Mac,UniversalMac,15.1,supports-people-request-messages-v3,
Mac,UniversalMac,15.1,supports-recurring-payment-bubbles,
Mac,UniversalMac,15.1,supports-gft-relay,
Mac,UniversalMac,15.1,supports-group-photo-refresh-version,
Mac,UniversalMac,15.1,supports-ssrc,
Mac,UniversalMac,15.1,supports-emoji-tapbacks,
Mac,UniversalMac,15.1,supports-send-later-messages,
Mac,UniversalMac,15.1,supports-restricted-guest,
Mac,UniversalMac,15.1,supports-emoji-images,
Mac,UniversalMac,15.1,supports-stick-moji-backs,
Mac,UniversalMac,15.1,supports-high-quality-photo-file-sizes,
Mac,UniversalMac,15.1,supports-stewie,False
Mac,UniversalMac,15.1,sender-key-message-version,
Mac,UniversalMac,15.1,supports-remote-atv-signin,
Mac,UniversalMac,15.1,supports-sender-key-v1,
iPhone,"iPhone18,3",26.3,show-peer-errors,
iPhone,"iPhone18,3",26.3,is-c2k-equipment,
iPhone,"iPhone18,3",26.3,supports-inline-attachments,
iPhone,"iPhone18,3",26.3,supports-keep-receipts,
iPhone,"iPhone18,3",26.3,supports-location-sharing,
iPhone,"iPhone18,3",26.3,supports-media-v2,
iPhone,"iPhone18,3",26.3,supports-st-v1,
iPhone,"iPhone18,3",26.3,supports-ca-v1,
iPhone,"iPhone18,3",26.3,supports-be-v1,
iPhone,"iPhone18,3",26.3,supports-ack-v1,
iPhone,"iPhone18,3",26.3,supports-fsm-v1,
iPhone,"iPhone18,3",26.3,supports-fsm-v2,
iPhone,"iPhone18,3",26.3,supports-fsm-v3,
iPhone,"iPhone18,3",26.3,supports-ii-v1,
iPhone,"iPhone18,3",26.3,supports-impact-v1,
iPhone,"iPhone18,3",26.3,supports-update-attachments-v1,
iPhone,"iPhone18,3",26.3,supports-autoloopvideo-v1,
iPhone,"iPhone18,3",26.3,supports-photos-extension-v1,
iPhone,"iPhone18,3",26.3,supports-photos-extension-v2,
iPhone,"iPhone18,3",26.3,supports-screen-time-v2,
iPhone,"iPhone18,3",26.3,supports-live-delivery,
iPhone,"iPhone18,3",26.3,supports-audio-messaging-v2,
iPhone,"iPhone18,3",26.3,supports-animoji-v2,
iPhone,"iPhone18,3",26.3,supports-certified-delivery-v1,
iPhone,"iPhone18,3",26.3,supports-original-timestamp-v1,
iPhone,"iPhone18,3",26.3,supports-incoming-fmd-v1,
iPhone,"iPhone18,3",26.3,optionally-receive-typing-indicators,
iPhone,"iPhone18,3",26.3,nicknames-version,
iPhone,"iPhone18,3",26.3,kt-version,5.0
iPhone,"iPhone18,3",26.3,device-key-signature,
iPhone,"iPhone18,3",26.3,ec-version,1.0
iPhone,"iPhone18,3",26.3,supports-protobuf-payload-data-v2,
iPhone,"iPhone18,3",26.3,supports-heif,True
iPhone,"iPhone18,3",26.3,supports-hdr,
iPhone,"iPhone18,3",26.3,prefers-sdr,
iPhone,"iPhone18,3",26.3,supports-qta,
iPhone,"iPhone18,3",26.3,supports-modern-gft,
iPhone,"iPhone18,3",26.3,supports-co,
iPhone,"iPhone18,3",26.3,is-green-tea,
iPhone,"iPhone18,3",26.3,supports-sa-v1,
iPhone,"iPhone18,3",26.3,supports-dq-nr,
iPhone,"iPhone18,3",26.3,supports-rem,
iPhone,"iPhone18,3",26.3,supports-shared-exp,
iPhone,"iPhone18,3",26.3,supports-st-er,
iPhone,"iPhone18,3",26.3,supports-family-invite-message-bubble,
iPhone,"iPhone18,3",26.3,supports-maps-protocol-v5,
iPhone,"iPhone18,3",26.3,supports-hi-res-vid,
iPhone,"iPhone18,3",26.3,supports-live-translation,
iPhone,"iPhone18,3",26.3,supports-mirage,
iPhone,"iPhone18,3",26.3,supports-nearby-facetime,
iPhone,"iPhone18,3",26.3,supports-emoji-stickers,
iPhone,"iPhone18,3",26.3,supports-sticker-editing,
iPhone,"iPhone18,3",26.3,supports-transcript-backgrounds,
iPhone,"iPhone18,3",26.3,supports-polls,
iPhone,"iPhone18,3",26.3,supports-lqm-hq,
iPhone,"iPhone18,3",26.3,supports-group-apple-cash,
iPhone,"iPhone18,3",26.3,supports-ckv-enforcement,
iPhone,"iPhone18,3",26.3,supports-gti,
iPhone,"iPhone18,3",26.3,supports-aot,
iPhone,"iPhone18,3",26.3,supports-key-sharing,
iPhone,"iPhone18,3",26.3,supports-harmony,
iPhone,"iPhone18,3",26.3,supports-activity-sharing-v1,True
iPhone,"iPhone18,3",26.3,supports-manatee-for-apple-cash,
iPhone,"iPhone18,3",26.3,supports-region-for-apple-cash,
iPhone,"iPhone18,3",26.3,supports-fmd-v2,True
iPhone,"iPhone18,3",26.3,supports-fm-fence-v1,True
iPhone,"iPhone18,3",26.3,supports-secure-loc-v1,
iPhone,"iPhone18,3",26.3,supports-zelkova,True
iPhone,"iPhone18,3",26.3,supports-people-ranging-v1,
iPhone,"iPhone18,3",26.3,supports-beacon-sharing-v3,
iPhone,"iPhone18,3",26.3,supports-manatee-activity-sharing,
iPhone,"iPhone18,3",26.3,supports-queue-one-read-receipts-v3,
iPhone,"iPhone18,3",26.3,supports-uwb,True
iPhone,"iPhone18,3",26.3,supports-gft-errors,
iPhone,"iPhone18,3",26.3,supports-gft-calls,
iPhone,"iPhone18,3",26.3,supports-hk-resident,
iPhone,"iPhone18,3",26.3,supports-maps-routing-path-leg,
iPhone,"iPhone18,3",26.3,supports-maps-wgs84-elevation-model,
iPhone,"iPhone18,3",26.3,supports-beacon-sharing-v2,
iPhone,"iPhone18,3",26.3,is-web-client,
iPhone,"iPhone18,3",26.3,supports-beneficiary-invites,
iPhone,"iPhone18,3",26.3,supports-people-request-messages,
iPhone,"iPhone18,3",26.3,supports-avless,
iPhone,"iPhone18,3",26.3,supports-maps-waypoint-route-sharing,
iPhone,"iPhone18,3",26.3,supports-cross-platform-sharing,
iPhone,"iPhone18,3",26.3,supports-self-one-to-one-invites,
iPhone,"iPhone18,3",26.3,supports-people-request-messages-v2,
iPhone,"iPhone18,3",26.3,supports-askto,
iPhone,"iPhone18,3",26.3,supports-askto-v2,
iPhone,"iPhone18,3",26.3,supports-askto-responseUI,
iPhone,"iPhone18,3",26.3,supports-significant-app-update,
iPhone,"iPhone18,3",26.3,supports-hybrid-groups-v1,
iPhone,"iPhone18,3",26.3,supports-findmy-plugin-messages,
iPhone,"iPhone18,3",26.3,supports-sos-alerting,True
iPhone,"iPhone18,3",26.3,supports-people-request-messages-v3,
iPhone,"iPhone18,3",26.3,supports-recurring-payment-bubbles,
iPhone,"iPhone18,3",26.3,supports-gft-relay,
iPhone,"iPhone18,3",26.3,supports-group-photo-refresh-version,
iPhone,"iPhone18,3",26.3,supports-ssrc,
iPhone,"iPhone18,3",26.3,supports-emoji-tapbacks,
iPhone,"iPhone18,3",26.3,supports-send-later-messages,
iPhone,"iPhone18,3",26.3,supports-restricted-guest,
iPhone,"iPhone18,3",26.3,supports-adaptive-temperature-automations,
iPhone,"iPhone18,3",26.3,supports-emoji-images,
iPhone,"iPhone18,3",26.3,supports-stick-moji-backs,
iPhone,"iPhone18,3",26.3,supports-high-quality-photo-file-sizes,
iPhone,"iPhone18,3",26.3,supports-stewie,True
iPhone,"iPhone18,3",26.3,sender-key-message-version,
iPhone,"iPhone18,3",26.3,supports-remote-atv-signin,
iPhone,"iPhone18,3",26.3,supports-sender-key-v1,
iPhone,"iPhone18,3",26.3,supports-uriless-membership-updates,
iPhone,"iPhone18,3",26.3,supports-sender-key-self-check,
iPhone,"iPhone18,3",26.3,supports-recovery-contact-upsell,
iPhone,"iPhone18,3",26.3,supports-user-driven-call-activation,
iPhone,"iPhone18,3",26.3,supports-legacy-contact-invites-v1,
iPhone,"iPhone18,3",26.3,supports-legacy-contact-invites-v2,
iPhone,"iPhone18,3",26.3,supports-legacy-contact-invites-v3,
iPhone,"iPhone18,3",26.3,supports-calls-25,
iPhone,"iPhone18,3",26.3,supports-introductions-v1,
iPhone,"iPhone18,3",26.3,supports-rbm-chatbot,
iPhone,"iPhone14,7",26.3,show-peer-errors,
iPhone,"iPhone14,7",26.3,is-c2k-equipment,
iPhone,"iPhone14,7",26.3,supports-inline-attachments,
iPhone,"iPhone14,7",26.3,supports-keep-receipts,
iPhone,"iPhone14,7",26.3,supports-location-sharing,
iPhone,"iPhone14,7",26.3,supports-media-v2,
iPhone,"iPhone14,7",26.3,supports-st-v1,
iPhone,"iPhone14,7",26.3,supports-ca-v1,
iPhone,"iPhone14,7",26.3,supports-be-v1,
iPhone,"iPhone14,7",26.3,supports-ack-v1,
iPhone,"iPhone14,7",26.3,supports-fsm-v1,
iPhone,"iPhone14,7",26.3,supports-fsm-v2,
iPhone,"iPhone14,7",26.3,supports-fsm-v3,
iPhone,"iPhone14,7",26.3,supports-ii-v1,
iPhone,"iPhone14,7",26.3,supports-impact-v1,
iPhone,"iPhone14,7",26.3,supports-update-attachments-v1,
iPhone,"iPhone14,7",26.3,supports-autoloopvideo-v1,
iPhone,"iPhone14,7",26.3,supports-photos-extension-v1,
iPhone,"iPhone14,7",26.3,supports-photos-extension-v2,
iPhone,"iPhone14,7",26.3,supports-screen-time-v2,
iPhone,"iPhone14,7",26.3,supports-live-delivery,
iPhone,"iPhone14,7",26.3,supports-audio-messaging-v2,
iPhone,"iPhone14,7",26.3,supports-animoji-v2,
iPhone,"iPhone14,7",26.3,supports-certified-delivery-v1,
iPhone,"iPhone14,7",26.3,supports-original-timestamp-v1,
iPhone,"iPhone14,7",26.3,supports-incoming-fmd-v1,
iPhone,"iPhone14,7",26.3,optionally-receive-typing-indicators,
iPhone,"iPhone14,7",26.3,nicknames-version,
iPhone,"iPhone14,7",26.3,kt-version,5.0
iPhone,"iPhone14,7",26.3,device-key-signature,
iPhone,"iPhone14,7",26.3,ec-version,1.0
iPhone,"iPhone14,7",26.3,supports-protobuf-payload-data-v2,
iPhone,"iPhone14,7",26.3,supports-heif,True
iPhone,"iPhone14,7",26.3,supports-hdr,
iPhone,"iPhone14,7",26.3,prefers-sdr,
iPhone,"iPhone14,7",26.3,supports-qta,
iPhone,"iPhone14,7",26.3,supports-modern-gft,
iPhone,"iPhone14,7",26.3,supports-co,
iPhone,"iPhone14,7",26.3,is-green-tea,
iPhone,"iPhone14,7",26.3,supports-sa-v1,
iPhone,"iPhone14,7",26.3,supports-dq-nr,
iPhone,"iPhone14,7",26.3,supports-rem,
iPhone,"iPhone14,7",26.3,supports-shared-exp,
iPhone,"iPhone14,7",26.3,supports-st-er,
iPhone,"iPhone14,7",26.3,supports-family-invite-message-bubble,
iPhone,"iPhone14,7",26.3,supports-maps-protocol-v5,
iPhone,"iPhone14,7",26.3,supports-hi-res-vid,
iPhone,"iPhone14,7",26.3,supports-live-translation,
iPhone,"iPhone14,7",26.3,supports-mirage,
iPhone,"iPhone14,7",26.3,supports-nearby-facetime,
iPhone,"iPhone14,7",26.3,supports-emoji-stickers,
iPhone,"iPhone14,7",26.3,supports-sticker-editing,
iPhone,"iPhone14,7",26.3,supports-transcript-backgrounds,
iPhone,"iPhone14,7",26.3,supports-polls,
iPhone,"iPhone14,7",26.3,supports-lqm-hq,
iPhone,"iPhone14,7",26.3,supports-group-apple-cash,
iPhone,"iPhone14,7",26.3,supports-ckv-enforcement,
iPhone,"iPhone14,7",26.3,supports-gti,
iPhone,"iPhone14,7",26.3,supports-aot,
iPhone,"iPhone14,7",26.3,supports-key-sharing,
iPhone,"iPhone14,7",26.3,supports-harmony,
iPhone,"iPhone14,7",26.3,supports-activity-sharing-v1,True
iPhone,"iPhone14,7",26.3,supports-manatee-for-apple-cash,
iPhone,"iPhone14,7",26.3,supports-region-for-apple-cash,
iPhone,"iPhone14,7",26.3,supports-fmd-v2,True
iPhone,"iPhone14,7",26.3,supports-fm-fence-v1,True
iPhone,"iPhone14,7",26.3,supports-secure-loc-v1,
iPhone,"iPhone14,7",26.3,supports-zelkova,True
iPhone,"iPhone14,7",26.3,supports-people-ranging-v1,
iPhone,"iPhone14,7",26.3,supports-beacon-sharing-v3,
iPhone,"iPhone14,7",26.3,supports-manatee-activity-sharing,
iPhone,"iPhone14,7",26.3,supports-queue-one-read-receipts-v3,
iPhone,"iPhone14,7",26.3,supports-uwb,True
iPhone,"iPhone14,7",26.3,supports-gft-errors,
iPhone,"iPhone14,7",26.3,supports-gft-calls,
iPhone,"iPhone14,7",26.3,supports-hk-resident,
iPhone,"iPhone14,7",26.3,supports-maps-routing-path-leg,
iPhone,"iPhone14,7",26.3,supports-maps-wgs84-elevation-model,
iPhone,"iPhone14,7",26.3,supports-beacon-sharing-v2,
iPhone,"iPhone14,7",26.3,is-web-client,
iPhone,"iPhone14,7",26.3,supports-beneficiary-invites,
iPhone,"iPhone14,7",26.3,supports-people-request-messages,
iPhone,"iPhone14,7",26.3,supports-avless,
iPhone,"iPhone14,7",26.3,supports-maps-waypoint-route-sharing,
iPhone,"iPhone14,7",26.3,supports-cross-platform-sharing,
iPhone,"iPhone14,7",26.3,supports-self-one-to-one-invites,
iPhone,"iPhone14,7",26.3,supports-people-request-messages-v2,
iPhone,"iPhone14,7",26.3,supports-askto,
iPhone,"iPhone14,7",26.3,supports-askto-v2,
iPhone,"iPhone14,7",26.3,supports-askto-responseUI,
iPhone,"iPhone14,7",26.3,supports-significant-app-update,
iPhone,"iPhone14,7",26.3,supports-hybrid-groups-v1,
iPhone,"iPhone14,7",26.3,supports-findmy-plugin-messages,
iPhone,"iPhone14,7",26.3,supports-sos-alerting,True
iPhone,"iPhone14,7",26.3,supports-people-request-messages-v3,
iPhone,"iPhone14,7",26.3,supports-recurring-payment-bubbles,
iPhone,"iPhone14,7",26.3,supports-gft-relay,
iPhone,"iPhone14,7",26.3,supports-group-photo-refresh-version,
iPhone,"iPhone14,7",26.3,supports-ssrc,
iPhone,"iPhone14,7",26.3,supports-emoji-tapbacks,
iPhone,"iPhone14,7",26.3,supports-send-later-messages,
iPhone,"iPhone14,7",26.3,supports-restricted-guest,
iPhone,"iPhone14,7",26.3,supports-adaptive-temperature-automations,
iPhone,"iPhone14,7",26.3,supports-emoji-images,
iPhone,"iPhone14,7",26.3,supports-stick-moji-backs,
iPhone,"iPhone14,7",26.3,supports-high-quality-photo-file-sizes,
iPhone,"iPhone14,7",26.3,supports-stewie,True
iPhone,"iPhone14,7",26.3,sender-key-message-version,
iPhone,"iPhone14,7",26.3,supports-remote-atv-signin,
iPhone,"iPhone14,7",26.3,supports-sender-key-v1,
iPhone,"iPhone14,7",26.3,supports-uriless-membership-updates,
iPhone,"iPhone14,7",26.3,supports-sender-key-self-check,
iPhone,"iPhone14,7",26.3,supports-recovery-contact-upsell,
iPhone,"iPhone14,7",26.3,supports-user-driven-call-activation,
iPhone,"iPhone14,7",26.3,supports-legacy-contact-invites-v1,
iPhone,"iPhone14,7",26.3,supports-legacy-contact-invites-v2,
iPhone,"iPhone14,7",26.3,supports-legacy-contact-invites-v3,
iPhone,"iPhone14,7",26.3,supports-calls-25,
iPhone,"iPhone14,7",26.3,supports-introductions-v1,
iPhone,"iPhone14,7",26.3,supports-rbm-chatbot,
